# throw_id=1,class=backhand,name=,samples=2288,sample_rate_hz=416.0,dropped=0,peak_accel_g=23.2776,peak_gyro_dps=2483.20
time_s,ax_g,ay_g,az_g,gx_dps,gy_dps,gz_dps
0.0000,0.1362,0.4153,-0.8179,-51.66,-61.25,-46.41
0.0024,0.1493,0.4309,-0.7520,-54.04,-61.67,-45.29
0.0048,0.1469,0.4504,-0.7178,-56.42,-61.95,-44.17
0.0072,0.1532,0.4787,-0.7486,-58.94,-62.72,-42.98
0.0096,0.1606,0.4997,-0.8052,-61.88,-61.25,-41.86
0.0120,0.1352,0.5109,-0.8657,-64.12,-59.22,-40.81
0.0144,0.0815,0.5061,-0.9218,-65.66,-59.36,-40.11
0.0168,0.0171,0.4802,-0.9936,-66.78,-59.85,-39.34
0.0192,-0.0517,0.4514,-1.0799,-66.99,-60.62,-38.29
0.0216,-0.1244,0.4280,-1.1810,-66.29,-61.39,-37.10
0.0240,-0.1879,0.4163,-1.2571,-65.17,-63.77,-35.77
0.0264,-0.2333,0.4094,-1.2688,-63.28,-65.31,-34.65
0.0288,-0.2747,0.3928,-1.2317,-61.25,-65.94,-33.46
0.0313,-0.3021,0.3767,-1.1590,-58.10,-66.78,-32.20
0.0337,-0.3113,0.3582,-1.0980,-55.79,-65.80,-30.80
0.0361,-0.3152,0.3323,-1.0809,-52.92,-63.56,-29.26
0.0385,-0.3216,0.3138,-1.1039,-49.14,-61.18,-28.07
0.0409,-0.3221,0.2865,-1.1507,-46.13,-59.36,-27.09
0.0433,-0.3089,0.2435,-1.1854,-42.91,-56.63,-26.25
0.0457,-0.2987,0.2006,-1.2019,-38.71,-53.27,-25.97
0.0481,-0.2806,0.1542,-1.2044,-35.70,-51.38,-26.25
0.0505,-0.2484,0.1005,-1.2029,-33.32,-48.16,-27.23
0.0529,-0.2220,0.0488,-1.2122,-30.73,-43.82,-28.56
0.0553,-0.2074,0.0098,-1.2102,-27.65,-40.39,-30.38
0.0577,-0.1884,-0.0210,-1.1897,-25.55,-37.66,-32.41
0.0601,-0.1606,-0.0415,-1.1580,-23.03,-33.95,-34.72
0.0625,-0.1410,-0.0517,-1.1024,-20.09,-29.47,-37.17
0.0649,-0.1386,-0.0532,-1.0307,-17.50,-25.41,-39.69
0.0673,-0.1425,-0.0488,-0.9799,-14.56,-22.61,-42.56
0.0697,-0.1396,-0.0410,-0.9604,-10.71,-20.65,-45.36
0.0721,-0.1430,-0.0259,-0.9618,-7.42,-17.85,-48.16
0.0745,-0.1645,-0.0127,-0.9716,-4.90,-15.40,-50.75
0.0769,-0.1810,-0.0015,-0.9589,-1.68,-14.84,-53.41
0.0793,-0.1747,0.0200,-0.9033,1.89,-14.00,-55.93
0.0817,-0.1630,0.0454,-0.8325,4.55,-11.55,-58.45
0.0841,-0.1454,0.0644,-0.7925,6.72,-11.06,-60.97
0.0865,-0.1039,0.0756,-0.7886,8.96,-10.99,-63.42
0.0889,-0.0615,0.0839,-0.8013,10.57,-9.38,-65.59
0.0913,-0.0322,0.0834,-0.7925,10.64,-8.33,-67.48
0.0938,-0.0034,0.0737,-0.7452,11.20,-8.40,-69.30
0.0962,0.0278,0.0727,-0.6764,11.97,-9.10,-71.12
0.0986,0.0512,0.0781,-0.6183,11.90,-9.24,-73.01
0.1010,0.0551,0.0820,-0.6051,11.69,-9.80,-74.76
0.1034,0.0522,0.0927,-0.6242,11.69,-12.60,-76.58
0.1058,0.0512,0.1103,-0.6427,11.06,-15.33,-78.12
0.1082,0.0425,0.1240,-0.6515,9.52,-18.41,-79.52
0.1106,0.0327,0.1274,-0.6451,8.12,-22.68,-80.85
0.1130,0.0298,0.1240,-0.6251,6.65,-27.09,-81.97
0.1154,0.0268,0.1186,-0.6032,4.41,-30.80,-82.88
0.1178,0.0176,0.1098,-0.5963,1.96,-34.51,-83.79
0.1202,0.0044,0.0971,-0.6139,-0.28,-38.36,-84.91
0.1226,-0.0088,0.0864,-0.6456,-2.52,-42.35,-86.17
0.1250,-0.0264,0.0805,-0.6793,-4.69,-45.43,-87.29
0.1274,-0.0366,0.0810,-0.6988,-6.51,-49.14,-88.34
0.1298,-0.0420,0.0805,-0.6861,-7.77,-52.57,-89.46
0.1322,-0.0595,0.0795,-0.6525,-8.54,-55.16,-90.44
0.1346,-0.0615,0.0874,-0.6285,-8.68,-58.24,-91.28
0.1370,-0.0547,0.1000,-0.6354,-8.96,-59.43,-92.05
0.1394,-0.0625,0.1113,-0.6817,-9.24,-60.41,-92.61
0.1418,-0.0693,0.1230,-0.7340,-8.89,-61.53,-93.03
0.1442,-0.0727,0.1347,-0.7662,-8.61,-61.81,-93.24
0.1466,-0.0781,0.1401,-0.7730,-8.75,-61.95,-93.31
0.1490,-0.0786,0.1337,-0.7588,-8.40,-61.60,-93.52
0.1514,-0.0752,0.1249,-0.7349,-7.21,-60.13,-93.66
0.1538,-0.0722,0.1181,-0.7208,-5.88,-59.15,-94.01
0.1563,-0.0649,0.1088,-0.7242,-4.83,-57.47,-94.29
0.1587,-0.0551,0.0986,-0.7383,-2.87,-54.95,-94.50
0.1611,-0.0464,0.0932,-0.7535,-0.56,-53.06,-95.06
0.1635,-0.0327,0.0903,-0.7569,0.84,-51.31,-95.76
0.1659,-0.0156,0.0825,-0.7540,2.17,-48.37,-96.39
0.1683,-0.0088,0.0800,-0.7398,4.27,-45.57,-97.23
0.1707,-0.0010,0.0834,-0.7144,5.81,-43.05,-98.21
0.1731,0.0122,0.0834,-0.6910,6.93,-39.97,-99.19
0.1755,0.0244,0.0786,-0.6778,8.19,-36.75,-100.17
0.1779,0.0420,0.0717,-0.6593,9.73,-33.95,-101.01
0.1803,0.0737,0.0654,-0.6349,11.06,-31.22,-101.92
0.1827,0.1767,0.0229,-0.6159,12.32,-31.15,-102.41
0.1851,0.2533,-0.0307,-0.5978,14.35,-25.97,-101.15
0.1875,0.2259,0.0000,-0.6149,18.48,-23.38,-100.38
0.1899,0.2455,0.0595,-0.5178,16.66,-23.38,-99.82
0.1923,0.2313,0.0834,-0.3821,15.68,-13.44,-100.24
0.1947,0.1444,0.1118,-0.3479,18.13,-13.58,-101.71
0.1971,0.1127,0.1405,-0.3733,20.79,-14.56,-103.88
0.1995,0.0854,0.1464,-0.4758,19.88,-10.36,-105.42
0.2019,0.0620,0.1191,-0.5622,20.93,-10.64,-107.31
0.2043,0.0820,0.1059,-0.5656,24.01,-12.25,-108.85
0.2067,0.1259,0.1069,-0.4709,24.22,-11.97,-109.90
0.2091,0.1898,0.0810,-0.3406,24.01,-8.89,-110.53
0.2115,0.2318,0.0620,-0.2284,27.30,-3.36,-110.46
0.2139,0.2625,0.0849,-0.1874,31.36,-0.28,-111.02
0.2163,0.2738,0.1210,-0.2826,33.25,6.02,-111.37
0.2188,0.2528,0.1430,-0.4870,35.49,10.08,-112.21
0.2212,0.2499,0.1547,-0.6510,38.99,13.02,-112.91
0.2236,0.2245,0.1781,-0.6944,44.59,18.97,-113.96
0.2260,0.1815,0.2015,-0.6310,49.84,21.35,-115.64
0.2284,0.1640,0.2108,-0.5158,53.83,24.22,-118.09
0.2308,0.1523,0.2079,-0.4294,56.84,31.15,-120.33
0.2332,0.1288,0.1947,-0.4236,61.88,37.24,-123.06
0.2356,0.1269,0.1918,-0.4919,66.29,37.80,-125.72
0.2380,0.1991,0.1713,-0.5231,69.37,39.34,-128.10
0.2404,0.2635,0.1386,-0.4939,74.13,47.67,-129.85
0.2428,0.2889,0.1264,-0.4182,78.82,49.42,-131.60
0.2452,0.3533,0.1176,-0.3182,81.83,50.26,-133.56
0.2476,0.4041,0.1005,-0.2806,84.56,57.05,-135.10
0.2500,0.4075,0.0859,-0.3070,87.57,60.06,-136.50
0.2524,0.4148,0.0693,-0.3382,89.18,59.85,-137.76
0.2548,0.4324,0.0410,-0.3333,90.16,60.41,-138.95
0.2572,0.4436,0.0088,-0.2708,92.05,61.74,-140.00
0.2596,0.4431,-0.0112,-0.1669,94.36,60.97,-141.75
0.2620,0.4538,-0.0244,-0.0805,95.55,59.01,-143.64
0.2644,0.4646,-0.0337,-0.0571,96.60,59.50,-145.74
0.2668,0.4529,-0.0351,-0.0961,97.02,59.92,-147.84
0.2692,0.4412,-0.0376,-0.1581,96.39,58.10,-150.01
0.2716,0.4426,-0.0478,-0.1976,95.27,56.63,-152.04
0.2740,0.4363,-0.0615,-0.1879,95.13,56.14,-154.35
0.2764,0.4128,-0.0727,-0.1435,95.20,54.81,-156.66
0.2788,0.3943,-0.0864,-0.1078,94.92,52.50,-159.18
0.2813,0.3943,-0.1020,-0.1054,94.99,51.17,-161.98
0.2837,0.4002,-0.1157,-0.1366,95.06,50.68,-164.64
0.2861,0.4094,-0.1264,-0.1776,94.78,49.35,-167.30
0.2885,0.4304,-0.1381,-0.2108,94.36,47.81,-170.03
0.2909,0.4534,-0.1513,-0.2284,94.01,47.18,-172.62
0.2933,0.4690,-0.1664,-0.2298,93.52,46.34,-175.28
0.2957,0.4817,-0.1825,-0.2264,93.10,45.29,-177.94
0.2981,0.4890,-0.1962,-0.2318,93.03,44.45,-180.81
0.3005,0.4870,-0.2006,-0.2499,93.17,43.54,-183.89
0.3029,0.4909,-0.1991,-0.2747,93.10,41.58,-186.97
0.3053,0.5002,-0.1962,-0.2982,93.17,40.18,-190.05
0.3077,0.5090,-0.1952,-0.3113,93.59,38.99,-193.06
0.3101,0.5119,-0.1952,-0.3148,94.08,38.15,-196.21
0.3125,0.5183,-0.1972,-0.3079,94.01,36.47,-199.43
0.3149,0.5373,-0.2030,-0.2943,93.94,36.26,-202.58
0.3173,0.5558,-0.2059,-0.3011,94.15,36.19,-205.45
0.3197,0.6100,-0.2362,-0.3406,94.78,32.83,-208.32
0.3221,0.6930,-0.2801,-0.3333,95.20,34.65,-209.65
0.3245,0.6861,-0.2933,-0.3021,97.16,43.33,-210.98
0.3269,0.6407,-0.2757,-0.2835,99.26,39.20,-213.43
0.3293,0.6573,-0.2406,-0.2913,100.87,38.71,-216.37
0.3317,0.6578,-0.2162,-0.3416,101.43,45.92,-218.82
0.3341,0.6202,-0.2123,-0.3880,102.97,48.37,-221.76
0.3365,0.6173,-0.2201,-0.4358,105.56,47.04,-224.42
0.3389,0.6856,-0.2113,-0.4197,108.01,46.55,-225.96
0.3413,0.7232,-0.1747,-0.3450,110.18,56.84,-227.22
0.3438,0.6749,-0.1264,-0.2933,113.33,61.25,-228.97
0.3462,0.6739,-0.0849,-0.2850,116.13,59.57,-231.07
0.3486,0.7066,-0.0634,-0.3309,117.60,66.64,-232.40
0.3510,0.6856,-0.0522,-0.4011,119.14,73.64,-233.66
0.3534,0.6705,-0.0390,-0.4270,121.59,75.18,-234.71
0.3558,0.6939,-0.0146,-0.3924,124.46,77.56,-235.90
0.3582,0.7213,0.0098,-0.3182,126.49,83.02,-236.88
0.3606,0.7408,0.0259,-0.2474,128.66,88.13,-238.14
0.3630,0.7647,0.0439,-0.2240,130.76,91.42,-239.19
0.3654,0.7974,0.0605,-0.2450,132.86,96.11,-239.89
0.3678,0.8272,0.0698,-0.2821,133.77,101.92,-240.24
0.3702,0.8394,0.0712,-0.3099,133.77,106.54,-240.52
0.3726,0.8506,0.0620,-0.3065,134.47,109.06,-240.73
0.3750,0.8711,0.0425,-0.2611,134.75,112.77,-241.01
0.3774,0.8716,0.0224,-0.2206,134.96,117.53,-241.57
0.3798,0.8677,0.0117,-0.1991,134.96,119.07,-242.27
0.3822,0.8857,0.0049,-0.1972,134.61,121.38,-243.32
0.3846,0.8935,0.0049,-0.2338,133.84,125.16,-244.37
0.3870,0.8940,0.0068,-0.2713,131.74,125.79,-245.77
0.3894,0.9004,-0.0039,-0.2860,129.08,127.89,-247.03
0.3918,0.9033,-0.0249,-0.2694,126.56,129.08,-248.29
0.3942,0.9121,-0.0444,-0.2264,123.90,130.48,-249.76
0.3966,0.9101,-0.0605,-0.1981,120.75,132.02,-251.30
0.3990,0.9111,-0.0839,-0.2059,118.30,132.51,-252.98
0.4014,0.9238,-0.1039,-0.2298,116.13,133.70,-254.59
0.4038,0.9311,-0.1103,-0.2699,113.82,135.17,-256.20
0.4063,0.9536,-0.1181,-0.2943,110.39,134.54,-257.95
0.4087,0.9882,-0.1322,-0.3001,107.52,136.29,-259.42
0.4111,1.0043,-0.1464,-0.3079,105.00,137.83,-261.03
0.4135,1.0228,-0.1581,-0.3079,102.90,137.27,-262.78
0.4159,1.0502,-0.1728,-0.3206,100.94,138.11,-264.53
0.4183,1.0614,-0.1825,-0.3504,99.33,139.23,-266.21
0.4207,1.0873,-0.1791,-0.3733,98.00,138.81,-267.75
0.4231,1.1248,-0.1674,-0.3948,97.16,139.58,-269.29
0.4255,1.1287,-0.1459,-0.4563,96.88,140.14,-270.69
0.4279,1.1448,-0.1405,-0.5251,95.34,138.32,-272.23
0.4303,1.1785,-0.1488,-0.5612,94.36,140.42,-273.28
0.4327,1.1858,-0.1557,-0.5719,94.36,142.10,-274.33
0.4351,1.2093,-0.1630,-0.5583,94.15,141.47,-275.45
0.4375,1.3357,-0.1640,-0.5183,93.94,142.17,-276.29
0.4399,1.4786,-0.1425,-0.4782,96.88,148.54,-276.71
0.4423,1.3766,-0.0947,-0.6705,102.13,157.15,-277.90
0.4447,1.2708,-0.0756,-0.9614,100.31,143.43,-279.51
0.4471,1.4137,-0.1196,-0.9945,96.81,147.70,-279.30
0.4495,1.4513,-0.1591,-0.8750,99.61,163.10,-278.25
0.4519,1.4245,-0.1493,-0.6690,104.16,152.81,-278.53
0.4543,1.5250,-0.1342,-0.4929,105.28,152.32,-278.95
0.4567,1.5538,-0.1440,-0.5524,106.68,164.71,-278.53
0.4591,1.5065,-0.1513,-0.7632,110.46,165.34,-278.74
0.4615,1.5289,-0.1440,-0.9609,112.14,160.44,-278.95
0.4639,1.5914,-0.1542,-1.0795,112.35,162.26,-278.67
0.4663,1.6109,-0.1786,-1.0712,114.17,165.27,-278.46
0.4688,1.6182,-0.1976,-0.9496,116.06,163.24,-278.60
0.4712,1.6665,-0.2230,-0.8237,117.18,161.77,-278.81
0.4736,1.7192,-0.2518,-0.8032,119.49,164.64,-278.95
0.4760,1.7378,-0.2611,-0.9048,122.22,167.23,-278.95
0.4784,1.7539,-0.2635,-1.0707,123.62,166.53,-278.95
0.4808,1.7861,-0.2791,-1.2298,124.25,166.53,-278.81
0.4832,1.8158,-0.3035,-1.3142,125.23,168.14,-278.46
0.4856,1.8354,-0.3323,-1.3015,125.93,168.84,-278.11
0.4880,1.8715,-0.3670,-1.2356,126.77,168.21,-278.11
0.4904,1.9247,-0.4041,-1.2005,128.24,169.40,-277.90
0.4928,1.9705,-0.4294,-1.2322,130.48,171.78,-277.55
0.4952,1.9998,-0.4451,-1.3283,132.09,173.67,-277.48
0.4976,2.0213,-0.4621,-1.4557,133.35,174.79,-276.92
0.5000,2.0672,-0.4934,-1.6080,135.17,177.03,-275.52
0.5024,2.0857,-0.5192,-1.5972,138.11,177.73,-274.89
0.5048,2.1174,-0.5480,-1.5689,140.70,176.96,-274.33
0.5072,2.1594,-0.5705,-1.5758,143.92,176.89,-273.91
0.5096,2.1906,-0.5919,-1.6250,146.30,176.61,-273.14
0.5120,2.2175,-0.6202,-1.7036,148.12,174.79,-272.65
0.5144,2.2492,-0.6578,-1.7890,149.87,172.41,-271.74
0.5168,2.2843,-0.6964,-1.8373,151.76,169.26,-271.11
0.5192,2.3195,-0.7418,-1.8412,153.23,165.97,-270.48
0.5216,2.3453,-0.7993,-1.8261,154.84,161.98,-269.99
0.5240,2.3702,-0.8564,-1.8285,157.22,156.52,-270.06
0.5264,2.3971,-0.9023,-1.8627,159.53,150.78,-269.92
0.5288,2.4180,-0.9438,-1.9281,161.49,144.90,-270.06
0.5313,2.4307,-0.9838,-2.0159,162.89,137.97,-270.41
0.5337,2.4449,-1.0175,-2.0940,164.29,129.36,-270.69
0.5361,2.4585,-1.0502,-2.1443,165.20,121.31,-270.83
0.5385,2.4644,-1.0912,-2.1692,165.83,112.91,-271.04
0.5409,2.4673,-1.1375,-2.1740,166.60,103.39,-271.46
0.5433,2.4756,-1.1878,-2.1736,167.51,93.24,-272.02
0.5457,2.4878,-1.2454,-2.1848,168.28,82.53,-272.58
0.5481,2.5020,-1.3064,-2.2170,168.91,71.26,-273.35
0.5505,2.5137,-1.3601,-2.2697,169.89,59.50,-274.19
0.5529,2.5147,-1.4045,-2.3317,170.59,47.25,-275.31
0.5553,2.5073,-1.4469,-2.3868,170.87,34.37,-276.36
0.5577,2.4971,-1.4850,-2.4210,171.01,21.42,-277.27
0.5601,2.4854,-1.5221,-2.4371,170.87,8.12,-278.46
0.5625,2.4805,-1.5562,-2.4380,170.45,-5.95,-279.58
0.5649,2.4844,-1.5831,-2.4341,169.75,-19.46,-280.56
0.5673,2.4746,-1.6119,-2.4512,168.77,-31.64,-281.33
0.5697,2.4620,-1.6446,-2.4742,167.44,-45.29,-282.31
0.5721,2.4722,-1.6734,-2.4868,165.13,-58.31,-283.15
0.5745,2.4937,-1.7065,-2.4898,161.98,-70.14,-283.85
0.5769,2.5030,-1.7524,-2.4766,159.25,-81.13,-284.55
0.5793,2.4947,-1.7963,-2.4542,156.38,-92.26,-285.11
0.5817,2.4883,-1.8402,-2.4327,152.81,-102.97,-285.67
0.5841,2.4732,-1.8905,-2.4258,149.24,-112.35,-286.09
0.5865,2.4444,-1.9374,-2.4346,146.09,-122.36,-286.58
0.5889,2.4180,-1.9779,-2.4463,142.24,-132.09,-287.07
0.5913,2.3932,-2.0208,-2.4615,137.55,-141.68,-287.63
0.5938,2.3717,-2.0691,-2.4707,132.65,-151.06,-288.19
0.5962,2.3492,-2.1199,-2.4600,127.75,-159.81,-288.47
0.5986,2.3239,-2.1687,-2.4322,122.71,-168.70,-289.03
0.6010,2.2980,-2.2165,-2.4010,117.32,-177.66,-289.52
0.6034,2.2672,-2.2692,-2.3829,111.65,-186.41,-290.01
0.6058,2.2287,-2.3224,-2.3873,106.26,-195.02,-290.36
0.6082,2.1775,-2.3673,-2.4044,100.52,-203.42,-290.71
0.6106,2.1199,-2.4088,-2.4112,94.29,-211.75,-290.99
0.6130,2.0672,-2.4488,-2.4034,87.22,-219.87,-291.20
0.6154,2.0159,-2.4966,-2.3761,80.15,-227.85,-291.41
0.6178,1.9705,-2.5464,-2.3278,73.50,-235.62,-291.69
0.6202,1.9398,-2.5830,-2.2648,66.71,-242.55,-291.97
0.6226,1.9149,-2.6167,-2.2097,59.36,-248.78,-292.25
0.6250,1.8959,-2.6537,-2.1736,52.08,-254.24,-292.46
0.6274,1.8827,-2.6884,-2.1345,45.08,-258.44,-292.04
0.6298,1.8700,-2.7143,-2.0833,38.29,-261.38,-291.48
0.6322,1.8573,-2.7372,-2.0145,31.22,-263.41,-290.71
0.6346,1.8320,-2.7704,-1.9310,24.85,-264.67,-289.87
0.6370,1.7929,-2.8011,-1.8446,18.83,-265.16,-288.47
0.6394,1.7339,-2.8114,-1.7875,13.16,-264.81,-287.14
0.6418,1.6612,-2.8114,-1.7797,7.56,-266.91,-286.02
0.6442,1.6021,-2.8143,-1.7851,1.96,-268.80,-284.62
0.6466,1.5518,-2.8192,-1.7666,-3.85,-268.52,-283.15
0.6490,1.4991,-2.8241,-1.7021,-9.66,-268.87,-281.33
0.6514,1.4577,-2.8309,-1.5958,-15.54,-270.20,-279.65
0.6538,1.4230,-2.8406,-1.4801,-21.07,-270.76,-277.69
0.6563,1.3713,-2.8406,-1.3923,-25.83,-270.97,-275.73
0.6587,1.3034,-2.8382,-1.3371,-31.50,-272.16,-273.56
0.6611,1.2263,-2.8367,-1.3059,-37.45,-273.42,-271.11
0.6635,1.1453,-2.8241,-1.2742,-43.89,-275.24,-268.94
0.6659,1.0682,-2.8089,-1.2107,-50.75,-277.34,-266.42
0.6683,0.9955,-2.7982,-1.1161,-57.68,-280.21,-263.97
0.6707,0.9365,-2.7865,-1.0028,-64.68,-283.50,-261.31
0.6731,0.8930,-2.7718,-0.8823,-71.89,-286.44,-258.72
0.6755,0.8516,-2.7572,-0.7706,-78.47,-289.03,-255.92
0.6779,0.8111,-2.7396,-0.6822,-84.70,-291.62,-253.12
0.6803,0.7759,-2.7201,-0.6159,-90.86,-293.58,-250.18
0.6827,0.7432,-2.6972,-0.5549,-96.81,-295.19,-247.24
0.6851,0.7086,-2.6747,-0.4890,-102.48,-296.31,-244.16
0.6875,0.6642,-2.6557,-0.4211,-107.24,-297.15,-241.01
0.6899,0.6178,-2.6391,-0.3611,-111.30,-297.92,-237.58
0.6923,0.5719,-2.6035,-0.2987,-114.52,-297.78,-234.01
0.6947,0.5080,-2.5605,-0.2499,-117.46,-295.96,-230.65
0.6971,0.4368,-2.5230,-0.2416,-118.93,-295.33,-227.29
0.6995,0.4031,-2.4825,-0.2338,-120.47,-296.10,-223.79
0.7019,0.3894,-2.4542,-0.2123,-122.57,-292.11,-219.80
0.7043,0.3543,-2.4278,-0.1713,-122.85,-288.26,-215.67
0.7067,0.3245,-2.3888,-0.1020,-122.01,-286.93,-211.82
0.7091,0.3109,-2.3502,-0.0288,-122.29,-283.15,-207.55
0.7115,0.2796,-2.3234,0.0220,-121.87,-277.69,-203.28
0.7139,0.2298,-2.2946,0.0503,-120.33,-273.49,-198.87
0.7163,0.1928,-2.2677,0.0800,-118.58,-270.27,-194.32
0.7188,0.1728,-2.2399,0.1108,-117.04,-265.72,-189.77
0.7212,0.1566,-2.2253,0.1527,-115.15,-260.89,-184.94
0.7236,0.1459,-2.2170,0.2040,-111.86,-256.69,-180.39
0.7260,0.1425,-2.1911,0.2557,-109.13,-254.17,-175.77
0.7284,0.1435,-2.1657,0.3045,-106.96,-250.60,-171.36
0.7308,0.1308,-2.1409,0.3470,-104.16,-245.91,-166.60
0.7332,0.0761,-2.1257,0.3982,-100.66,-242.55,-162.12
0.7356,0.0000,-2.1277,0.4680,-98.00,-240.17,-157.01
0.7380,-0.0488,-2.1004,0.5353,-94.57,-237.72,-152.11
0.7404,-0.0493,-2.0652,0.5407,-90.44,-237.51,-148.12
0.7428,0.0034,-2.0525,0.5300,-84.56,-238.28,-143.99
0.7452,0.0415,-2.0174,0.5744,-80.01,-233.66,-138.88
0.7476,0.0024,-1.9735,0.6583,-78.26,-228.20,-133.42
0.7500,-0.0669,-1.9476,0.7476,-74.55,-225.96,-128.24
0.7524,-0.1259,-1.9232,0.7935,-70.00,-223.79,-123.34
0.7548,-0.1806,-1.9134,0.7993,-66.85,-220.29,-118.51
0.7572,-0.2455,-1.9183,0.7959,-62.16,-216.72,-113.96
0.7596,-0.3118,-1.9110,0.7979,-56.77,-216.16,-109.62
0.7620,-0.3372,-1.8842,0.8267,-51.31,-216.58,-105.21
0.7644,-0.3382,-1.8500,0.8740,-46.41,-213.57,-100.45
0.7668,-0.3621,-1.8383,0.9179,-41.79,-210.98,-95.41
0.7692,-0.4036,-1.8466,0.9428,-35.77,-209.30,-90.37
0.7716,-0.4534,-1.8500,0.9706,-28.91,-206.78,-85.05
0.7740,-0.5124,-1.8368,1.0106,-22.05,-202.44,-79.52
0.7764,-0.5856,-1.8300,1.0350,-14.84,-200.90,-74.34
0.7788,-0.6398,-1.8393,1.0697,-7.07,-199.85,-68.39
0.7813,-0.6730,-1.8271,1.1165,2.73,-196.42,-62.44
0.7837,-0.6954,-1.8188,1.1805,11.69,-195.44,-56.00
0.7861,-0.7086,-1.8412,1.2483,21.07,-192.43,-49.21
0.7885,-0.7510,-1.8637,1.2839,32.62,-189.84,-42.00
0.7909,-0.8111,-1.8734,1.3366,45.15,-188.30,-34.44
0.7933,-0.8638,-1.8881,1.4186,57.82,-184.87,-26.67
0.7957,-0.9101,-1.9242,1.5006,70.07,-182.84,-18.76
0.7981,-0.9399,-1.9764,1.5875,83.44,-181.93,-10.64
0.8005,-0.9760,-2.0262,1.6694,97.51,-178.71,-2.10
0.8029,-1.0292,-2.0662,1.7529,110.53,-177.80,6.51
0.8053,-1.0638,-2.1130,1.8466,122.78,-176.96,15.33
0.8077,-1.0882,-2.1745,1.9427,135.03,-174.30,24.36
0.8101,-1.1180,-2.2502,2.0398,147.91,-172.34,33.60
0.8125,-1.1419,-2.3351,2.1409,160.44,-171.01,43.05
0.8149,-1.1595,-2.4254,2.2438,171.78,-168.28,52.78
0.8173,-1.1780,-2.5215,2.3409,182.00,-164.64,62.72
0.8197,-1.1980,-2.6269,2.4483,190.89,-161.49,72.73
0.8221,-1.2132,-2.7372,2.4727,202.51,-158.27,82.04
0.8245,-1.1819,-2.8431,2.5059,210.14,-159.32,91.91
0.8269,-1.0887,-2.9568,2.5722,215.88,-154.63,101.85
0.8293,-1.0048,-3.0793,2.5927,221.83,-147.77,112.49
0.8317,-0.9701,-3.1788,2.6274,230.58,-143.29,122.57
0.8341,-0.9272,-3.2896,2.6679,237.30,-138.25,132.58
0.8365,-0.8857,-3.4199,2.6801,245.42,-128.87,143.01
0.8389,-0.8413,-3.5414,2.6167,254.24,-123.97,153.37
0.8413,-0.7442,-3.6561,2.5030,265.02,-120.26,164.36
0.8438,-0.6778,-3.7625,2.3502,275.03,-109.27,175.70
0.8462,-0.6651,-3.8874,2.1779,283.36,-102.62,186.83
0.8486,-0.6159,-4.0431,2.0413,290.99,-99.19,197.61
0.8510,-0.5470,-4.2349,1.9315,299.46,-92.33,208.18
0.8534,-0.4729,-4.3920,1.8451,307.86,-89.67,219.59
0.8558,-0.4363,-4.5296,1.8085,315.70,-81.90,230.09
0.8582,-0.4094,-4.6975,1.7929,323.96,-82.81,238.56
0.8606,-0.3109,-4.9215,1.7314,328.58,-84.00,245.91
0.8630,-0.2225,-5.1767,1.6758,332.50,-81.90,253.54
0.8654,-0.1342,-5.4251,1.6602,337.05,-83.16,259.77
0.8678,-0.0454,-5.7257,1.6641,338.31,-85.47,264.53
0.8702,0.0293,-6.1586,1.7202,334.04,-93.17,266.91
0.8726,0.1054,-6.7212,1.7905,327.32,-96.25,266.07
0.8750,0.1322,-7.0667,1.8969,329.98,-102.55,262.50
0.8774,0.0752,-7.2551,1.9193,328.58,-107.10,257.25
0.8798,-0.1532,-7.4254,1.7187,320.04,-107.24,254.03
0.8822,-0.5222,-7.4215,1.4884,311.08,-111.37,255.36
0.8846,-0.9862,-7.1297,1.3918,317.52,-105.63,260.47
0.8870,-1.5162,-6.8471,0.9799,283.08,-97.23,273.63
0.8894,-2.0276,-6.7232,0.5466,253.26,-92.68,295.40
0.8918,-2.3404,-6.3747,-0.2840,241.85,-96.25,316.75
0.8942,-2.7377,-6.0317,-0.9213,234.50,-68.11,354.76
0.8966,-3.3755,-5.9326,-0.8135,242.83,-54.39,395.01
0.8990,-3.9972,-5.7891,-0.6720,233.80,-29.82,452.41
0.9014,-4.3778,-5.6774,0.3333,264.88,-33.81,516.32
0.9038,-4.6399,-5.4890,0.6017,335.16,-15.05,578.90
0.9063,-5.1894,-5.4109,0.2040,341.25,59.08,670.32
0.9087,-6.0161,-6.0268,0.9677,368.41,88.76,764.54
0.9111,-6.1590,-6.5909,1.5972,467.88,79.52,854.91
0.9135,-6.0019,-6.9013,2.6142,528.78,186.62,961.31
0.9159,-6.8813,-7.6758,3.0061,544.46,278.32,1060.99
0.9183,-7.4176,-8.7201,2.4078,551.53,272.65,1168.72
0.9207,-7.3912,-9.6653,1.8934,590.17,356.09,1273.65
0.9231,-7.9754,-10.5218,0.9916,612.08,441.35,1384.74
0.9255,-8.5610,-11.4924,0.9062,600.18,466.76,1491.84
0.9279,-8.8391,-12.7422,1.1458,573.23,508.97,1597.40
0.9303,-9.3457,-14.1793,1.5645,549.57,562.45,1705.90
0.9327,-9.9157,-15.4462,2.0286,533.89,572.88,1804.95
0.9351,-10.1724,-15.9752,2.1052,479.57,580.09,1905.12
0.9375,-10.2138,-15.9888,1.9662,418.04,595.77,2006.76
0.9399,-10.3232,-15.9888,1.6372,362.46,604.94,2114.21
0.9423,-10.7516,-15.9888,1.2590,308.98,594.09,2220.61
0.9447,-11.6193,-15.9888,0.4636,252.49,580.93,2287.88
0.9471,-12.8749,-15.9888,-0.3821,195.16,557.06,2293.48
0.9495,-14.4131,-15.9888,-0.9550,136.43,527.59,2293.48
0.9519,-15.6233,-15.9888,-1.1614,81.83,478.24,2293.48
0.9543,-15.9888,-15.9888,-1.0829,31.08,419.65,2293.48
0.9567,-15.9888,-15.9888,-1.4494,-30.31,390.74,2293.48
0.9591,-15.9888,-15.9888,-2.1770,-79.03,283.08,2293.48
0.9615,-15.9888,-15.9888,-2.9949,-161.35,221.48,2293.48
0.9639,-15.9888,-15.9888,-4.3251,-208.74,126.00,2293.48
0.9663,-15.9888,-15.8278,-5.9736,-203.77,-50.82,2293.48
0.9688,-15.9888,-14.2838,-5.3348,-222.04,-286.37,2293.48
0.9712,-15.9888,-11.4773,-1.2712,-229.46,-331.17,2293.48
0.9736,-12.4718,-7.5376,2.2863,-177.17,-635.46,2293.48
0.9760,-3.1574,-2.8509,1.8847,-44.73,-869.96,2293.48
0.9784,3.4697,1.3537,1.0468,-47.18,-457.03,2293.48
0.9808,2.2511,2.4517,-3.7083,-167.23,52.78,2293.48
0.9832,-2.5478,1.2195,-9.6936,-91.77,-154.98,2293.48
0.9856,-0.2991,1.3625,-6.6788,7.77,-870.87,2293.48
0.9880,3.8811,1.5748,-4.6511,-55.93,-231.63,2293.48
0.9904,-0.4729,1.3020,-2.2536,-57.82,-75.74,2293.48
0.9928,-1.9491,0.7501,2.1155,30.31,-665.14,2293.48
0.9952,1.6124,0.8843,0.0112,129.57,-608.09,2293.48
0.9976,1.4318,1.7724,-5.1913,124.95,-172.90,2293.48
1.0000,-1.8529,1.8144,-7.8124,111.58,-260.96,2293.48
1.0024,-1.1424,1.3318,-5.5408,157.99,-656.60,2293.48
1.0048,1.4957,1.2878,-2.8338,216.51,-427.84,2293.48
1.0072,0.0922,1.6616,0.4782,223.93,-220.43,2293.48
1.0096,-1.6202,1.3361,2.4746,246.54,-424.55,2293.48
1.0120,-0.0874,1.0887,-0.4534,325.85,-528.92,2293.48
1.0144,0.5519,1.8656,-4.7253,347.34,-231.35,2293.48
1.0168,-1.4040,2.2272,-6.2386,303.03,-229.46,2293.48
1.0192,-1.2786,1.8237,-4.3090,322.28,-446.11,2293.48
1.0216,0.3187,1.7729,-1.3386,372.75,-358.26,2293.48
1.0240,-0.0381,1.9793,1.5299,376.88,-209.72,2293.48
1.0264,-1.1312,1.9047,1.5377,374.78,-265.58,2293.48
1.0288,-0.4255,1.7851,-1.9144,394.10,-344.61,2293.48
1.0313,0.1854,2.2272,-4.8131,397.04,-171.29,2293.48
1.0337,-0.7447,2.5112,-4.9981,347.48,-149.17,2293.48
1.0361,-0.6632,2.1096,-3.2364,339.64,-241.71,2293.48
1.0385,0.1903,1.9091,-0.8194,366.59,-193.06,2293.48
1.0409,0.1845,2.0681,0.7862,364.84,-97.23,2293.48
1.0433,-0.2913,2.0618,-0.3514,332.78,-93.94,2293.48
1.0457,-0.0024,1.9842,-3.3599,323.89,-121.03,2293.48
1.0481,0.3387,2.2053,-5.1011,306.39,-36.54,2293.48
1.0505,-0.0478,2.3102,-4.5648,259.98,-12.74,2293.48
1.0529,-0.0361,1.9920,-2.7382,234.22,-57.47,2293.48
1.0553,0.5646,1.7470,-0.7828,238.07,-39.76,2293.48
1.0577,0.6544,1.8446,0.0215,220.92,37.24,2293.48
1.0601,0.2860,1.8642,-1.2668,178.71,35.56,2293.48
1.0625,0.4177,1.7607,-3.3765,154.21,10.01,2293.48
1.0649,0.6183,1.7924,-4.0070,129.01,42.49,2293.48
1.0673,0.4036,1.7719,-2.9187,90.02,49.07,2293.48
1.0697,0.3387,1.5230,-1.1785,60.27,8.89,2293.48
1.0721,0.7218,1.3152,0.1889,57.61,-6.37,2293.48
1.0745,0.9067,1.4386,0.1459,47.81,33.95,2293.48
1.0769,0.6627,1.5479,-1.3444,10.29,31.22,2293.48
1.0793,0.6920,1.4123,-2.8450,-13.23,-5.39,2293.48
1.0817,0.8677,1.3625,-3.0563,-25.97,2.31,2293.48
1.0841,0.7305,1.3366,-2.0081,-55.23,1.40,2293.48
1.0865,0.6442,1.1366,-0.6398,-74.90,-30.87,2293.48
1.0889,0.8154,1.0009,0.0127,-66.99,-44.10,2293.48
1.0913,0.8037,1.1273,-0.5544,-62.44,-33.95,2293.48
1.0938,0.5866,1.1927,-1.9349,-81.55,-53.27,2293.48
1.0962,0.5358,1.0956,-2.9202,-86.45,-84.42,2293.48
1.0986,0.5495,1.0599,-2.7299,-84.56,-100.66,2293.48
1.1010,0.4914,1.0346,-1.7553,-87.78,-117.11,2293.48
1.1034,0.4348,0.9516,-0.8291,-83.93,-137.69,2293.48
1.1058,0.4172,0.9418,-0.5934,-65.38,-155.61,2293.48
1.1082,0.3260,1.0946,-1.2454,-51.24,-165.34,2293.48
1.1106,0.1767,1.2102,-2.2150,-49.42,-188.30,2293.48
1.1130,0.1191,1.2302,-2.5644,-43.12,-216.44,2293.48
1.1154,0.1059,1.2381,-2.1223,-30.52,-236.32,2293.48
1.1178,0.0698,1.2429,-1.3576,-16.10,-256.48,2293.48
1.1202,0.0532,1.2732,-0.7100,0.63,-276.29,2293.48
1.1226,0.0220,1.3254,-0.7056,21.07,-286.79,2293.48
1.1250,0.0229,1.4054,-1.1453,42.28,-302.47,2293.48
1.1274,0.0176,1.4899,-1.4777,57.12,-305.90,2293.48
1.1298,-0.0649,1.5343,-1.3893,70.77,-322.56,2293.48
1.1322,-0.0166,1.5250,-0.9145,88.20,-337.96,2293.48
1.1346,0.0220,1.5396,-0.3548,108.36,-330.68,2293.48
1.1370,-0.0566,1.5806,-0.0503,128.03,-329.77,2293.48
1.1394,-0.1337,1.6075,-0.3323,151.48,-334.88,2293.48
1.1418,-0.1615,1.7041,-0.9043,170.45,-342.30,2293.48
1.1442,-0.1430,1.8198,-1.1141,179.76,-337.89,2293.48
1.1466,-0.1737,1.8022,-0.8603,190.68,-336.00,2293.48
1.1490,-0.1586,1.7797,-0.4338,213.50,-343.21,2293.48
1.1514,-0.0869,1.8720,-0.2167,229.81,-335.44,2293.48
1.1538,-0.1069,1.9486,-0.4846,237.58,-323.26,2293.48
1.1563,-0.1205,1.9896,-0.9740,247.03,-321.44,2293.48
1.1587,-0.0137,2.0301,-1.2239,256.90,-312.97,2293.48
1.1611,0.0205,2.0437,-1.1287,261.10,-293.93,2293.48
1.1635,0.0205,1.9979,-0.8608,266.28,-289.31,2293.48
1.1659,0.1313,1.9374,-0.5939,274.75,-275.24,2293.48
1.1683,0.2045,1.9730,-0.6256,282.17,-251.86,2293.48
1.1707,0.2225,1.9935,-0.9911,276.15,-231.98,2293.48
1.1731,0.2411,1.9256,-1.2332,275.73,-215.81,2293.48
1.1755,0.3328,1.8939,-1.1351,277.06,-200.55,2293.48
1.1779,0.3787,1.8334,-0.8174,269.78,-171.15,2293.48
1.1803,0.3206,1.7100,-0.4836,268.03,-156.45,2293.48
1.1827,0.3572,1.6421,-0.3382,269.57,-144.41,2293.48
1.1851,0.4163,1.6392,-0.4543,265.23,-118.37,2293.48
1.1875,0.3611,1.6089,-0.7130,256.76,-93.94,2293.48
1.1899,0.3133,1.5714,-0.8457,250.53,-88.97,2293.48
1.1923,0.3777,1.5596,-0.6964,239.75,-80.99,2293.48
1.1947,0.4016,1.5148,-0.3582,226.66,-62.16,2293.48
1.1971,0.3811,1.4611,-0.1767,215.95,-52.43,2293.48
1.1995,0.4158,1.4367,-0.2586,202.09,-46.48,2293.48
1.2019,0.4441,1.4059,-0.4568,184.66,-35.07,2293.48
1.2043,0.4348,1.3659,-0.5954,169.47,-24.99,2293.48
1.2067,0.4080,1.3444,-0.5163,154.77,-20.58,2293.48
1.2091,0.4031,1.3005,-0.2855,136.71,-21.84,2293.48
1.2115,0.4553,1.2346,-0.1254,122.43,-19.32,2293.48
1.2139,0.4475,1.1990,-0.1322,110.53,-10.85,2293.48
1.2163,0.4046,1.1854,-0.3631,97.93,-14.91,2293.48
1.2188,0.4221,1.1785,-0.6564,83.86,-17.15,2293.48
1.2212,0.4011,1.1517,-0.7652,71.40,-15.82,2293.48
1.2236,0.3431,1.1214,-0.6495,61.18,-22.82,2293.48
1.2260,0.3192,1.0838,-0.4577,49.07,-33.88,2293.48
1.2284,0.3152,1.0365,-0.3943,42.49,-39.83,2293.48
1.2308,0.2479,1.0311,-0.4909,39.76,-44.59,2293.48
1.2332,0.1630,1.0472,-0.7642,35.91,-59.71,2293.48
1.2356,0.1523,1.0546,-1.0272,31.29,-72.10,2293.48
1.2380,0.0844,1.0824,-1.0887,31.50,-79.38,2293.48
1.2404,0.0088,1.1395,-0.9516,30.52,-100.24,2293.48
1.2428,0.0117,1.1888,-0.7359,27.65,-117.81,2293.48
1.2452,0.0415,1.2302,-0.5822,29.26,-130.20,2293.48
1.2476,0.0307,1.3283,-0.5407,29.68,-138.04,2293.48
1.2500,0.0161,1.3854,-0.5671,22.96,-157.85,2293.48
1.2524,0.0937,1.3713,-0.5861,26.74,-168.35,2293.48
1.2548,0.1098,1.4508,-0.4948,29.33,-171.78,2293.48
1.2572,0.0932,1.5162,-0.3645,22.96,-186.41,2293.48
1.2596,0.1088,1.4840,-0.3601,24.29,-193.27,2293.48
1.2620,0.1035,1.5328,-0.3709,33.25,-202.58,2293.48
1.2644,0.1171,1.6363,-0.3450,34.23,-211.61,2293.48
1.2668,0.1098,1.6446,-0.4197,35.21,-218.61,2293.48
1.2692,0.0971,1.6426,-0.5339,45.43,-230.23,2293.48
1.2716,0.0956,1.7182,-0.5407,51.66,-237.65,2293.48
1.2740,0.0795,1.7456,-0.4631,51.03,-247.38,2293.48
1.2764,0.1103,1.7182,-0.3606,59.78,-258.16,2293.48
1.2788,0.1674,1.7441,-0.2601,71.12,-262.57,2293.48
1.2813,0.1796,1.7939,-0.3279,79.45,-264.04,2293.48
1.2837,0.1630,1.7973,-0.5348,87.78,-271.39,2293.48
1.2861,0.2059,1.8378,-0.6603,101.78,-277.69,2293.48
1.2885,0.2508,1.9032,-0.6783,103.74,-273.77,2293.48
1.2909,0.2460,1.8725,-0.5734,108.22,-275.94,2293.48
1.2933,0.2933,1.8651,-0.4841,120.61,-280.00,2293.48
1.2957,0.3802,1.8949,-0.4465,126.35,-277.13,2293.48
1.2981,0.4075,1.8798,-0.5026,129.71,-265.86,2293.48
1.3005,0.3797,1.8227,-0.6895,136.43,-264.95,2293.48
1.3029,0.4490,1.7734,-0.7554,147.56,-264.53,2293.48
1.3053,0.4821,1.7768,-0.7110,154.42,-248.22,2293.48
1.3077,0.4231,1.7251,-0.6934,157.92,-244.93,2293.48
1.3101,0.4397,1.6392,-0.6373,169.82,-242.97,2293.48
1.3125,0.4509,1.6285,-0.5622,179.27,-232.40,2293.48
1.3149,0.4280,1.6104,-0.6080,181.79,-221.83,2293.48
1.3173,0.3636,1.5562,-0.6900,187.67,-214.97,2293.48
1.3197,0.3533,1.5084,-0.6974,196.49,-216.09,2293.48
1.3221,0.3802,1.4830,-0.6159,201.67,-204.12,2293.48
1.3245,0.3533,1.4464,-0.5734,204.54,-195.23,2293.48
1.3269,0.3489,1.4064,-0.5710,210.00,-190.19,2293.48
1.3293,0.3548,1.4015,-0.5231,213.50,-181.02,2293.48
1.3317,0.3431,1.3766,-0.5363,213.22,-169.47,2293.48
1.3341,0.3221,1.3391,-0.6173,214.69,-161.07,2293.48
1.3365,0.3201,1.3381,-0.6622,214.55,-154.49,2293.48
1.3389,0.3348,1.3254,-0.6730,210.00,-143.08,2293.48
1.3413,0.3133,1.2815,-0.7120,207.06,-130.20,2293.48
1.3438,0.2782,1.2517,-0.6964,204.61,-122.01,2293.48
1.3462,0.2577,1.2346,-0.6627,200.41,-111.37,2293.48
1.3486,0.2176,1.2200,-0.6300,194.53,-101.64,2293.48
1.3510,0.1820,1.1941,-0.6471,190.68,-95.34,2293.48
1.3534,0.1474,1.1985,-0.7403,185.78,-88.34,2293.48
1.3558,0.1025,1.2185,-0.7950,176.96,-82.81,2293.48
1.3582,0.0756,1.1976,-0.8120,168.42,-79.66,2293.48
1.3606,0.0644,1.1961,-0.7808,164.71,-76.09,2293.48
1.3630,0.0249,1.2229,-0.7579,156.38,-72.66,2293.48
1.3654,-0.0059,1.2371,-0.7540,147.63,-73.71,2293.48
1.3678,-0.0093,1.2639,-0.7452,141.05,-73.15,2293.48
1.3702,-0.0410,1.3298,-0.7935,132.09,-74.20,2293.48
1.3726,-0.0264,1.3723,-0.7808,118.02,-80.43,2293.48
1.3750,0.0151,1.3674,-0.7315,110.04,-79.73,2293.48
1.3774,0.0122,1.4069,-0.7013,103.25,-83.72,2293.48
1.3798,0.0322,1.4606,-0.6446,90.79,-88.97,2293.48
1.3822,0.0630,1.4581,-0.6603,81.06,-90.44,2293.48
1.3846,0.0620,1.4913,-0.6915,76.37,-94.64,2293.48
1.3870,0.0854,1.5470,-0.6837,65.59,-102.97,2293.48
1.3894,0.1235,1.5499,-0.6471,56.28,-106.40,2293.48
1.3918,0.1064,1.5684,-0.6032,52.08,-110.46,2293.48
1.3942,0.1078,1.6070,-0.5749,45.57,-122.36,2293.48
1.3966,0.1532,1.6089,-0.5734,38.50,-127.75,2293.48
1.3990,0.1698,1.5909,-0.5671,36.75,-133.28,2293.48
1.4014,0.1664,1.6070,-0.4939,36.05,-143.85,2293.48
1.4038,0.1957,1.6182,-0.4031,32.06,-157.43,2293.48
1.4063,0.2572,1.6021,-0.3523,32.41,-165.34,2293.48
1.4087,0.2913,1.6231,-0.3343,37.73,-169.89,2293.48
1.4111,0.2835,1.6699,-0.3694,38.36,-179.06,2293.48
1.4135,0.3274,1.7070,-0.4680,38.29,-191.52,2293.48
1.4159,0.3748,1.7490,-0.5749,38.43,-194.04,2293.48
1.4183,0.3782,1.7807,-0.6149,37.94,-202.30,2293.48
1.4207,0.4158,1.7944,-0.5973,36.75,-210.49,2293.48
1.4231,0.4709,1.7622,-0.5510,37.03,-215.81,2293.48
1.4255,0.5031,1.7300,-0.4660,43.75,-219.59,2293.48
1.4279,0.5109,1.7304,-0.4504,44.87,-224.77,2293.48
1.4303,0.5368,1.6948,-0.5544,46.55,-229.32,2293.48
1.4327,0.5563,1.6529,-0.6798,52.92,-229.74,2293.48
1.4351,0.5632,1.6319,-0.7364,59.50,-232.12,2293.48
1.4375,0.5739,1.6055,-0.6749,64.96,-233.73,2293.48
1.4399,0.5856,1.5601,-0.5446,71.26,-234.08,2293.48
1.4423,0.5885,1.5157,-0.5031,80.64,-231.91,2293.48
1.4447,0.5627,1.4864,-0.5495,89.95,-231.70,2293.48
1.4471,0.5436,1.4616,-0.6481,98.07,-232.47,2293.48
1.4495,0.4865,1.4464,-0.6993,105.14,-228.13,2293.48
1.4519,0.4372,1.4308,-0.6461,112.56,-231.77,2293.48
1.4543,0.4368,1.4162,-0.5729,121.03,-228.06,2293.48
1.4567,0.3924,1.3981,-0.4895,127.82,-225.54,2293.48
1.4591,0.3592,1.3898,-0.4563,135.52,-227.57,2293.48
1.4615,0.3299,1.3888,-0.4490,140.98,-225.05,2293.48
1.4639,0.2982,1.3723,-0.4817,147.28,-224.21,2293.48
1.4663,0.2635,1.3815,-0.5022,151.69,-220.36,2293.48
1.4688,0.2342,1.3698,-0.4753,155.61,-219.73,2293.48
1.4712,0.2240,1.3654,-0.4285,160.65,-216.37,2293.48
1.4736,0.2069,1.3815,-0.3562,163.87,-213.15,2293.48
1.4760,0.2025,1.3913,-0.3528,166.11,-207.90,2293.48
1.4784,0.1859,1.4040,-0.3953,165.48,-203.00,2293.48
1.4808,0.1654,1.4010,-0.4753,166.39,-197.75,2293.48
1.4832,0.1337,1.4006,-0.5431,167.79,-191.45,2293.48
1.4856,0.1078,1.4181,-0.5431,167.93,-187.60,2293.48
1.4880,0.1025,1.4220,-0.5158,166.04,-182.28,2293.48
1.4904,0.0942,1.4098,-0.5290,167.02,-176.47,2293.48
1.4928,0.0693,1.4269,-0.5856,167.16,-170.73,2293.48
1.4952,0.0522,1.4474,-0.6515,164.57,-165.97,2293.48
1.4976,0.0405,1.4533,-0.7178,162.19,-159.18,2293.48
1.5000,0.0376,1.4669,-0.7261,160.23,-155.05,2293.48
1.5024,0.0498,1.4811,-0.7022,157.15,-150.29,2293.48
1.5048,0.0429,1.4869,-0.7261,154.56,-145.46,2293.48
1.5072,0.0234,1.5294,-0.8081,152.81,-142.52,2293.48
1.5096,0.0210,1.5684,-0.8989,147.49,-140.98,2293.48
1.5120,0.0444,1.5928,-0.9477,143.57,-137.13,2293.48
1.5144,0.0542,1.6124,-0.9457,138.88,-133.63,2293.48
1.5168,0.0786,1.6182,-0.8926,134.40,-134.47,2293.48
1.5192,0.1127,1.6343,-0.8682,129.22,-130.97,2293.48
1.5216,0.1157,1.6368,-0.9130,125.30,-128.66,2293.48
1.5240,0.1322,1.6387,-0.9355,123.69,-128.73,2293.48
1.5264,0.1562,1.6612,-0.9521,119.84,-128.10,2293.48
1.5288,0.1801,1.6699,-0.9941,113.26,-129.43,2293.48
1.5313,0.2298,1.6587,-1.0189,109.83,-128.94,2293.48
1.5337,0.2508,1.6665,-0.9858,107.31,-128.03,2293.48
1.5361,0.2640,1.6699,-0.9140,102.90,-131.67,2293.48
1.5385,0.2977,1.6597,-0.8672,99.89,-132.58,2293.48
1.5409,0.3050,1.6641,-0.8872,96.81,-134.33,2293.48
1.5433,0.3357,1.6519,-0.9096,92.54,-139.09,2293.48
1.5457,0.3758,1.6280,-0.8725,90.86,-139.86,2293.48
1.5481,0.3953,1.6128,-0.8086,88.55,-143.71,2293.48
1.5505,0.4280,1.5919,-0.7320,85.68,-146.79,2293.48
1.5529,0.4416,1.5738,-0.7071,84.35,-148.12,2293.48
1.5553,0.4299,1.5587,-0.7022,83.23,-151.76,2293.48
1.5577,0.4426,1.5431,-0.7115,81.76,-155.68,2293.48
1.5601,0.4616,1.5123,-0.7686,80.36,-156.31,2293.48
1.5625,0.4534,1.4850,-0.7569,81.06,-160.16,2293.48
1.5649,0.4680,1.4606,-0.7178,80.78,-164.92,2293.48
1.5673,0.4812,1.4264,-0.7066,81.13,-165.20,2293.48
1.5697,0.4778,1.3991,-0.7710,82.67,-166.18,2293.48
1.5721,0.4773,1.3747,-0.9048,84.91,-167.79,2293.48
1.5745,0.4656,1.3483,-0.9775,87.36,-168.70,2293.48
1.5769,0.4465,1.3278,-0.9282,89.74,-169.89,2293.48
1.5793,0.4192,1.3039,-0.8140,92.33,-171.22,2293.48
1.5817,0.3987,1.2751,-0.7784,96.39,-171.99,2293.48
1.5841,0.3758,1.2644,-0.8506,100.59,-171.64,2293.48
1.5865,0.3196,1.2625,-0.9204,103.32,-172.83,2293.48
1.5889,0.2699,1.2546,-0.9199,106.12,-176.47,2293.48
1.5913,0.2664,1.2410,-0.8701,110.39,-178.15,2293.48
1.5938,0.2386,1.2454,-0.7706,114.45,-176.19,2293.48
1.5962,0.1791,1.2576,-0.6603,116.41,-178.50,2293.48
1.5986,0.1610,1.2761,-0.5900,119.00,-182.07,2293.48
1.6010,0.1625,1.3117,-0.5592,120.89,-180.95,2293.48
1.6034,0.1469,1.3483,-0.5714,121.94,-179.41,2293.48
1.6058,0.1308,1.3698,-0.5836,121.24,-180.95,2293.48
1.6082,0.1401,1.3703,-0.6007,122.01,-182.07,2293.48
1.6106,0.1435,1.3703,-0.6100,122.57,-178.78,2293.48
1.6130,0.1122,1.3932,-0.5592,124.18,-177.59,2293.48
1.6154,0.0917,1.4045,-0.5309,125.02,-177.94,2293.48
1.6178,0.0956,1.4323,-0.5563,126.77,-177.45,2293.48
1.6202,0.0981,1.4689,-0.5719,124.18,-175.00,2293.48
1.6226,0.0795,1.4660,-0.6525,125.23,-171.78,2293.48
1.6250,0.0703,1.4894,-0.7130,126.07,-172.69,2293.48
1.6274,0.0664,1.5245,-0.7003,125.16,-168.77,2293.48
1.6298,0.0259,1.5357,-0.7266,123.83,-168.84,2293.48
1.6322,0.0371,1.5489,-0.7120,125.58,-173.88,2293.48
1.6346,0.0727,1.5831,-0.7310,126.35,-169.68,2293.48
1.6370,0.0620,1.6099,-0.7862,125.09,-169.54,2293.48
1.6394,0.0703,1.6265,-0.8276,125.58,-171.71,2293.48
1.6418,0.1059,1.6431,-0.8262,124.81,-171.71,2293.48
1.6442,0.1420,1.6514,-0.7852,124.39,-169.68,2293.48
1.6466,0.1542,1.6607,-0.7681,123.48,-168.63,2293.48
1.6490,0.1649,1.6753,-0.7930,123.48,-170.17,2293.48
1.6514,0.1859,1.6870,-0.8564,122.36,-169.54,2293.48
1.6538,0.2064,1.6846,-0.8701,121.94,-168.56,2293.48
1.6563,0.2416,1.6719,-0.8511,121.24,-168.84,2293.48
1.6587,0.2806,1.6529,-0.7930,121.73,-168.28,2293.48
1.6611,0.3099,1.6494,-0.7530,122.15,-167.37,2293.48
1.6635,0.3177,1.6553,-0.7803,120.47,-165.41,2293.48
1.6659,0.3270,1.6421,-0.8174,119.98,-166.53,2293.48
1.6683,0.3538,1.6197,-0.8262,120.61,-164.99,2293.48
1.6707,0.3562,1.5992,-0.7686,119.84,-163.73,2293.48
1.6731,0.3743,1.5845,-0.7413,119.35,-165.13,2293.48
1.6755,0.4026,1.5714,-0.7598,118.44,-161.77,2293.48
1.6779,0.3977,1.5577,-0.7613,119.00,-160.23,2293.48
1.6803,0.3924,1.5411,-0.7398,118.44,-161.35,2293.48
1.6827,0.4172,1.5084,-0.7227,118.16,-161.77,2293.48
1.6851,0.4294,1.4811,-0.7374,118.86,-157.92,2293.48
1.6875,0.4026,1.4586,-0.7544,118.09,-159.25,2293.48
1.6899,0.3997,1.4313,-0.7730,119.07,-161.42,2293.48
1.6923,0.4002,1.4147,-0.7798,119.28,-158.69,2293.48
1.6947,0.3845,1.3913,-0.8047,118.02,-158.20,2293.48
1.6971,0.3928,1.3400,-0.8662,118.79,-158.83,2293.48
1.6995,0.4075,1.3122,-0.8916,120.89,-156.45,2293.48
1.7019,0.3914,1.3098,-0.8764,120.40,-153.37,2293.48
1.7043,0.3650,1.2678,-0.8911,121.17,-152.60,2293.48
1.7067,0.3518,1.2356,-0.9106,124.53,-150.92,2293.48
1.7091,0.3162,1.2400,-0.9008,126.00,-148.47,2293.48
1.7115,0.2801,1.2327,-0.8843,125.65,-147.91,2293.48
1.7139,0.2596,1.2249,-0.8281,126.91,-147.00,2293.48
1.7163,0.2323,1.2400,-0.7418,127.26,-146.23,2293.48
1.7188,0.2020,1.2634,-0.6466,125.44,-147.07,2293.48
1.7212,0.1879,1.2790,-0.5846,123.90,-147.98,2293.48
1.7236,0.1654,1.3078,-0.5695,122.78,-146.30,2293.48
1.7260,0.1347,1.3459,-0.5588,119.63,-148.26,2293.48
1.7284,0.1318,1.3386,-0.6422,116.62,-149.03,2293.48
1.7308,0.1118,1.3391,-0.7491,115.92,-149.45,2293.48
1.7332,0.0922,1.3640,-0.7486,112.77,-152.04,2293.48
1.7356,0.0937,1.3644,-0.7325,110.60,-152.60,2293.48
1.7380,0.0810,1.3693,-0.7252,111.09,-152.46,2293.48
1.7404,0.0615,1.3981,-0.7574,110.74,-154.56,2293.48
1.7428,0.0468,1.4323,-0.8203,107.59,-156.38,2293.48
1.7452,0.0459,1.4503,-0.8477,106.68,-157.29,2293.48
1.7476,0.0400,1.4801,-0.8194,107.03,-158.76,2293.48
1.7500,0.0268,1.5104,-0.7701,105.28,-163.17,2293.48
1.7524,0.0688,1.5128,-0.6954,104.23,-166.74,2293.48
1.7548,0.1035,1.5260,-0.6437,105.07,-163.45,2293.48
1.7572,0.1044,1.5440,-0.6617,104.44,-166.04,2293.48
1.7596,0.1366,1.5450,-0.7061,104.79,-167.02,2293.48
1.7620,0.1562,1.5587,-0.7584,105.77,-165.34,2293.48
1.7644,0.1581,1.5748,-0.7842,106.89,-165.69,2293.48
1.7668,0.1752,1.5870,-0.7945,107.87,-167.30,2293.48
1.7692,0.2050,1.5933,-0.8076,108.43,-167.02,2293.48
1.7716,0.2191,1.5982,-0.8359,110.53,-164.85,2293.48
1.7740,0.2133,1.6089,-0.9043,111.02,-165.69,2293.48
1.7764,0.2362,1.6148,-0.9750,112.00,-167.72,2293.48
1.7788,0.2723,1.6206,-0.9892,114.31,-165.62,2293.48
1.7813,0.2635,1.6250,-0.9599,115.57,-165.27,2293.48
1.7837,0.2684,1.6084,-0.9209,116.06,-169.82,2293.48
1.7861,0.3016,1.5933,-0.9052,118.51,-169.40,2293.48
1.7885,0.2943,1.5923,-0.9404,120.40,-168.21,2293.48
1.7909,0.3030,1.5899,-0.9984,122.01,-170.94,2293.48
1.7933,0.3338,1.5894,-1.1034,123.83,-168.84,2293.48
1.7957,0.3460,1.5753,-1.1717,125.51,-168.42,2293.48
1.7981,0.3475,1.5557,-1.1165,128.10,-168.98,2293.48
1.8005,0.3572,1.5387,-1.0487,128.87,-170.52,2293.48
1.8029,0.3762,1.5143,-1.0414,129.99,-168.14,2293.48
1.8053,0.3767,1.5104,-1.1361,132.23,-166.53,2293.48
1.8077,0.3845,1.5006,-1.2464,131.46,-167.02,2293.48
1.8101,0.3904,1.4699,-1.2571,132.37,-165.76,2293.48
1.8125,0.3816,1.4484,-1.1883,133.14,-163.87,2293.48
1.8149,0.3680,1.4294,-1.0804,132.79,-163.10,2293.48
1.8173,0.3601,1.3967,-1.0370,133.21,-164.08,2293.48
1.8197,0.3597,1.3796,-1.0721,134.96,-163.52,2293.48
1.8221,0.3523,1.3796,-1.1580,134.68,-161.84,2293.48
1.8245,0.3353,1.3581,-1.2483,133.49,-160.02,2293.48
1.8269,0.3192,1.3318,-1.2307,133.63,-160.65,2293.48
1.8293,0.3084,1.3108,-1.1463,133.63,-158.83,2293.48
1.8317,0.2723,1.2961,-1.0512,133.00,-157.01,2293.48
1.8341,0.2547,1.2742,-1.0253,133.42,-157.78,2293.48
1.8365,0.2552,1.2556,-1.0897,134.12,-154.98,2293.48
1.8389,0.2264,1.2683,-1.1517,134.12,-153.86,2293.48
1.8413,0.1986,1.2668,-1.1658,132.72,-154.28,2293.48
1.8438,0.1903,1.2537,-1.1424,133.63,-153.37,2293.48
1.8462,0.1635,1.2620,-1.0853,133.91,-151.27,2293.48
1.8486,0.1196,1.2776,-1.0375,133.07,-151.41,2293.48
1.8510,0.0917,1.2849,-1.0228,131.74,-151.83,2293.48
1.8534,0.0874,1.3030,-1.0429,132.86,-151.27,2293.48
1.8558,0.0717,1.3352,-1.0721,132.16,-147.84,2293.48
1.8582,0.0346,1.3576,-1.0902,130.34,-149.10,2293.48
1.8606,0.0327,1.3698,-1.0677,128.87,-151.34,2293.48
1.8630,0.0283,1.3888,-0.9931,128.52,-148.75,2293.48
1.8654,0.0010,1.4089,-0.9589,127.96,-149.45,2293.48
1.8678,-0.0107,1.4294,-0.9965,126.84,-151.48,2293.48
1.8702,-0.0117,1.4611,-1.0814,125.30,-152.25,2293.48
1.8726,-0.0146,1.4904,-1.1278,123.20,-152.74,2293.48
1.8750,-0.0137,1.5123,-1.1112,121.38,-154.63,2293.48
1.8774,0.0122,1.5333,-1.0443,119.56,-157.71,2293.48
1.8798,0.0488,1.5484,-0.9418,117.53,-157.43,2293.48
1.8822,0.0576,1.5670,-0.9048,117.25,-157.01,2293.48
1.8846,0.0590,1.5884,-0.9443,115.57,-159.53,2293.48
1.8870,0.0791,1.6021,-1.0067,113.82,-159.81,2293.48
1.8894,0.0922,1.6182,-1.0390,112.28,-160.30,2293.48
1.8918,0.1103,1.6285,-1.0082,111.23,-162.75,2293.48
1.8942,0.1498,1.6314,-0.9023,109.90,-164.92,2293.48
1.8966,0.1957,1.6299,-0.8042,109.62,-164.08,2293.48
1.8990,0.2181,1.6450,-0.8316,109.27,-162.40,2293.48
1.9014,0.2357,1.6538,-0.9052,107.87,-164.15,2293.48
1.9038,0.2625,1.6612,-0.9618,107.73,-164.43,2293.48
1.9063,0.2850,1.6724,-0.9736,105.91,-164.43,2293.48
1.9087,0.2987,1.6582,-0.9057,104.44,-164.85,2293.48
1.9111,0.3294,1.6187,-0.8047,104.86,-167.93,2293.48
1.9135,0.3597,1.5928,-0.7359,106.33,-166.81,2293.48
1.9159,0.3616,1.5840,-0.7627,106.54,-167.37,2293.48
1.9183,0.3762,1.5718,-0.8452,106.89,-167.93,2293.48
1.9207,0.3875,1.5679,-0.8921,107.59,-168.21,2293.48
1.9231,0.4031,1.5577,-0.8794,107.45,-169.54,2293.48
1.9255,0.4299,1.5299,-0.8272,107.94,-168.91,2293.48
1.9279,0.4412,1.5074,-0.7784,109.06,-168.98,2293.48
1.9303,0.4451,1.4918,-0.7788,108.99,-168.49,2293.48
1.9327,0.4368,1.4708,-0.8340,109.13,-167.37,2293.48
1.9351,0.4216,1.4479,-0.8843,109.76,-167.93,2293.48
1.9375,0.4231,1.4211,-0.8862,110.18,-168.98,2293.48
1.9399,0.4211,1.3923,-0.8501,111.16,-167.65,2293.48
1.9423,0.4094,1.3562,-0.8101,112.35,-167.86,2293.48
1.9447,0.4021,1.3269,-0.7964,114.38,-168.00,2293.48
1.9471,0.3933,1.3010,-0.8208,116.55,-166.95,2293.48
1.9495,0.3802,1.2795,-0.8662,119.42,-164.50,2293.48
1.9519,0.3367,1.2659,-0.8594,121.80,-162.47,2293.48
1.9543,0.3045,1.2581,-0.8076,124.81,-164.85,2293.48
1.9567,0.3070,1.2649,-0.7374,126.14,-163.38,2293.48
1.9591,0.2796,1.2727,-0.6881,127.33,-160.16,2293.48
1.9615,0.2298,1.2825,-0.6778,128.38,-161.35,2293.48
1.9639,0.2142,1.2864,-0.6993,128.24,-163.17,2293.48
1.9663,0.1962,1.2947,-0.7418,127.75,-160.16,2293.48
1.9688,0.1532,1.2991,-0.7608,127.19,-161.28,2293.48
1.9712,0.1430,1.3025,-0.7481,128.03,-164.57,2293.48
1.9736,0.1288,1.3196,-0.6983,128.10,-162.54,2293.48
1.9760,0.0996,1.3337,-0.6754,128.24,-163.17,2293.48
1.9784,0.0786,1.3474,-0.6715,128.03,-164.43,2293.48
1.9808,0.0737,1.3659,-0.6783,128.80,-166.32,2293.48
1.9832,0.0766,1.3859,-0.6827,127.54,-164.92,2293.48
1.9856,0.0625,1.3952,-0.6739,126.84,-164.71,2293.48
1.9880,0.0547,1.4054,-0.6783,127.19,-166.53,2293.48
1.9904,0.0576,1.4289,-0.6608,126.98,-166.32,2293.48
1.9928,0.0542,1.4406,-0.6529,126.00,-165.27,2293.48
1.9952,0.0595,1.4552,-0.6666,126.77,-166.18,2293.48
1.9976,0.0727,1.4821,-0.6954,125.86,-165.83,2293.48
2.0000,0.0654,1.5138,-0.7422,124.74,-164.29,2293.48
2.0024,0.0590,1.5352,-0.7330,122.99,-165.69,2293.48
2.0048,0.0727,1.5465,-0.6910,122.85,-166.18,2293.48
2.0072,0.0913,1.5679,-0.6242,121.10,-166.67,2293.48
2.0096,0.1122,1.5806,-0.5632,119.84,-166.39,2293.48
2.0120,0.1283,1.5899,-0.5524,118.30,-166.60,2293.48
2.0144,0.1464,1.6050,-0.5592,117.53,-167.51,2293.48
2.0168,0.1601,1.6270,-0.5876,114.80,-167.30,2293.48
2.0192,0.1767,1.6421,-0.5949,112.00,-169.05,2293.48
2.0216,0.2001,1.6426,-0.5841,110.46,-169.40,2293.48
2.0240,0.2206,1.6436,-0.5627,109.06,-171.64,2293.48
2.0264,0.2567,1.6411,-0.5383,106.33,-172.69,2293.48
2.0288,0.2796,1.6216,-0.5358,104.37,-171.64,2293.48
2.0313,0.2918,1.6094,-0.5309,103.88,-173.53,2293.48
2.0337,0.3206,1.6104,-0.5344,102.20,-174.58,2293.48
2.0361,0.3475,1.6084,-0.5680,100.03,-174.02,2293.48
2.0385,0.3767,1.5875,-0.5802,98.98,-174.86,2293.48
2.0409,0.4026,1.5748,-0.5500,98.98,-174.23,2293.48
2.0433,0.4138,1.5704,-0.5397,96.39,-173.46,2293.48
2.0457,0.4314,1.5426,-0.5729,95.20,-173.04,2293.48
2.0481,0.4451,1.5177,-0.6037,95.69,-172.27,2293.48
2.0505,0.4494,1.5074,-0.6105,94.57,-172.83,2293.48
2.0529,0.4475,1.4713,-0.6046,92.96,-172.97,2293.48
2.0553,0.4455,1.4245,-0.6007,94.78,-173.04,2293.48
2.0577,0.4368,1.4128,-0.5744,97.51,-172.27,2293.48
2.0601,0.4192,1.3967,-0.5456,97.09,-172.83,2293.48
2.0625,0.4143,1.3664,-0.5524,98.98,-173.11,2293.48
2.0649,0.3938,1.3518,-0.5612,102.27,-173.11,2293.48
2.0673,0.3694,1.3498,-0.5436,104.65,-175.63,2293.48
2.0697,0.3572,1.3454,-0.5153,105.56,-176.47,2293.48
2.0721,0.3392,1.3308,-0.4963,108.01,-176.82,2293.48
2.0745,0.3133,1.3293,-0.4651,111.23,-178.50,2293.48
2.0769,0.2987,1.3376,-0.4319,113.05,-181.51,2293.48
2.0793,0.2918,1.3293,-0.4329,114.10,-181.37,2293.48
2.0817,0.2694,1.3186,-0.4485,116.76,-182.28,2293.48
2.0841,0.2557,1.3264,-0.4436,118.79,-184.52,2293.48
2.0865,0.2577,1.3313,-0.4455,119.98,-184.03,2293.48
2.0889,0.2401,1.3235,-0.4714,122.15,-182.07,2293.48
2.0913,0.2137,1.3239,-0.4802,124.74,-183.26,2293.48
2.0938,0.2103,1.3235,-0.4778,126.21,-182.77,2293.48
2.0962,0.1976,1.3147,-0.4924,129.43,-180.67,2293.48
2.0986,0.1674,1.3171,-0.5075,132.72,-180.04,2293.48
2.1010,0.1488,1.3259,-0.5095,134.26,-180.39,2293.48
2.1034,0.1376,1.3322,-0.5139,136.15,-178.50,2293.48
2.1058,0.1225,1.3410,-0.5129,138.74,-176.40,2293.48
2.1082,0.1152,1.3571,-0.4900,140.28,-175.42,2293.48
2.1106,0.1113,1.3654,-0.4817,140.84,-173.11,2293.48
2.1130,0.1044,1.3737,-0.4724,142.66,-170.38,2293.48
2.1154,0.0956,1.3908,-0.4626,144.06,-167.65,2293.48
2.1178,0.0854,1.4079,-0.4978,144.20,-165.76,2293.48
2.1202,0.0727,1.4254,-0.5539,144.48,-163.59,2293.48
2.1226,0.0673,1.4508,-0.5924,145.11,-162.26,2293.48
2.1250,0.0625,1.4752,-0.5934,144.13,-160.44,2293.48
2.1274,0.0669,1.4869,-0.5817,143.01,-159.95,2293.48
2.1298,0.0966,1.4918,-0.5490,142.03,-157.92,2293.48
2.1322,0.1171,1.4962,-0.5212,141.33,-154.91,2293.48
2.1346,0.1308,1.5011,-0.5334,140.00,-153.58,2293.48
2.1370,0.1557,1.4947,-0.5344,138.74,-150.50,2293.48
2.1394,0.1659,1.4913,-0.5187,137.69,-146.79,2293.48
2.1418,0.1723,1.5006,-0.5085,136.08,-145.60,2293.48
2.1442,0.1913,1.5069,-0.5231,134.54,-143.29,2293.48
2.1466,0.2128,1.5187,-0.5573,132.86,-140.77,2293.48
2.1490,0.2250,1.5362,-0.5939,129.99,-138.18,2293.48
2.1514,0.2435,1.5387,-0.6246,126.42,-137.97,2293.48
2.1538,0.2694,1.5406,-0.6515,123.69,-135.24,2293.48
2.1563,0.2806,1.5338,-0.6588,120.05,-134.12,2293.48
2.1587,0.2933,1.5235,-0.6354,117.53,-134.33,2293.48
2.1611,0.3065,1.5211,-0.6412,113.89,-134.26,2293.48
2.1635,0.3187,1.5123,-0.6603,110.60,-134.75,2293.48
2.1659,0.3309,1.5099,-0.6847,107.73,-135.66,2293.48
2.1683,0.3484,1.5030,-0.6861,103.53,-137.83,2293.48
2.1707,0.3709,1.4845,-0.6608,100.10,-138.32,2293.48
2.1731,0.3748,1.4660,-0.6349,97.58,-138.74,2293.48
2.1755,0.3772,1.4498,-0.6105,95.34,-142.03,2293.48
2.1779,0.3841,1.4298,-0.5827,93.17,-144.13,2293.48
2.1803,0.3797,1.4137,-0.5602,92.19,-145.81,2293.48
2.1827,0.3606,1.4079,-0.5714,90.93,-148.40,2293.48
2.1851,0.3333,1.3981,-0.5724,89.39,-153.51,2293.48
2.1875,0.3260,1.3884,-0.5641,89.39,-158.55,2293.48
2.1899,0.3250,1.3849,-0.5700,89.25,-161.49,2293.48
2.1923,0.3196,1.3752,-0.6022,89.25,-166.32,2293.48
2.1947,0.3265,1.3586,-0.6442,90.16,-170.87,2293.48
2.1971,0.3309,1.3449,-0.6734,91.35,-173.95,2293.48
2.1995,0.3260,1.3357,-0.7017,93.17,-176.05,2293.48
2.2019,0.3099,1.3196,-0.7242,94.99,-178.08,2293.48
2.2043,0.3006,1.3049,-0.7447,98.35,-181.02,2293.48
2.2067,0.2908,1.2971,-0.7554,101.57,-181.23,2293.48
2.2091,0.2645,1.2888,-0.7710,105.70,-182.70,2293.48
2.2115,0.2494,1.2961,-0.7754,109.13,-184.80,2293.48
2.2139,0.2386,1.3015,-0.7549,112.00,-184.52,2293.48
2.2163,0.2162,1.3044,-0.7564,116.06,-184.52,2293.48
2.2188,0.1898,1.3156,-0.7452,119.21,-185.22,2293.48
2.2212,0.1732,1.3249,-0.7257,121.03,-185.85,2293.48
2.2236,0.1620,1.3327,-0.6964,122.64,-184.73,2293.48
2.2260,0.1518,1.3449,-0.6910,126.07,-184.45,2293.48
2.2284,0.1532,1.3718,-0.6939,127.89,-183.61,2293.48
2.2308,0.1493,1.3908,-0.6881,128.38,-180.95,2293.48
2.2332,0.1391,1.3986,-0.6939,129.85,-179.34,2293.48
2.2356,0.1376,1.4132,-0.6925,131.60,-177.52,2293.48
2.2380,0.1313,1.4289,-0.7213,131.60,-174.30,2293.48
2.2404,0.1191,1.4342,-0.7725,132.09,-171.43,2293.48
2.2428,0.1249,1.4391,-0.8101,133.07,-168.98,2293.48
2.2452,0.1313,1.4528,-0.8389,133.21,-165.27,2293.48
2.2476,0.1327,1.4596,-0.8677,131.95,-162.26,2293.48
2.2500,0.1469,1.4547,-0.8691,132.72,-158.83,2293.48
2.2524,0.1552,1.4635,-0.8462,133.77,-154.98,2293.48
2.2548,0.1591,1.4733,-0.8364,133.07,-151.48,2293.48
2.2572,0.1630,1.4728,-0.8438,132.37,-147.00,2293.48
2.2596,0.1620,1.4796,-0.8516,132.79,-144.20,2293.48
2.2620,0.1635,1.4904,-0.8638,131.11,-141.82,2293.48
2.2644,0.1669,1.4923,-0.8613,129.29,-139.65,2293.48
2.2668,0.1737,1.4977,-0.8496,128.31,-137.48,2293.48
2.2692,0.1810,1.5050,-0.8438,127.12,-135.94,2293.48
2.2716,0.1972,1.5118,-0.8472,125.02,-135.17,2293.48
2.2740,0.2172,1.5128,-0.8633,122.78,-133.28,2293.48
2.2764,0.2298,1.5143,-0.8843,121.45,-132.58,2293.48
2.2788,0.2499,1.5177,-0.9062,119.00,-132.86,2293.48
2.2813,0.2640,1.5060,-0.9135,116.55,-132.09,2293.48
2.2837,0.2621,1.4972,-0.9087,115.22,-133.00,2293.48
2.2861,0.2747,1.5026,-0.9106,113.19,-135.17,2293.48
2.2885,0.3006,1.5104,-0.9335,110.60,-135.45,2293.48
2.2909,0.3211,1.5099,-0.9765,108.29,-136.43,2293.48
2.2933,0.3362,1.5118,-1.0009,105.70,-138.25,2293.48
2.2957,0.3558,1.5128,-1.0106,101.92,-140.56,2293.48
2.2981,0.3767,1.4908,-1.0155,98.21,-141.33,2293.48
2.3005,0.3875,1.4689,-1.0097,96.25,-143.57,2293.48
2.3029,0.3992,1.4572,-0.9823,93.45,-146.51,2293.48
2.3053,0.4099,1.4323,-0.9584,90.44,-147.70,2293.48
2.3077,0.4026,1.4089,-0.9721,89.32,-149.17,2293.48
2.3101,0.3884,1.3952,-0.9950,87.99,-151.83,2293.48
2.3125,0.3772,1.3854,-1.0028,86.73,-155.89,2293.48
2.3149,0.3670,1.3737,-1.0058,86.03,-158.69,2293.48
2.3173,0.3475,1.3659,-1.0048,86.66,-162.19,2293.48
2.3197,0.3333,1.3596,-1.0033,86.66,-167.86,2293.48
2.3221,0.3265,1.3503,-1.0170,87.22,-171.08,2293.48
2.3245,0.3104,1.3449,-1.0458,88.06,-175.00,2293.48
2.3269,0.2977,1.3347,-1.0829,89.25,-179.62,2293.48
2.3293,0.2894,1.3230,-1.1180,91.14,-182.84,2293.48
2.3317,0.2777,1.3122,-1.1336,93.38,-185.92,2293.48
2.3341,0.2606,1.3025,-1.1424,96.39,-188.58,2293.48
2.3365,0.2401,1.2986,-1.1561,100.10,-191.24,2293.48
2.3389,0.2230,1.2961,-1.1585,103.46,-192.50,2293.48
2.3413,0.1942,1.3064,-1.1590,106.47,-193.41,2293.48
2.3438,0.1854,1.3137,-1.1234,108.78,-196.98,2293.48
2.3462,0.1889,1.3220,-1.0668,112.49,-196.28,2293.48
2.3486,0.1635,1.3425,-1.0458,115.22,-196.00,2293.48
2.3510,0.1547,1.3557,-1.0346,118.16,-196.84,2293.48
2.3534,0.1454,1.3684,-1.0448,120.82,-193.83,2293.48
2.3558,0.1249,1.3771,-1.0658,123.20,-193.06,2293.48
2.3582,0.1176,1.3859,-1.0624,126.00,-191.17,2293.48
2.3606,0.1020,1.3913,-1.0599,128.87,-188.51,2293.48
2.3630,0.0766,1.4040,-1.0780,132.23,-185.78,2293.48
2.3654,0.0605,1.4294,-1.0853,134.05,-184.45,2293.48
2.3678,0.0639,1.4533,-1.0897,136.08,-181.86,2293.48
2.3702,0.0683,1.4694,-1.0941,137.69,-177.87,2293.48
2.3726,0.0795,1.4806,-1.0702,139.16,-175.14,2293.48
2.3750,0.0864,1.4904,-1.0507,139.72,-170.59,2293.48
2.3774,0.0878,1.4918,-1.0624,141.05,-166.95,2293.48
2.3798,0.0878,1.5089,-1.1248,142.38,-162.33,2293.48
2.3822,0.0898,1.5245,-1.1927,141.54,-159.32,2293.48
2.3846,0.1039,1.5138,-1.2190,142.17,-155.19,2293.48
2.3870,0.1196,1.5143,-1.2171,143.15,-152.25,2293.48
2.3894,0.1342,1.5279,-1.2141,142.31,-148.54,2293.48
2.3918,0.1469,1.5250,-1.2434,141.47,-144.83,2293.48
2.3942,0.1576,1.5260,-1.2922,142.24,-140.91,2293.48
2.3966,0.1659,1.5343,-1.3342,141.54,-137.55,2293.48
2.3990,0.1771,1.5260,-1.3483,140.42,-134.54,2293.48
2.4014,0.1962,1.5216,-1.3322,140.63,-132.79,2293.48
2.4038,0.2133,1.5250,-1.3064,140.14,-129.57,2293.48
2.4063,0.2186,1.5187,-1.2790,138.67,-127.89,2293.48
2.4087,0.2308,1.5065,-1.2747,137.97,-127.26,2293.48
2.4111,0.2455,1.5079,-1.3132,136.50,-126.14,2293.48
2.4135,0.2582,1.5118,-1.3518,133.28,-125.86,2293.48
2.4159,0.2684,1.5030,-1.3674,130.41,-126.07,2293.48
2.4183,0.2782,1.4967,-1.3318,127.61,-128.17,2293.48
2.4207,0.2913,1.4952,-1.2678,124.11,-129.64,2293.48
2.4231,0.3016,1.4762,-1.2512,120.68,-130.27,2293.48
2.4255,0.3035,1.4611,-1.2639,118.93,-132.09,2293.48
2.4279,0.2962,1.4591,-1.2683,115.15,-134.96,2293.48
2.4303,0.3040,1.4411,-1.2844,111.86,-139.02,2293.48
2.4327,0.3162,1.4308,-1.2771,109.90,-141.54,2293.48
2.4351,0.3152,1.4289,-1.2273,107.59,-144.48,2293.48
2.4375,0.3304,1.4089,-1.2024,104.51,-148.47,2293.48
2.4399,0.3518,1.3776,-1.2102,102.55,-149.59,2293.48
2.4423,0.3406,1.3586,-1.2498,101.08,-151.13,2293.48
2.4447,0.3279,1.3405,-1.2664,98.98,-155.47,2293.48
2.4471,0.3226,1.3215,-1.2478,98.21,-156.59,2293.48
2.4495,0.2996,1.3103,-1.1990,97.02,-158.97,2293.48
2.4519,0.2826,1.2976,-1.1458,96.60,-162.40,2293.48
2.4543,0.2708,1.2873,-1.1380,96.46,-164.85,2293.48
2.4567,0.2601,1.2849,-1.1551,97.09,-166.60,2293.48
2.4591,0.2313,1.2917,-1.1780,97.02,-168.07,2293.48
2.4615,0.2098,1.2947,-1.1678,97.09,-173.25,2293.48
2.4639,0.2172,1.2956,-1.1356,98.63,-175.00,2293.48
2.4663,0.2030,1.3054,-1.1009,99.89,-175.42,2293.48
2.4688,0.1728,1.3142,-1.0819,100.52,-178.50,2293.48
2.4712,0.1630,1.3166,-1.0868,101.71,-181.09,2293.48
2.4736,0.1664,1.3210,-1.0838,103.32,-181.51,2293.48
2.4760,0.1547,1.3327,-1.0731,105.00,-181.93,2293.48
2.4784,0.1386,1.3400,-1.0546,106.40,-184.17,2293.48
2.4808,0.1362,1.3435,-1.0492,109.20,-183.89,2293.48
2.4832,0.1132,1.3581,-1.0565,111.37,-182.63,2293.48
2.4856,0.0869,1.3718,-1.0634,113.40,-184.31,2293.48
2.4880,0.0854,1.3835,-1.0790,116.13,-184.73,2293.48
2.4904,0.0781,1.3991,-1.0878,118.93,-183.89,2293.48
2.4928,0.0634,1.4245,-1.0829,121.10,-183.89,2293.48
2.4952,0.0634,1.4411,-1.0780,122.64,-184.73,2293.48
2.4976,0.0722,1.4513,-1.0682,125.93,-183.82,2293.48
2.5000,0.0678,1.4796,-1.0443,128.38,-182.63,2293.48
2.5024,0.0693,1.4899,-1.0346,129.36,-182.42,2293.48
2.5048,0.0844,1.4928,-1.0346,132.09,-181.02,2293.48
2.5072,0.0932,1.5138,-1.0297,134.68,-178.22,2293.48
2.5096,0.0898,1.5240,-1.0282,136.29,-176.19,2293.48
2.5120,0.0996,1.5279,-1.0380,137.90,-175.35,2293.48
2.5144,0.1254,1.5279,-1.0390,139.65,-172.20,2293.48
2.5168,0.1366,1.5328,-1.0404,141.75,-168.28,2293.48
2.5192,0.1454,1.5401,-1.0404,142.03,-166.67,2293.48
2.5216,0.1659,1.5387,-1.0390,143.08,-163.73,2293.48
2.5240,0.1801,1.5455,-1.0472,143.99,-159.67,2293.48
2.5264,0.1903,1.5514,-1.0526,143.92,-156.94,2293.48
2.5288,0.2015,1.5494,-1.0643,143.22,-154.35,2293.48
2.5313,0.2147,1.5445,-1.0692,142.66,-151.69,2293.48
2.5337,0.2269,1.5377,-1.0629,141.82,-148.89,2293.48
2.5361,0.2406,1.5313,-1.0521,140.84,-147.42,2293.48
2.5385,0.2625,1.5226,-1.0477,139.93,-145.88,2293.48
2.5409,0.2650,1.5148,-1.0414,138.81,-143.29,2293.48
2.5433,0.2694,1.5050,-1.0321,137.48,-143.01,2293.48
2.5457,0.2904,1.4899,-1.0341,135.59,-140.98,2293.48
2.5481,0.2977,1.4742,-1.0414,133.28,-140.35,2293.48
2.5505,0.3104,1.4557,-1.0331,131.25,-140.49,2293.48
2.5529,0.3367,1.4298,-1.0111,127.26,-138.67,2293.48
2.5553,0.3323,1.4245,-1.0082,123.13,-138.74,2293.48
2.5577,0.3479,1.3957,-1.0253,120.40,-139.86,2293.48
2.5601,0.3553,1.3732,-1.0160,118.86,-138.39,2293.48
2.5625,0.3396,1.3591,-0.9858,115.92,-139.44,2293.48
2.5649,0.3333,1.3366,-0.9716,112.98,-141.05,2293.48
2.5673,0.3274,1.3215,-0.9609,111.09,-142.10,2293.48
2.5697,0.3138,1.3254,-0.9648,108.92,-143.29,2293.48
2.5721,0.2987,1.3259,-0.9809,106.12,-145.67,2293.48
2.5745,0.2884,1.3264,-0.9960,104.16,-148.26,2293.48
2.5769,0.2772,1.3303,-0.9809,100.80,-151.20,2293.48
2.5793,0.2645,1.3191,-0.9570,98.42,-153.86,2293.48
2.5817,0.2562,1.3122,-0.9643,97.02,-157.08,2293.48
2.5841,0.2513,1.3127,-1.0106,95.97,-158.97,2293.48
2.5865,0.2338,1.3054,-1.0643,93.94,-161.56,2293.48
2.5889,0.2211,1.3010,-1.0863,93.52,-165.34,2293.48
2.5913,0.2123,1.2991,-1.0726,93.31,-166.53,2293.48
2.5938,0.1889,1.3020,-1.0399,93.66,-168.84,2293.48
2.5962,0.1767,1.3069,-1.0170,93.73,-172.34,2293.48
2.5986,0.1771,1.3103,-1.0024,94.85,-173.53,2293.48
2.6010,0.1591,1.3230,-1.0009,95.97,-174.37,2293.48
2.6034,0.1415,1.3347,-1.0033,96.88,-177.45,2293.48
2.6058,0.1357,1.3454,-1.0004,98.35,-178.64,2293.48
2.6082,0.1220,1.3596,-0.9823,100.10,-179.06,2293.48
2.6106,0.1049,1.3776,-0.9584,101.71,-180.53,2293.48
2.6130,0.1025,1.3884,-0.9614,102.83,-183.12,2293.48
2.6154,0.1137,1.3903,-0.9662,105.42,-183.40,2293.48
2.6178,0.1078,1.4050,-0.9697,108.15,-182.56,2293.48
2.6202,0.1000,1.4230,-0.9658,109.34,-184.10,2293.48
2.6226,0.1122,1.4294,-0.9555,112.07,-184.17,2293.48
2.6250,0.1122,1.4411,-0.9399,114.87,-182.56,2293.48
2.6274,0.1074,1.4533,-0.9179,117.11,-182.49,2293.48
2.6298,0.1191,1.4586,-0.9126,119.56,-181.65,2293.48
2.6322,0.1308,1.4703,-0.9384,122.36,-179.55,2293.48
2.6346,0.1381,1.4899,-0.9736,124.81,-177.87,2293.48
2.6370,0.1498,1.4986,-0.9970,126.98,-176.26,2293.48
2.6394,0.1596,1.5079,-0.9970,129.71,-173.74,2293.48
2.6418,0.1625,1.5216,-0.9936,131.74,-171.71,2293.48
2.6442,0.1645,1.5235,-0.9897,133.00,-169.47,2293.48
2.6466,0.1742,1.5270,-0.9970,135.38,-167.30,2293.48
2.6490,0.1918,1.5284,-1.0102,136.78,-164.99,2293.48
2.6514,0.2020,1.5255,-1.0121,138.25,-163.38,2293.48
2.6538,0.2172,1.5221,-1.0180,139.23,-162.26,2293.48
2.6563,0.2357,1.5148,-1.0072,140.49,-159.60,2293.48
2.6587,0.2425,1.5074,-0.9970,140.84,-157.22,2293.48
2.6611,0.2513,1.5026,-0.9984,141.05,-156.17,2293.48
2.6635,0.2713,1.4972,-1.0175,141.12,-153.58,2293.48
2.6659,0.2772,1.4845,-1.0258,140.84,-150.43,2293.48
2.6683,0.2782,1.4699,-1.0194,139.93,-149.94,2293.48
2.6707,0.2957,1.4533,-1.0067,139.09,-148.33,2293.48
2.6731,0.3021,1.4376,-0.9809,138.53,-145.95,2293.48
2.6755,0.3060,1.4274,-0.9755,137.20,-145.25,2293.48
2.6779,0.3182,1.4157,-0.9848,135.66,-144.13,2293.48
2.6803,0.3270,1.3947,-0.9858,133.91,-143.15,2293.48
2.6827,0.3299,1.3796,-0.9687,131.95,-142.52,2293.48
2.6851,0.3216,1.3693,-0.9321,129.29,-142.66,2293.48
2.6875,0.3245,1.3532,-0.9155,127.82,-142.52,2293.48
2.6899,0.3299,1.3430,-0.9345,126.00,-140.70,2293.48
2.6923,0.3240,1.3210,-0.9462,122.99,-140.77,2293.48
2.6947,0.3211,1.2976,-0.9272,120.75,-141.12,2293.48
2.6971,0.3231,1.2830,-0.8994,119.07,-140.42,2293.48
2.6995,0.3099,1.2678,-0.8823,117.25,-139.23,2293.48
2.7019,0.2918,1.2605,-0.8686,115.15,-140.49,2293.48
2.7043,0.2874,1.2464,-0.8696,113.26,-140.49,2293.48
2.7067,0.2733,1.2395,-0.8682,112.28,-140.28,2293.48
2.7091,0.2523,1.2459,-0.8725,110.60,-141.05,2293.48
2.7115,0.2333,1.2415,-0.8755,108.36,-142.24,2293.48
2.7139,0.2250,1.2327,-0.8667,107.94,-143.36,2293.48
2.7163,0.2137,1.2366,-0.8628,107.38,-143.15,2293.48
2.7188,0.1864,1.2415,-0.8613,105.98,-145.04,2293.48
2.7212,0.1684,1.2410,-0.8774,105.49,-147.14,2293.48
2.7236,0.1586,1.2537,-0.8877,105.56,-147.35,2293.48
2.7260,0.1318,1.2683,-0.8862,105.28,-148.19,2293.48
2.7284,0.1181,1.2727,-0.8706,104.79,-151.41,2293.48
2.7308,0.1249,1.2815,-0.8257,105.49,-152.46,2293.48
2.7332,0.1083,1.3005,-0.7945,105.84,-152.74,2293.48
2.7356,0.0903,1.3142,-0.7857,105.49,-156.24,2293.48
2.7380,0.0961,1.3278,-0.7871,106.75,-157.71,2293.48
2.7404,0.0825,1.3483,-0.7876,107.31,-157.92,2293.48
2.7428,0.0722,1.3688,-0.7730,107.80,-161.77,2293.48
2.7452,0.0766,1.3849,-0.7544,107.80,-163.24,2293.48
2.7476,0.0737,1.4020,-0.7432,109.13,-165.27,2293.48
2.7500,0.0727,1.4347,-0.7505,110.11,-166.67,2293.48
2.7524,0.0752,1.4503,-0.7818,109.34,-169.19,2293.48
2.7548,0.0913,1.4538,-0.8037,110.39,-171.71,2293.48
2.7572,0.1049,1.4694,-0.7998,111.16,-172.62,2293.48
2.7596,0.1147,1.4782,-0.7906,110.81,-174.51,2293.48
2.7620,0.1313,1.4772,-0.7735,111.37,-175.56,2293.48
2.7644,0.1503,1.4860,-0.7427,113.47,-176.12,2293.48
2.7668,0.1635,1.4996,-0.7242,114.10,-176.47,2293.48
2.7692,0.1771,1.5040,-0.7296,114.80,-176.89,2293.48
2.7716,0.1937,1.5143,-0.7481,116.62,-176.82,2293.48
2.7740,0.2123,1.5240,-0.7476,117.88,-176.68,2293.48
2.7764,0.2298,1.5245,-0.7296,118.86,-175.91,2293.48
2.7788,0.2440,1.5230,-0.7188,120.26,-175.56,2293.48
2.7813,0.2601,1.5226,-0.7120,121.87,-175.00,2293.48
2.7837,0.2752,1.5211,-0.7208,122.85,-173.88,2293.48
2.7861,0.2860,1.5104,-0.7437,123.76,-172.69,2293.48
2.7885,0.2987,1.4918,-0.7579,125.23,-171.85,2293.48
2.7909,0.3070,1.4772,-0.7349,126.70,-170.45,2293.48
2.7933,0.3099,1.4655,-0.7174,127.61,-169.61,2293.48
2.7957,0.3113,1.4503,-0.7174,128.52,-168.21,2293.48
2.7981,0.3094,1.4333,-0.7071,130.62,-167.23,2293.48
2.8005,0.3104,1.4225,-0.7091,131.60,-166.25,2293.48
2.8029,0.3084,1.4103,-0.7203,132.09,-165.06,2293.48
2.8053,0.3074,1.3923,-0.7515,132.65,-164.50,2293.48
2.8077,0.3104,1.3898,-0.7769,133.70,-163.38,2293.48
2.8101,0.3143,1.3796,-0.7867,133.77,-162.05,2293.48
2.8125,0.3152,1.3610,-0.7754,133.91,-160.79,2293.48
2.8149,0.3143,1.3518,-0.7505,133.91,-160.65,2293.48
2.8173,0.3157,1.3391,-0.7501,133.21,-158.69,2293.48
2.8197,0.3055,1.3322,-0.7642,132.58,-156.45,2293.48
2.8221,0.2952,1.3254,-0.8018,132.16,-155.54,2293.48
2.8245,0.2923,1.3142,-0.8233,130.90,-154.63,2293.48
2.8269,0.2889,1.3010,-0.8159,129.71,-152.88,2293.48
2.8293,0.2704,1.2844,-0.7896,129.22,-151.34,2293.48
2.8317,0.2572,1.2766,-0.7613,128.73,-151.97,2293.48
2.8341,0.2523,1.2766,-0.7725,127.26,-149.94,2293.48
2.8365,0.2362,1.2742,-0.7989,126.21,-149.03,2293.48
2.8389,0.2225,1.2781,-0.8213,125.16,-149.10,2293.48
2.8413,0.2084,1.2849,-0.8081,122.85,-148.68,2293.48
2.8438,0.1962,1.2825,-0.7886,121.17,-148.54,2293.48
2.8462,0.1820,1.2805,-0.7769,119.63,-148.40,2293.48
2.8486,0.1679,1.2898,-0.7720,117.67,-149.31,2293.48
2.8510,0.1630,1.2956,-0.7837,114.94,-149.66,2293.48
2.8534,0.1503,1.2966,-0.8140,114.17,-150.29,2293.48
2.8558,0.1386,1.3034,-0.8472,113.40,-151.69,2293.48
2.8582,0.1279,1.3132,-0.8403,111.65,-152.11,2293.48
2.8606,0.1161,1.3191,-0.7969,110.32,-153.37,2293.48
2.8630,0.1039,1.3298,-0.7618,110.67,-154.56,2293.48
2.8654,0.0961,1.3513,-0.7613,110.04,-155.96,2293.48
2.8678,0.0908,1.3698,-0.7857,108.92,-156.87,2293.48
2.8702,0.0854,1.3840,-0.8081,108.92,-158.62,2293.48
2.8726,0.0922,1.4035,-0.7920,108.99,-160.44,2293.48
2.8750,0.1044,1.4167,-0.7491,107.66,-161.70,2293.48
2.8774,0.1132,1.4196,-0.7105,107.73,-162.68,2293.48
2.8798,0.1264,1.4303,-0.6934,108.43,-163.73,2293.48
2.8822,0.1386,1.4489,-0.7066,108.22,-163.87,2293.48
2.8846,0.1410,1.4591,-0.7340,107.59,-164.64,2293.48
2.8870,0.1484,1.4601,-0.7564,108.29,-165.62,2293.48
2.8894,0.1630,1.4655,-0.7413,108.64,-165.83,2293.48
2.8918,0.1718,1.4699,-0.7149,108.85,-166.04,2293.48
2.8942,0.1776,1.4699,-0.7227,109.62,-167.16,2293.48
2.8966,0.1898,1.4757,-0.7413,111.16,-167.93,2293.48
2.8990,0.2035,1.4869,-0.7627,112.28,-168.35,2293.48
2.9014,0.2157,1.4894,-0.7598,112.63,-168.42,2293.48
2.9038,0.2284,1.4889,-0.7535,114.24,-169.19,2293.48
2.9063,0.2435,1.4913,-0.7486,115.50,-170.31,2293.48
2.9087,0.2577,1.4928,-0.7422,116.55,-169.68,2293.48
2.9111,0.2591,1.4879,-0.7608,117.32,-169.40,2293.48
2.9135,0.2650,1.4821,-0.7735,118.72,-170.73,2293.48
2.9159,0.2845,1.4767,-0.7759,119.98,-170.03,2293.48
2.9183,0.2884,1.4694,-0.7725,120.75,-168.77,2293.48
2.9207,0.2899,1.4601,-0.7828,121.52,-169.89,2293.48
2.9231,0.3084,1.4464,-0.7984,122.36,-169.82,2293.48
2.9255,0.3221,1.4372,-0.8184,123.13,-168.14,2293.48
2.9279,0.3216,1.4245,-0.8428,123.41,-166.95,2293.48
2.9303,0.3201,1.4084,-0.8550,124.39,-166.53,2293.48
2.9327,0.3182,1.3952,-0.8447,125.16,-165.41,2293.48
2.9351,0.3167,1.3786,-0.8194,125.72,-164.64,2293.48
2.9375,0.3099,1.3659,-0.8057,126.00,-163.73,2293.48
2.9399,0.3070,1.3586,-0.8013,126.56,-163.80,2293.48
2.9423,0.3099,1.3527,-0.8218,127.05,-162.19,2293.48
2.9447,0.3001,1.3454,-0.8379,126.84,-161.49,2293.48
2.9471,0.2982,1.3357,-0.8394,126.49,-161.84,2293.48
2.9495,0.2938,1.3244,-0.8345,126.07,-161.00,2293.48
2.9519,0.2806,1.3142,-0.8247,125.65,-160.16,2293.48
2.9543,0.2655,1.3078,-0.8076,124.32,-159.81,2293.48
2.9567,0.2562,1.3020,-0.8032,123.69,-159.81,2293.48
2.9591,0.2474,1.2995,-0.8252,122.92,-159.04,2293.48
2.9615,0.2352,1.3010,-0.8662,122.29,-159.25,2293.48
2.9639,0.2294,1.2971,-0.8969,120.61,-159.18,2293.48
2.9663,0.2230,1.2903,-0.8901,119.70,-159.18,2293.48
2.9688,0.2133,1.2883,-0.8672,118.79,-158.62,2293.48
2.9712,0.2045,1.2883,-0.8457,117.95,-159.04,2293.48
2.9736,0.1908,1.2917,-0.8447,116.69,-158.48,2293.48
2.9760,0.1742,1.2942,-0.8608,115.36,-158.97,2293.48
2.9784,0.1649,1.3064,-0.8686,114.38,-158.48,2293.48
2.9808,0.1523,1.3215,-0.8594,112.49,-157.78,2293.48
2.9832,0.1464,1.3269,-0.8438,110.74,-158.69,2293.48
2.9856,0.1449,1.3318,-0.8452,109.62,-158.34,2293.48
2.9880,0.1415,1.3376,-0.8642,108.29,-158.27,2293.48
2.9904,0.1440,1.3444,-0.8784,107.31,-158.06,2293.48
2.9928,0.1420,1.3532,-0.8857,106.26,-157.71,2293.48
2.9952,0.1440,1.3630,-0.8769,105.49,-157.78,2293.48
2.9976,0.1449,1.3708,-0.8696,105.21,-157.01,2293.48
3.0000,0.1440,1.3766,-0.8608,104.58,-157.15,2293.48
3.0024,0.1454,1.3859,-0.8535,104.37,-156.73,2293.48
3.0048,0.1474,1.3981,-0.8481,104.09,-156.59,2293.48
3.0072,0.1488,1.4089,-0.8530,104.65,-156.38,2293.48
3.0096,0.1469,1.4250,-0.8965,104.58,-156.73,2293.48
3.0120,0.1527,1.4376,-0.9160,103.95,-157.36,2293.48
3.0144,0.1610,1.4420,-0.8984,104.72,-156.94,2293.48
3.0168,0.1649,1.4430,-0.8813,105.07,-157.85,2293.48
3.0192,0.1762,1.4430,-0.8638,105.77,-158.83,2293.48
3.0216,0.1879,1.4498,-0.8764,106.89,-158.41,2293.48
3.0240,0.1937,1.4577,-0.9038,107.80,-158.83,2293.48
3.0264,0.2015,1.4616,-0.9228,108.99,-158.97,2293.48
3.0288,0.2069,1.4635,-0.9345,109.83,-159.67,2293.48
3.0313,0.2176,1.4655,-0.9233,110.95,-160.51,2293.48
3.0337,0.2303,1.4616,-0.9043,112.35,-160.86,2293.48
3.0361,0.2367,1.4552,-0.8979,114.10,-161.98,2293.48
3.0385,0.2474,1.4542,-0.9067,115.64,-162.75,2293.48
3.0409,0.2572,1.4547,-0.9243,116.97,-163.03,2293.48
3.0433,0.2625,1.4484,-0.9355,118.37,-164.08,2293.48
3.0457,0.2713,1.4396,-0.9335,119.98,-165.20,2293.48
3.0481,0.2762,1.4328,-0.9174,121.38,-165.13,2293.48
3.0505,0.2752,1.4240,-0.8989,122.99,-165.83,2293.48
3.0529,0.2796,1.4142,-0.8984,124.04,-166.74,2293.48
3.0553,0.2884,1.4020,-0.9077,125.30,-167.51,2293.48
3.0577,0.2899,1.3976,-0.9174,126.70,-167.30,2293.48
3.0601,0.2899,1.3918,-0.9282,127.33,-167.79,2293.48
3.0625,0.2923,1.3791,-0.9292,128.38,-167.37,2293.48
3.0649,0.2855,1.3693,-0.9096,129.36,-167.51,2293.48
3.0673,0.2869,1.3547,-0.8891,129.92,-167.72,2293.48
3.0697,0.2874,1.3444,-0.8857,130.34,-166.81,2293.48
3.0721,0.2791,1.3400,-0.8945,130.62,-166.60,2293.48
3.0745,0.2757,1.3322,-0.9091,131.04,-166.25,2293.48
3.0769,0.2752,1.3249,-0.9199,131.39,-165.76,2293.48
3.0793,0.2679,1.3171,-0.9116,130.90,-164.36,2293.48
3.0817,0.2572,1.3020,-0.8965,130.48,-163.94,2293.48
3.0841,0.2533,1.2932,-0.8823,130.55,-163.10,2293.48
3.0865,0.2416,1.2917,-0.8667,129.71,-161.42,2293.48
3.0889,0.2240,1.2844,-0.8808,129.15,-160.65,2293.48
3.0913,0.2098,1.2810,-0.8950,128.59,-159.81,2293.48
3.0938,0.1972,1.2825,-0.8926,127.61,-158.62,2293.48
3.0962,0.1874,1.2815,-0.8857,126.07,-157.50,2293.48
3.0986,0.1781,1.2805,-0.8662,124.88,-156.66,2293.48
3.1010,0.1742,1.2878,-0.8574,123.90,-156.17,2293.48
3.1034,0.1708,1.2961,-0.8506,122.15,-154.56,2293.48
3.1058,0.1591,1.2995,-0.8535,120.75,-153.23,2293.48
3.1082,0.1523,1.3059,-0.8589,119.21,-152.95,2293.48
3.1106,0.1503,1.3113,-0.8589,117.39,-151.69,2293.48
3.1130,0.1381,1.3200,-0.8535,115.64,-150.29,2293.48
3.1154,0.1332,1.3264,-0.8296,113.82,-150.50,2293.48
3.1178,0.1357,1.3327,-0.8164,112.42,-149.59,2293.48
3.1202,0.1298,1.3444,-0.8169,110.81,-149.10,2293.48
3.1226,0.1322,1.3532,-0.8169,109.41,-148.68,2293.48
3.1250,0.1293,1.3679,-0.8242,108.01,-148.12,2293.48
3.1274,0.1337,1.3776,-0.8281,106.26,-148.89,2293.48
3.1298,0.1444,1.3845,-0.8159,105.63,-148.33,2293.48
3.1322,0.1401,1.3976,-0.8072,104.16,-148.54,2293.48
3.1346,0.1449,1.4069,-0.8047,103.04,-149.66,2293.48
3.1370,0.1469,1.4172,-0.7945,102.55,-149.52,2293.48
3.1394,0.1527,1.4240,-0.7847,102.20,-151.27,2293.48
3.1418,0.1669,1.4318,-0.7852,101.64,-151.90,2293.48
3.1442,0.1732,1.4362,-0.7989,101.08,-152.67,2293.48
3.1466,0.1850,1.4367,-0.8018,101.50,-153.93,2293.48
3.1490,0.1962,1.4435,-0.7876,101.71,-155.33,2293.48
3.1514,0.2084,1.4440,-0.7701,102.13,-157.01,2293.48
3.1538,0.2176,1.4406,-0.7481,103.32,-157.57,2293.48
3.1563,0.2196,1.4401,-0.7422,104.44,-158.90,2293.48
3.1587,0.2284,1.4386,-0.7613,105.00,-160.37,2293.48
3.1611,0.2362,1.4357,-0.7901,106.26,-161.49,2293.48
3.1635,0.2425,1.4352,-0.7979,107.66,-163.24,2293.48
3.1659,0.2567,1.4347,-0.7774,109.13,-164.50,2293.48
3.1683,0.2640,1.4303,-0.7593,110.46,-164.71,2293.48
3.1707,0.2684,1.4225,-0.7574,112.35,-165.90,2293.48
3.1731,0.2738,1.4201,-0.7715,114.10,-166.88,2293.48
3.1755,0.2772,1.4147,-0.7984,115.64,-167.58,2293.48
3.1779,0.2816,1.4045,-0.8218,117.46,-167.79,2293.48
3.1803,0.2855,1.3996,-0.8252,118.72,-169.12,2293.48
3.1827,0.2967,1.3888,-0.8159,120.26,-169.75,2293.48
3.1851,0.2982,1.3781,-0.8150,122.29,-169.05,2293.48
3.1875,0.2889,1.3732,-0.8242,123.69,-169.33,2293.48
3.1899,0.2860,1.3669,-0.8369,125.16,-169.89,2293.48
3.1923,0.2806,1.3581,-0.8496,125.86,-169.75,2293.48
3.1947,0.2738,1.3449,-0.8384,126.56,-170.45,2293.48
3.1971,0.2752,1.3337,-0.8184,128.17,-170.24,2293.48
3.1995,0.2723,1.3283,-0.8101,129.22,-169.68,2293.48
3.2019,0.2601,1.3235,-0.8067,129.85,-169.61,2293.48
3.2043,0.2552,1.3181,-0.8189,130.83,-169.54,2293.48
3.2067,0.2518,1.3166,-0.8281,131.46,-168.91,2293.48
3.2091,0.2435,1.3142,-0.8281,131.46,-168.49,2293.48
3.2115,0.2367,1.3074,-0.8111,131.53,-168.28,2293.48
3.2139,0.2318,1.3005,-0.7842,131.81,-167.86,2293.48
3.2163,0.2264,1.2991,-0.7774,131.81,-166.18,2293.48
3.2188,0.2142,1.2986,-0.7935,131.25,-165.34,2293.48
3.2212,0.2054,1.2995,-0.8179,130.90,-164.71,2293.48
3.2236,0.1981,1.3015,-0.8174,129.78,-163.10,2293.48
3.2260,0.1879,1.2981,-0.8018,128.66,-161.77,2293.48
3.2284,0.1791,1.2917,-0.7828,127.75,-160.58,2293.48
3.2308,0.1723,1.2922,-0.7642,126.91,-159.46,2293.48
3.2332,0.1659,1.3015,-0.7657,125.44,-157.78,2293.48
3.2356,0.1635,1.3059,-0.7798,124.04,-156.59,2293.48
3.2380,0.1596,1.3113,-0.8003,122.92,-154.63,2293.48
3.2404,0.1503,1.3210,-0.7998,120.89,-153.16,2293.48
3.2428,0.1474,1.3235,-0.7788,119.07,-151.83,2293.48
3.2452,0.1459,1.3269,-0.7662,117.95,-150.36,2293.48
3.2476,0.1444,1.3347,-0.7676,116.06,-149.73,2293.48
3.2500,0.1488,1.3396,-0.7925,114.31,-148.61,2293.48
3.2524,0.1498,1.3469,-0.8091,112.91,-147.28,2293.48
3.2548,0.1459,1.3547,-0.8072,111.58,-146.58,2293.48
3.2572,0.1464,1.3596,-0.7915,110.25,-146.58,2293.48
3.2596,0.1562,1.3674,-0.7637,109.06,-146.23,2293.48
3.2620,0.1601,1.3776,-0.7613,108.15,-145.11,2293.48
3.2644,0.1649,1.3869,-0.7759,107.10,-145.53,2293.48
3.2668,0.1728,1.3962,-0.7847,106.54,-145.32,2293.48
3.2692,0.1728,1.3981,-0.7857,105.70,-146.02,2293.48
3.2716,0.1767,1.4025,-0.7720,105.21,-146.58,2293.48
3.2740,0.1810,1.4064,-0.7505,104.86,-146.86,2293.48
3.2764,0.1869,1.4059,-0.7354,105.07,-147.98,2293.48
3.2788,0.1957,1.4128,-0.7364,105.21,-149.10,2293.48
3.2813,0.2074,1.4172,-0.7427,105.35,-150.15,2293.48
3.2837,0.2167,1.4181,-0.7462,105.98,-150.99,2293.48
3.2861,0.2206,1.4172,-0.7457,106.33,-152.11,2293.48
3.2885,0.2259,1.4132,-0.7349,107.17,-153.79,2293.48
3.2909,0.2328,1.4089,-0.7213,108.36,-155.33,2293.48
3.2933,0.2391,1.4059,-0.7100,109.55,-156.66,2293.48
3.2957,0.2489,1.4035,-0.7169,110.88,-158.34,2293.48
3.2981,0.2582,1.4001,-0.7422,112.00,-159.60,2293.48
3.3005,0.2586,1.4010,-0.7676,113.40,-160.79,2293.48
3.3029,0.2586,1.3996,-0.7837,114.52,-162.33,2293.48
3.3053,0.2625,1.3942,-0.7842,116.06,-163.38,2293.48
3.3077,0.2645,1.3864,-0.7759,116.90,-164.64,2293.48
3.3101,0.2723,1.3727,-0.7779,118.58,-166.25,2293.48
3.3125,0.2786,1.3654,-0.7808,120.54,-166.39,2293.48
3.3149,0.2733,1.3615,-0.7857,121.73,-166.88,2293.48
3.3173,0.2694,1.3527,-0.8062,122.71,-167.79,2293.48
3.3197,0.2679,1.3479,-0.8218,124.18,-168.42,2293.48
3.3221,0.2655,1.3454,-0.8316,124.74,-168.70,2293.48
3.3245,0.2625,1.3376,-0.8281,125.09,-169.54,2293.48
3.3269,0.2621,1.3254,-0.8159,126.21,-169.68,2293.48
3.3293,0.2582,1.3235,-0.8179,127.05,-169.68,2293.48
3.3317,0.2513,1.3230,-0.8320,126.84,-169.12,2293.48
3.3341,0.2455,1.3122,-0.8589,127.12,-169.19,2293.48
3.3365,0.2347,1.3083,-0.8682,127.47,-168.91,2293.48
3.3389,0.2269,1.3054,-0.8657,126.63,-169.05,2293.48
3.3413,0.2230,1.3015,-0.8589,126.21,-168.21,2293.48
3.3438,0.2167,1.2995,-0.8389,126.07,-167.51,2293.48
3.3462,0.2094,1.2971,-0.8311,125.30,-166.39,2293.48
3.3486,0.2006,1.2971,-0.8340,124.04,-165.13,2293.48
3.3510,0.1908,1.2961,-0.8413,123.41,-163.24,2293.48
3.3534,0.1864,1.3015,-0.8418,122.78,-162.75,2293.48
3.3558,0.1859,1.3069,-0.8413,121.38,-161.56,2293.48
3.3582,0.1786,1.3039,-0.8418,119.70,-159.95,2293.48
3.3606,0.1737,1.3054,-0.8335,118.65,-158.76,2293.48
3.3630,0.1688,1.3103,-0.8286,117.18,-157.22,2293.48
3.3654,0.1620,1.3103,-0.8301,115.92,-156.17,2293.48
3.3678,0.1557,1.3142,-0.8438,114.80,-154.70,2293.48
3.3702,0.1503,1.3225,-0.8579,113.68,-154.21,2293.48
3.3726,0.1479,1.3293,-0.8608,112.14,-153.58,2293.48
3.3750,0.1479,1.3318,-0.8506,111.30,-152.74,2293.48
3.3774,0.1484,1.3332,-0.8301,110.67,-151.83,2293.48
3.3798,0.1474,1.3400,-0.8164,110.04,-151.13,2293.48
3.3822,0.1474,1.3469,-0.8223,108.92,-150.36,2293.48
3.3846,0.1493,1.3513,-0.8369,108.50,-149.66,2293.48
3.3870,0.1527,1.3601,-0.8462,108.57,-149.17,2293.48
3.3894,0.1518,1.3713,-0.8535,108.36,-148.68,2293.48
3.3918,0.1552,1.3776,-0.8525,107.66,-148.82,2293.48
3.3942,0.1620,1.3820,-0.8481,107.87,-148.33,2293.48
3.3966,0.1649,1.3879,-0.8477,107.94,-148.61,2293.48
3.3990,0.1737,1.3869,-0.8496,108.22,-148.96,2293.48
3.4014,0.1825,1.3893,-0.8579,108.64,-148.54,2293.48
3.4038,0.1859,1.3932,-0.8599,108.85,-148.68,2293.48
3.4063,0.1854,1.3913,-0.8452,109.48,-149.03,2293.48
3.4087,0.1942,1.3874,-0.8296,110.18,-150.22,2293.48
3.4111,0.2035,1.3864,-0.8252,110.95,-149.73,2293.48
3.4135,0.2050,1.3888,-0.8311,112.28,-150.36,2293.48
3.4159,0.2147,1.3903,-0.8257,113.68,-151.69,2293.48
3.4183,0.2225,1.3942,-0.8130,114.94,-151.83,2293.48
3.4207,0.2269,1.3913,-0.8203,115.50,-152.53,2293.48
3.4231,0.2357,1.3874,-0.8325,117.04,-153.23,2293.48
3.4255,0.2430,1.3869,-0.8340,117.95,-154.21,2293.48
3.4279,0.2523,1.3806,-0.8184,118.72,-155.05,2293.48
3.4303,0.2552,1.3737,-0.8115,119.70,-155.61,2293.48
3.4327,0.2489,1.3669,-0.8106,120.47,-156.80,2293.48
3.4351,0.2523,1.3659,-0.8164,121.87,-158.20,2293.48
3.4375,0.2552,1.3620,-0.8394,121.94,-158.76,2293.48
3.4399,0.2547,1.3557,-0.8403,122.85,-160.02,2293.48
3.4423,0.2547,1.3562,-0.8374,123.83,-161.00,2293.48
3.4447,0.2518,1.3518,-0.8350,123.90,-162.12,2293.48
3.4471,0.2518,1.3444,-0.8398,124.46,-162.82,2293.48
3.4495,0.2474,1.3391,-0.8433,124.39,-164.15,2293.48
3.4519,0.2455,1.3327,-0.8374,124.39,-165.48,2293.48
3.4543,0.2445,1.3249,-0.8418,124.53,-166.11,2293.48
3.4567,0.2386,1.3230,-0.8403,124.53,-166.88,2293.48
3.4591,0.2318,1.3244,-0.8394,124.04,-167.44,2293.48
3.4615,0.2323,1.3191,-0.8359,123.27,-168.84,2293.48
3.4639,0.2313,1.3176,-0.8340,122.92,-168.42,2293.48
3.4663,0.2230,1.3191,-0.8335,121.94,-169.19,2293.48
3.4688,0.2201,1.3147,-0.8364,121.03,-169.75,2293.48
3.4712,0.2152,1.3103,-0.8447,120.61,-169.40,2293.48
3.4736,0.2128,1.3161,-0.8491,120.05,-169.61,2293.48
3.4760,0.2084,1.3210,-0.8472,118.44,-169.33,2293.48
3.4784,0.2054,1.3176,-0.8511,117.32,-169.40,2293.48
3.4808,0.2089,1.3166,-0.8496,116.34,-168.28,2293.48
3.4832,0.2020,1.3210,-0.8418,114.80,-167.51,2293.48
3.4856,0.1947,1.3220,-0.8467,113.26,-166.95,2293.48
3.4880,0.1957,1.3205,-0.8555,112.42,-165.76,2293.48
3.4904,0.1928,1.3264,-0.8642,111.02,-164.15,2293.48
3.4928,0.1850,1.3269,-0.8794,109.34,-163.10,2293.48
3.4952,0.1840,1.3244,-0.8901,108.36,-162.33,2293.48
3.4976,0.1874,1.3274,-0.8823,107.73,-160.93,2293.48
3.5000,0.1796,1.3322,-0.8808,106.54,-159.18,2293.48
3.5024,0.1728,1.3347,-0.8896,105.84,-158.76,2293.48
3.5048,0.1786,1.3396,-0.8960,105.77,-156.87,2293.48
3.5072,0.1796,1.3483,-0.9048,105.07,-155.05,2293.48
3.5096,0.1810,1.3527,-0.9121,104.65,-154.00,2293.48
3.5120,0.1845,1.3522,-0.9189,104.79,-152.18,2293.48
3.5144,0.1869,1.3576,-0.9311,105.35,-150.85,2293.48
3.5168,0.1850,1.3610,-0.9370,104.93,-149.03,2293.48
3.5192,0.1825,1.3605,-0.9418,105.70,-148.26,2293.48
3.5216,0.1854,1.3649,-0.9531,106.89,-147.21,2293.48
3.5240,0.1884,1.3713,-0.9653,107.38,-146.09,2293.48
3.5264,0.1903,1.3737,-0.9789,107.31,-145.25,2293.48
3.5288,0.1923,1.3688,-0.9902,108.36,-144.69,2293.48
3.5313,0.2006,1.3742,-0.9897,109.90,-144.69,2293.48
3.5337,0.2064,1.3781,-0.9887,110.32,-143.71,2293.48
3.5361,0.2025,1.3713,-0.9994,111.37,-143.71,2293.48
3.5385,0.2069,1.3688,-1.0009,113.19,-144.41,2293.48
3.5409,0.2128,1.3742,-0.9892,114.17,-144.27,2293.48
3.5433,0.2137,1.3727,-0.9955,114.73,-144.48,2293.48
3.5457,0.2196,1.3669,-1.0087,116.55,-145.53,2293.48
3.5481,0.2255,1.3693,-1.0097,118.30,-146.30,2293.48
3.5505,0.2240,1.3718,-1.0077,118.79,-146.72,2293.48
3.5529,0.2220,1.3684,-1.0048,119.70,-147.98,2293.48
3.5553,0.2294,1.3659,-0.9999,121.10,-149.38,2293.48
3.5577,0.2352,1.3654,-0.9950,121.66,-150.08,2293.48
3.5601,0.2357,1.3644,-1.0009,122.15,-151.55,2293.48
3.5625,0.2420,1.3571,-1.0038,122.50,-153.09,2293.48
3.5649,0.2489,1.3513,-0.9980,123.41,-153.93,2293.48
3.5673,0.2474,1.3498,-0.9877,123.48,-154.84,2293.48
3.5697,0.2479,1.3400,-0.9887,123.76,-156.59,2293.48
3.5721,0.2484,1.3327,-0.9916,124.32,-157.43,2293.48
3.5745,0.2445,1.3332,-0.9955,124.53,-158.48,2293.48
3.5769,0.2416,1.3259,-1.0009,123.90,-159.67,2293.48
3.5793,0.2386,1.3210,-0.9872,124.25,-161.28,2293.48
3.5817,0.2362,1.3186,-0.9648,124.18,-162.26,2293.48
3.5841,0.2347,1.3161,-0.9467,124.18,-163.17,2293.48
3.5865,0.2298,1.3132,-0.9506,123.34,-164.01,2293.48
3.5889,0.2294,1.3088,-0.9604,123.27,-165.41,2293.48
3.5913,0.2294,1.3093,-0.9721,122.85,-165.20,2293.48
3.5938,0.2211,1.3025,-0.9745,121.94,-165.97,2293.48
3.5962,0.2181,1.2961,-0.9536,121.38,-166.67,2293.48
3.5986,0.2142,1.2952,-0.9306,120.75,-166.46,2293.48
3.6010,0.2074,1.2932,-0.9043,119.98,-166.81,2293.48
3.6034,0.2011,1.2917,-0.8940,119.00,-166.53,2293.48
3.6058,0.1957,1.2908,-0.9028,118.09,-166.25,2293.48
3.6082,0.1903,1.2927,-0.9087,117.18,-165.62,2293.48
3.6106,0.1820,1.2942,-0.9043,116.06,-165.27,2293.48
3.6130,0.1791,1.2917,-0.8799,114.87,-165.13,2293.48
3.6154,0.1757,1.2922,-0.8516,114.17,-164.22,2293.48
3.6178,0.1688,1.2927,-0.8447,113.47,-163.73,2293.48
3.6202,0.1679,1.2966,-0.8530,112.84,-163.24,2293.48
3.6226,0.1649,1.3034,-0.8721,111.86,-162.05,2293.48
3.6250,0.1606,1.3098,-0.8755,111.09,-161.49,2293.48
3.6274,0.1566,1.3161,-0.8574,110.25,-160.93,2293.48
3.6298,0.1566,1.3191,-0.8379,109.62,-160.51,2293.48
3.6322,0.1625,1.3239,-0.8140,109.34,-159.32,2293.48
3.6346,0.1630,1.3278,-0.8028,108.71,-157.99,2293.48
3.6370,0.1601,1.3293,-0.8091,108.71,-157.01,2293.48
3.6394,0.1596,1.3357,-0.8237,108.50,-155.89,2293.48
3.6418,0.1591,1.3444,-0.8350,108.22,-154.98,2293.48
3.6442,0.1562,1.3488,-0.8345,108.43,-154.21,2293.48
3.6466,0.1606,1.3532,-0.8169,108.78,-153.58,2293.48
3.6490,0.1635,1.3625,-0.7925,109.20,-152.46,2293.48
3.6514,0.1625,1.3669,-0.7886,108.99,-152.18,2293.48
3.6538,0.1674,1.3708,-0.7881,109.83,-152.04,2293.48
3.6563,0.1737,1.3742,-0.7881,110.39,-151.69,2293.48
3.6587,0.1776,1.3771,-0.7828,110.81,-151.27,2293.48
3.6611,0.1835,1.3820,-0.7681,111.58,-151.48,2293.48
3.6635,0.1972,1.3888,-0.7515,112.56,-151.76,2293.48
3.6659,0.2064,1.3928,-0.7340,113.05,-151.34,2293.48
3.6683,0.2084,1.3898,-0.7227,113.68,-151.27,2293.48
3.6707,0.2128,1.3888,-0.7266,114.52,-151.62,2293.48
3.6731,0.2181,1.3884,-0.7349,114.87,-151.76,2293.48
3.6755,0.2216,1.3854,-0.7418,115.43,-152.11,2293.48
3.6779,0.2328,1.3820,-0.7398,115.92,-152.74,2293.48
3.6803,0.2396,1.3762,-0.7208,116.55,-152.25,2293.48
3.6827,0.2377,1.3659,-0.7052,117.04,-153.16,2293.48
3.6851,0.2440,1.3576,-0.7037,117.95,-153.93,2293.48
3.6875,0.2435,1.3562,-0.7178,118.51,-153.86,2293.48
3.6899,0.2367,1.3547,-0.7398,118.65,-155.26,2293.48
3.6923,0.2381,1.3513,-0.7525,119.42,-155.96,2293.48
3.6947,0.2377,1.3454,-0.7437,119.77,-156.87,2293.48
3.6971,0.2362,1.3420,-0.7325,120.33,-157.57,2293.48
3.6995,0.2342,1.3400,-0.7335,120.47,-158.90,2293.48
3.7019,0.2323,1.3381,-0.7349,121.03,-160.37,2293.48
3.7043,0.2289,1.3410,-0.7457,121.38,-161.00,2293.48
3.7067,0.2269,1.3430,-0.7662,120.82,-162.75,2293.48
3.7091,0.2298,1.3420,-0.7818,120.82,-164.22,2293.48
3.7115,0.2328,1.3425,-0.7662,120.75,-165.62,2293.48
3.7139,0.2352,1.3444,-0.7379,119.98,-166.60,2293.48
3.7163,0.2362,1.3400,-0.7281,119.14,-167.86,2293.48
3.7188,0.2377,1.3361,-0.7374,118.79,-169.19,2293.48
3.7212,0.2381,1.3366,-0.7632,117.74,-169.82,2293.48
3.7236,0.2362,1.3342,-0.7798,116.62,-170.94,2293.48
3.7260,0.2377,1.3303,-0.7881,115.64,-171.43,2293.48
3.7284,0.2308,1.3259,-0.7818,114.94,-171.50,2293.48
3.7308,0.2255,1.3249,-0.7584,114.03,-172.20,2293.48
3.7332,0.2264,1.3249,-0.7515,113.12,-172.27,2293.48
3.7356,0.2259,1.3239,-0.7686,112.35,-172.48,2293.48
3.7380,0.2235,1.3283,-0.7969,111.58,-171.99,2293.48
3.7404,0.2186,1.3322,-0.8052,110.04,-171.64,2293.48
3.7428,0.2176,1.3288,-0.7925,109.13,-171.36,2293.48
3.7452,0.2152,1.3288,-0.7779,108.36,-170.94,2293.48
3.7476,0.2128,1.3337,-0.7749,107.38,-170.45,2293.48
3.7500,0.2137,1.3361,-0.7876,105.98,-169.26,2293.48
3.7524,0.2147,1.3342,-0.8032,105.21,-168.63,2293.48
3.7548,0.2196,1.3337,-0.8135,104.65,-167.58,2293.48
3.7572,0.2211,1.3361,-0.8228,103.74,-165.90,2293.48
3.7596,0.2196,1.3332,-0.8291,103.11,-164.50,2293.48
3.7620,0.2220,1.3337,-0.8247,103.39,-163.17,2293.48
3.7644,0.2259,1.3337,-0.8218,102.69,-161.28,2293.48
3.7668,0.2298,1.3283,-0.8247,102.62,-159.32,2293.48
3.7692,0.2289,1.3269,-0.8462,102.97,-157.22,2293.48
3.7716,0.2318,1.3269,-0.8686,103.39,-155.68,2293.48
3.7740,0.2333,1.3269,-0.8789,103.81,-153.30,2293.48
3.7764,0.2284,1.3239,-0.8828,104.30,-151.55,2293.48
3.7788,0.2294,1.3196,-0.8779,104.93,-150.29,2293.48
3.7813,0.2308,1.3152,-0.8818,105.91,-148.05,2293.48
3.7837,0.2298,1.3122,-0.8950,107.31,-146.65,2293.48
3.7861,0.2259,1.3108,-0.9057,108.50,-145.32,2293.48
3.7885,0.2235,1.3103,-0.9199,109.62,-144.13,2293.48
3.7909,0.2211,1.3093,-0.9248,111.16,-142.73,2293.48
3.7933,0.2137,1.3054,-0.9213,113.05,-142.10,2293.48
3.7957,0.2118,1.3044,-0.9218,114.38,-141.96,2293.48
3.7981,0.2094,1.3005,-0.9243,116.06,-141.47,2293.48
3.8005,0.2035,1.2947,-0.9272,118.09,-141.68,2293.48
3.8029,0.2015,1.2961,-0.9272,119.91,-142.10,2293.48
3.8053,0.1981,1.2966,-0.9331,121.38,-142.10,2293.48
3.8077,0.1952,1.2956,-0.9345,123.48,-143.43,2293.48
3.8101,0.1996,1.2991,-0.9335,124.95,-143.92,2293.48
3.8125,0.1942,1.2995,-0.9306,126.14,-144.06,2293.48
3.8149,0.1850,1.2971,-0.9301,127.40,-145.60,2293.48
3.8173,0.1850,1.2986,-0.9331,128.59,-147.49,2293.48
3.8197,0.1835,1.3025,-0.9331,129.50,-148.54,2293.48
3.8221,0.1757,1.3005,-0.9335,129.99,-149.94,2293.48
3.8245,0.1742,1.3015,-0.9252,130.83,-152.39,2293.48
3.8269,0.1767,1.3059,-0.9077,131.04,-153.58,2293.48
3.8293,0.1723,1.3093,-0.8969,131.32,-154.77,2293.48
3.8317,0.1688,1.3117,-0.8979,131.39,-156.52,2293.48
3.8341,0.1718,1.3176,-0.9121,131.39,-158.69,2293.48
3.8365,0.1742,1.3244,-0.9257,130.90,-159.67,2293.48
3.8389,0.1693,1.3288,-0.9321,130.27,-160.93,2293.48
3.8413,0.1679,1.3322,-0.9306,129.36,-162.89,2293.48
3.8438,0.1713,1.3313,-0.9179,127.96,-164.15,2293.48
3.8462,0.1703,1.3342,-0.8979,126.98,-165.27,2293.48
3.8486,0.1708,1.3410,-0.8872,125.65,-166.60,2293.48
3.8510,0.1718,1.3459,-0.8921,123.76,-167.72,2293.48
3.8534,0.1737,1.3479,-0.9170,121.80,-168.35,2293.48
3.8558,0.1757,1.3513,-0.9394,120.12,-169.19,2293.48
3.8582,0.1771,1.3591,-0.9335,118.37,-170.31,2293.48
3.8606,0.1810,1.3625,-0.9106,116.34,-170.94,2293.48
3.8630,0.1879,1.3605,-0.8823,114.38,-171.22,2293.48
3.8654,0.1908,1.3620,-0.8725,112.49,-171.08,2293.48
3.8678,0.1976,1.3644,-0.8926,110.74,-171.22,2293.48
3.8702,0.2020,1.3674,-0.9238,108.64,-170.24,2293.48
3.8726,0.1996,1.3684,-0.9389,106.61,-169.96,2293.48
3.8750,0.2059,1.3674,-0.9272,104.72,-169.89,2293.48
3.8774,0.2123,1.3659,-0.8979,103.04,-168.91,2293.48
3.8798,0.2181,1.3576,-0.8769,101.85,-167.72,2293.48
3.8822,0.2230,1.3552,-0.8769,100.87,-166.67,2293.48
3.8846,0.2269,1.3562,-0.8901,99.68,-165.62,2293.48
3.8870,0.2338,1.3498,-0.9160,98.98,-164.08,2293.48
3.8894,0.2367,1.3479,-0.9331,98.42,-162.82,2293.48
3.8918,0.2396,1.3469,-0.9218,97.86,-161.91,2293.48
3.8942,0.2455,1.3391,-0.8950,97.65,-160.79,2293.48
3.8966,0.2513,1.3313,-0.8706,98.21,-158.97,2293.48
3.8990,0.2547,1.3293,-0.8638,98.84,-157.15,2293.48
3.9014,0.2523,1.3239,-0.8843,99.19,-155.61,2293.48
3.9038,0.2513,1.3176,-0.9140,100.24,-154.14,2293.48
3.9063,0.2484,1.3161,-0.9262,101.43,-152.39,2293.48
3.9087,0.2435,1.3117,-0.9233,102.20,-151.34,2293.48
3.9111,0.2460,1.3015,-0.9043,103.46,-150.57,2293.48
3.9135,0.2474,1.2927,-0.8794,105.42,-148.82,2293.48
3.9159,0.2377,1.2893,-0.8701,107.03,-147.49,2293.48
3.9183,0.2294,1.2859,-0.8838,108.78,-147.00,2293.48
3.9207,0.2279,1.2854,-0.9043,110.81,-146.30,2293.48
3.9231,0.2216,1.2908,-0.9179,112.56,-145.53,2293.48
3.9255,0.2142,1.2908,-0.9160,113.68,-145.25,2293.48
3.9279,0.2133,1.2830,-0.8906,115.64,-145.04,2293.48
3.9303,0.2103,1.2825,-0.8535,117.81,-144.76,2293.48
3.9327,0.2040,1.2839,-0.8330,119.21,-145.25,2293.48
3.9351,0.2025,1.2815,-0.8403,120.75,-145.46,2293.48
3.9375,0.1976,1.2815,-0.8603,122.92,-145.25,2293.48
3.9399,0.1845,1.2859,-0.8667,124.18,-145.88,2293.48
3.9423,0.1801,1.2854,-0.8540,124.95,-147.28,2293.48
3.9447,0.1810,1.2834,-0.8276,126.49,-147.77,2293.48
3.9471,0.1747,1.2864,-0.8008,127.54,-148.82,2293.48
3.9495,0.1708,1.2898,-0.7950,128.24,-150.22,2293.48
3.9519,0.1703,1.2942,-0.8169,128.87,-151.62,2293.48
3.9543,0.1713,1.2991,-0.8428,129.29,-152.81,2293.48
3.9567,0.1737,1.2995,-0.8467,129.08,-154.14,2293.48
3.9591,0.1747,1.2961,-0.8306,128.80,-155.54,2293.48
3.9615,0.1723,1.2961,-0.7993,129.15,-156.38,2293.48
3.9639,0.1684,1.3010,-0.7818,128.94,-157.78,2293.48
3.9663,0.1679,1.3034,-0.7857,128.10,-158.97,2293.48
3.9688,0.1688,1.3030,-0.8003,127.75,-160.37,2293.48
3.9712,0.1698,1.3069,-0.8047,126.70,-161.42,2293.48
3.9736,0.1688,1.3098,-0.7906,125.44,-162.12,2293.48
3.9760,0.1669,1.3064,-0.7749,124.53,-163.24,2293.48
3.9784,0.1698,1.3049,-0.7598,123.76,-164.15,2293.48
3.9808,0.1732,1.3083,-0.7554,122.71,-164.29,2293.48
3.9832,0.1723,1.3103,-0.7618,121.52,-164.85,2293.48
3.9856,0.1713,1.3117,-0.7627,120.54,-165.34,2293.48
3.9880,0.1742,1.3161,-0.7535,119.35,-165.55,2293.48
3.9904,0.1762,1.3200,-0.7335,118.02,-165.76,2293.48
3.9928,0.1747,1.3220,-0.7115,116.76,-165.90,2293.48
3.9952,0.1796,1.3239,-0.6983,115.64,-166.25,2293.48
3.9976,0.1869,1.3283,-0.6978,114.31,-165.97,2293.48
4.0000,0.1859,1.3313,-0.7110,112.84,-165.06,2293.48
4.0024,0.1884,1.3288,-0.7174,111.65,-165.48,2293.48
4.0048,0.1981,1.3278,-0.7042,110.67,-164.64,2293.48
4.0072,0.2006,1.3278,-0.6871,109.48,-163.80,2293.48
4.0096,0.2045,1.3249,-0.6744,108.64,-163.45,2293.48
4.0120,0.2054,1.3244,-0.6749,108.22,-162.12,2293.48
4.0144,0.2089,1.3239,-0.6895,107.38,-161.56,2293.48
4.0168,0.2152,1.3205,-0.6974,106.68,-160.37,2293.48
4.0192,0.2172,1.3161,-0.6900,106.47,-159.39,2293.48
4.0216,0.2235,1.3161,-0.6754,106.40,-158.06,2293.48
4.0240,0.2269,1.3152,-0.6617,106.19,-156.73,2293.48
4.0264,0.2303,1.3108,-0.6559,106.61,-155.47,2293.48
4.0288,0.2367,1.3103,-0.6578,107.03,-153.79,2293.48
4.0313,0.2406,1.3064,-0.6681,107.45,-152.46,2293.48
4.0337,0.2416,1.2991,-0.6856,107.94,-150.92,2293.48
4.0361,0.2406,1.2927,-0.7013,108.78,-149.52,2293.48
4.0385,0.2401,1.2864,-0.7071,109.62,-148.40,2293.48
4.0409,0.2411,1.2805,-0.7037,110.53,-147.56,2293.48
4.0433,0.2396,1.2751,-0.7052,111.51,-146.37,2293.48
4.0457,0.2352,1.2693,-0.7125,112.63,-145.53,2293.48
4.0481,0.2294,1.2659,-0.7130,113.75,-144.90,2293.48
4.0505,0.2235,1.2610,-0.7096,114.87,-144.27,2293.48
4.0529,0.2176,1.2561,-0.7091,116.20,-143.92,2293.48
4.0553,0.2123,1.2546,-0.7066,117.60,-143.78,2293.48
4.0577,0.2079,1.2542,-0.6983,118.93,-143.64,2293.48
4.0601,0.2025,1.2546,-0.6954,120.12,-143.71,2293.48
4.0625,0.1942,1.2556,-0.6988,121.38,-144.13,2293.48
4.0649,0.1903,1.2600,-0.6969,122.85,-144.90,2293.48
4.0673,0.1869,1.2654,-0.6983,123.76,-145.32,2293.48
4.0697,0.1830,1.2678,-0.7022,124.46,-146.23,2293.48
4.0721,0.1810,1.2727,-0.7096,125.37,-147.14,2293.48
4.0745,0.1767,1.2766,-0.7110,125.86,-148.19,2293.48
4.0769,0.1718,1.2751,-0.7037,126.07,-149.17,2293.48
4.0793,0.1679,1.2766,-0.7027,126.42,-150.43,2293.48
4.0817,0.1625,1.2795,-0.7052,126.49,-151.97,2293.48
4.0841,0.1576,1.2825,-0.7096,126.35,-153.58,2293.48
4.0865,0.1581,1.2869,-0.7174,126.14,-155.40,2293.48
4.0889,0.1601,1.2908,-0.7198,125.79,-156.87,2293.48
4.0913,0.1562,1.2952,-0.7178,125.23,-158.34,2293.48
4.0938,0.1547,1.3000,-0.7169,124.60,-160.02,2293.48
4.0962,0.1586,1.3039,-0.7125,123.97,-161.84,2293.48
4.0986,0.1601,1.3078,-0.7115,123.13,-163.24,2293.48
4.1010,0.1606,1.3127,-0.7222,122.22,-164.78,2293.48
4.1034,0.1640,1.3181,-0.7369,121.24,-166.04,2293.48
4.1058,0.1640,1.3254,-0.7510,119.98,-166.74,2293.48
4.1082,0.1640,1.3303,-0.7613,118.58,-167.86,2293.48
4.1106,0.1708,1.3361,-0.7569,117.53,-168.84,2293.48
4.1130,0.1762,1.3415,-0.7452,115.99,-169.47,2293.48
4.1154,0.1776,1.3449,-0.7388,114.45,-169.96,2293.48
4.1178,0.1801,1.3474,-0.7422,112.98,-170.80,2293.48
4.1202,0.1845,1.3503,-0.7520,111.58,-170.80,2293.48
4.1226,0.1874,1.3537,-0.7613,109.69,-171.01,2293.48
4.1250,0.1932,1.3513,-0.7671,108.22,-171.78,2293.48
4.1274,0.2035,1.3488,-0.7647,106.96,-171.71,2293.48
4.1298,0.2040,1.3479,-0.7588,105.56,-171.36,2293.48
4.1322,0.2054,1.3454,-0.7530,104.44,-171.36,2293.48
4.1346,0.2133,1.3449,-0.7544,103.74,-171.15,2293.48
4.1370,0.2191,1.3435,-0.7657,102.62,-170.87,2293.48
4.1394,0.2235,1.3410,-0.7808,101.57,-169.96,2293.48
4.1418,0.2279,1.3371,-0.7813,100.59,-169.26,2293.48
4.1442,0.2352,1.3303,-0.7603,99.68,-168.42,2293.48
4.1466,0.2411,1.3225,-0.7427,99.12,-167.23,2293.48
4.1490,0.2425,1.3147,-0.7393,99.26,-165.97,2293.48
4.1514,0.2425,1.3113,-0.7525,99.40,-164.85,2293.48
4.1538,0.2425,1.3078,-0.7769,99.12,-163.52,2293.48
4.1563,0.2411,1.3015,-0.7945,99.54,-161.91,2293.48
4.1587,0.2377,1.2947,-0.7935,100.52,-160.16,2293.48
4.1611,0.2342,1.2932,-0.7813,101.50,-158.76,2293.48
4.1635,0.2362,1.2912,-0.7769,102.27,-157.36,2293.48
4.1659,0.2411,1.2815,-0.7832,103.60,-155.68,2293.48
4.1683,0.2435,1.2776,-0.7950,105.56,-153.79,2293.48
4.1707,0.2420,1.2751,-0.8106,106.82,-151.97,2293.48
4.1731,0.2406,1.2664,-0.8257,108.57,-150.50,2293.48
4.1755,0.2381,1.2590,-0.8301,110.67,-149.03,2293.48
4.1779,0.2362,1.2542,-0.8218,112.21,-147.42,2293.48
4.1803,0.2333,1.2454,-0.8067,113.89,-145.32,2293.48
4.1827,0.2264,1.2381,-0.8008,116.48,-143.99,2293.48
4.1851,0.2176,1.2351,-0.8111,118.65,-142.52,2293.48
4.1875,0.2030,1.2337,-0.8423,120.33,-140.70,2293.48
4.1899,0.1889,1.2312,-0.8760,122.22,-140.28,2293.48
4.1923,0.1830,1.2298,-0.8745,124.18,-140.00,2293.48
4.1947,0.1747,1.2302,-0.8545,125.93,-139.16,2293.48
4.1971,0.1625,1.2302,-0.8369,127.75,-138.74,2293.48
4.1995,0.1542,1.2337,-0.8389,129.50,-139.58,2293.48
4.2019,0.1527,1.2410,-0.8540,130.90,-139.72,2293.48
4.2043,0.1469,1.2478,-0.8662,131.81,-139.79,2293.48
4.2067,0.1381,1.2532,-0.8716,132.37,-141.12,2293.48
4.2091,0.1405,1.2600,-0.8584,132.79,-142.24,2293.48
4.2115,0.1405,1.2659,-0.8364,133.14,-142.31,2293.48
4.2139,0.1298,1.2722,-0.8257,133.35,-143.36,2293.48
4.2163,0.1279,1.2800,-0.8320,133.35,-145.32,2293.48
4.2188,0.1322,1.2888,-0.8516,132.93,-146.51,2293.48
4.2212,0.1322,1.2961,-0.8555,131.74,-147.63,2293.48
4.2236,0.1347,1.2991,-0.8403,130.90,-149.38,2293.48
4.2260,0.1420,1.3049,-0.8179,129.99,-151.27,2293.48
4.2284,0.1508,1.3108,-0.8028,128.73,-152.67,2293.48
4.2308,0.1493,1.3122,-0.8101,127.40,-153.65,2293.48
4.2332,0.1464,1.3142,-0.8242,125.93,-155.68,2293.48
4.2356,0.1523,1.3205,-0.8350,124.39,-157.36,2293.48
4.2380,0.1562,1.3259,-0.8418,122.29,-158.48,2293.48
4.2404,0.1552,1.3259,-0.8350,120.26,-159.81,2293.48
4.2428,0.1586,1.3298,-0.8252,118.51,-161.42,2293.48
4.2452,0.1640,1.3376,-0.8233,116.13,-162.40,2293.48
4.2476,0.1659,1.3410,-0.8296,113.89,-163.03,2293.48
4.2500,0.1688,1.3454,-0.8369,112.14,-164.29,2293.48
4.2524,0.1781,1.3522,-0.8291,109.62,-165.41,2293.48
4.2548,0.1835,1.3522,-0.8154,107.10,-165.62,2293.48
4.2572,0.1835,1.3547,-0.7998,105.28,-166.74,2293.48
4.2596,0.1903,1.3625,-0.7925,103.11,-167.93,2293.48
4.2620,0.2035,1.3664,-0.8111,100.87,-168.14,2293.48
4.2644,0.2074,1.3674,-0.8433,99.12,-167.86,2293.48
4.2668,0.2108,1.3713,-0.8599,97.30,-169.12,2293.48
4.2692,0.2220,1.3713,-0.8560,95.41,-168.84,2293.48
4.2716,0.2235,1.3644,-0.8481,94.36,-168.35,2293.48
4.2740,0.2294,1.3615,-0.8408,93.66,-168.91,2293.48
4.2764,0.2440,1.3615,-0.8452,92.75,-168.21,2293.48
4.2788,0.2528,1.3581,-0.8555,92.05,-166.88,2293.48
4.2813,0.2582,1.3522,-0.8594,92.05,-166.18,2293.48
4.2837,0.2689,1.3469,-0.8496,91.98,-165.55,2293.48
4.2861,0.2777,1.3400,-0.8286,91.77,-164.01,2293.48
4.2885,0.2782,1.3298,-0.8189,92.12,-162.26,2293.48
4.2909,0.2782,1.3259,-0.8306,93.52,-160.79,2293.48
4.2933,0.2772,1.3259,-0.8516,94.22,-159.46,2293.48
4.2957,0.2782,1.3196,-0.8721,94.92,-158.27,2293.48
4.2981,0.2801,1.3093,-0.8843,96.39,-157.01,2293.48
4.3005,0.2796,1.3015,-0.8833,98.00,-155.54,2293.48
4.3029,0.2806,1.2922,-0.8764,99.54,-154.56,2293.48
4.3053,0.2801,1.2771,-0.8794,101.36,-153.30,2293.48
4.3077,0.2772,1.2644,-0.8872,103.88,-152.04,2293.48
4.3101,0.2738,1.2561,-0.8896,106.40,-150.71,2293.48
4.3125,0.2630,1.2488,-0.8926,108.85,-149.17,2293.48
4.3149,0.2494,1.2424,-0.9008,111.58,-148.68,2293.48
4.3173,0.2450,1.2400,-0.9091,114.38,-148.40,2293.48
4.3197,0.2401,1.2381,-0.9189,116.69,-146.93,2293.48
4.3221,0.2269,1.2337,-0.9277,119.28,-146.44,2293.48
4.3245,0.2191,1.2322,-0.9252,121.94,-146.16,2293.48
4.3269,0.2133,1.2327,-0.9194,123.97,-145.67,2293.48
4.3293,0.2045,1.2317,-0.9267,125.93,-145.39,2293.48
4.3317,0.1913,1.2312,-0.9355,127.89,-145.25,2293.48
4.3341,0.1796,1.2288,-0.9389,129.29,-145.88,2293.48
4.3365,0.1757,1.2278,-0.9394,130.90,-145.95,2293.48
4.3389,0.1635,1.2332,-0.9404,132.23,-145.88,2293.48
4.3413,0.1488,1.2371,-0.9414,133.07,-146.72,2293.48
4.3438,0.1401,1.2371,-0.9394,133.84,-147.42,2293.48
4.3462,0.1308,1.2385,-0.9360,134.96,-147.70,2293.48
4.3486,0.1215,1.2449,-0.9306,135.80,-148.40,2293.48
4.3510,0.1122,1.2542,-0.9257,135.94,-149.38,2293.48
4.3534,0.1054,1.2644,-0.9282,136.01,-150.71,2293.48
4.3558,0.1015,1.2776,-0.9394,135.38,-151.83,2293.48
4.3582,0.0942,1.2888,-0.9477,134.19,-153.09,2293.48
4.3606,0.0903,1.2952,-0.9457,132.93,-154.98,2293.48
4.3630,0.0908,1.3005,-0.9379,132.09,-155.96,2293.48
4.3654,0.0903,1.3147,-0.9350,130.83,-157.64,2293.48
4.3678,0.0971,1.3303,-0.9370,128.87,-159.32,2293.48
4.3702,0.1039,1.3391,-0.9457,127.26,-160.79,2293.48
4.3726,0.1122,1.3498,-0.9594,125.58,-162.26,2293.48
4.3750,0.1200,1.3610,-0.9672,123.13,-163.45,2293.48
4.3774,0.1279,1.3693,-0.9706,120.96,-165.13,2293.48
4.3798,0.1464,1.3776,-0.9682,118.72,-166.60,2293.48
4.3822,0.1640,1.3849,-0.9701,116.27,-166.81,2293.48
4.3846,0.1737,1.3903,-0.9814,113.82,-167.44,2293.48
4.3870,0.1864,1.3903,-1.0019,111.58,-167.79,2293.48
4.3894,0.1996,1.3893,-1.0194,109.34,-167.93,2293.48
4.3918,0.2133,1.3849,-1.0311,106.96,-167.86,2293.48
4.3942,0.2250,1.3791,-1.0311,104.93,-167.02,2293.48
4.3966,0.2338,1.3762,-1.0160,102.83,-166.60,2293.48
4.3990,0.2435,1.3674,-1.0131,100.59,-165.62,2293.48
4.4014,0.2460,1.3547,-1.0375,99.26,-163.87,2293.48
4.4038,0.2460,1.3474,-1.0838,98.63,-162.75,2293.48
4.4063,0.2406,1.3562,-1.1224,97.86,-161.63,2293.48
4.4087,0.2216,1.3420,-1.1356,96.53,-159.95,2293.48
4.4111,0.2284,1.3044,-1.1761,99.61,-159.53,2293.48
4.4135,0.2240,1.2805,-1.2112,100.03,-156.80,2293.48
4.4159,0.1762,1.2859,-1.2093,101.57,-156.94,2293.48
4.4183,0.0468,1.2410,-1.2595,102.83,-150.64,2293.48
4.4207,-0.1347,1.2078,-1.5743,118.79,-153.44,2293.48
4.4231,-0.2962,1.3806,-2.0003,139.09,-160.23,2293.48
4.4255,-0.5651,1.6411,-2.5152,160.86,-164.71,2293.48
4.4279,-0.9604,1.8471,-3.2286,194.74,-181.86,2293.48
4.4303,-1.3928,2.3351,-3.8435,242.41,-215.67,2293.48
4.4327,-1.6773,2.9656,-4.8644,296.03,-271.67,2293.48
4.4351,-1.7080,3.5985,-5.7833,347.90,-353.50,2293.48
4.4375,-1.8549,4.4428,-6.3416,399.28,-414.75,2293.48
4.4399,-1.9862,4.9747,-7.2126,419.72,-531.23,2293.48
4.4423,-1.4450,5.2021,-7.1546,445.69,-652.89,2293.48
4.4447,-0.5353,5.1723,-6.1771,474.25,-668.99,2293.48
4.4471,-0.5256,5.4241,-5.1909,484.68,-723.80,2293.48
4.4495,-0.4982,6.3201,-5.5276,447.65,-848.89,2290.26
4.4519,0.6486,6.8784,-6.7076,363.65,-891.17,2279.55
4.4543,1.4645,7.6914,-8.2262,320.53,-920.57,2233.07
4.4567,2.9490,8.5088,-9.7971,131.60,-1021.37,2197.86
4.4591,5.4593,8.2511,-10.9561,-70.28,-1047.34,2143.96
4.4615,7.6001,7.5274,-10.4525,-191.45,-906.64,2068.01
4.4639,7.7260,7.0179,-8.5176,-359.45,-747.60,1988.70
4.4663,7.2956,5.5837,-6.8857,-585.90,-786.59,1901.83
4.4688,8.2023,3.7029,-4.7082,-632.94,-706.02,1809.43
4.4712,6.9028,3.3921,-3.9626,-675.78,-414.40,1736.35
4.4736,3.2403,2.8621,-5.2582,-819.14,-304.71,1660.47
4.4760,1.0072,1.5670,-6.5353,-832.30,-392.35,1589.21
4.4784,-0.0849,1.2176,-5.1025,-759.92,-344.75,1551.69
4.4808,-2.2702,2.0267,-1.3098,-712.88,-259.14,1505.63
4.4832,-4.6311,2.9631,1.0116,-710.71,-301.21,1448.16
4.4856,-6.2303,3.8894,0.6573,-625.45,-367.78,1384.11
4.4880,-7.6065,6.0307,-1.4650,-534.52,-355.11,1318.45
4.4904,-9.7576,8.5820,-3.1774,-549.22,-335.72,1240.75
4.4928,-11.3377,10.7057,-4.0753,-512.05,-448.00,1136.66
4.4952,-10.5730,12.6407,-3.6883,-410.13,-484.61,1032.71
4.4976,-8.0764,13.5376,-1.9452,-392.70,-482.72,930.93
4.5000,-4.2905,12.3542,-0.8032,-442.33,-518.07,853.65
4.5024,-0.9160,10.4027,0.5266,-429.31,-510.72,816.34
4.5048,1.1644,9.2725,2.0169,-406.84,-487.13,792.12
4.5072,2.0823,7.9905,3.0646,-497.42,-418.25,799.82
4.5096,1.9169,5.9224,2.3453,-557.34,-415.59,802.27
4.5120,2.0535,4.2495,0.3982,-500.08,-445.20,805.91
4.5144,1.9593,3.3755,-0.9501,-504.84,-385.70,821.03
4.5168,1.2093,2.2238,-1.8583,-545.65,-393.89,832.16
4.5192,0.9194,0.9706,-1.4962,-497.49,-443.87,837.76
4.5216,0.9399,0.6486,-0.1893,-432.04,-440.79,842.94
4.5240,0.6281,0.6715,0.8018,-442.75,-424.48,845.53
4.5264,0.2723,0.2284,0.4197,-425.25,-450.45,840.77
4.5288,0.2835,0.0395,-0.6222,-362.18,-477.75,841.33
4.5313,0.3021,0.2879,-1.2995,-342.16,-463.47,843.22
4.5337,0.0956,0.1962,-1.5465,-349.51,-468.93,845.04
4.5361,0.1215,-0.1078,-0.9238,-310.73,-505.47,843.08
4.5385,0.2987,-0.0620,0.1718,-272.65,-502.25,842.73
4.5409,0.1713,0.0346,0.8247,-270.41,-491.47,840.21
4.5433,0.0034,-0.0654,0.3606,-247.38,-509.32,835.17
4.5457,0.0449,0.0234,-0.5012,-207.90,-524.09,834.47
4.5481,0.0678,0.2406,-0.9809,-200.76,-517.65,835.31
4.5505,-0.0039,0.1737,-0.9882,-197.19,-524.23,835.80
4.5529,0.0537,0.0561,-0.3104,-165.48,-546.14,834.54
4.5553,0.1576,0.1362,0.5456,-144.13,-544.04,833.63
4.5577,0.0820,0.1503,0.7598,-136.78,-537.04,831.46
4.5601,-0.0229,0.1083,0.1815,-110.88,-547.47,829.01
4.5625,0.0083,0.1957,-0.5114,-87.43,-557.34,829.01
4.5649,0.0512,0.2601,-0.8086,-80.78,-553.35,830.41
4.5673,0.0278,0.1747,-0.5680,-68.46,-558.18,831.11
4.5697,0.0703,0.1200,0.0795,-41.65,-569.38,829.85
4.5721,0.1181,0.1703,0.6041,-24.29,-564.55,828.94
4.5745,0.0512,0.1645,0.5241,-10.64,-559.02,827.26
4.5769,-0.0117,0.1484,-0.0454,11.97,-564.69,826.35
4.5793,0.0220,0.2137,-0.5256,30.80,-568.12,826.49
4.5817,0.0527,0.2377,-0.5934,40.04,-563.01,827.75
4.5841,0.0429,0.1728,-0.2323,56.35,-564.90,827.89
4.5865,0.0708,0.1459,0.2884,79.31,-567.00,826.98
4.5889,0.0849,0.1698,0.5461,96.11,-560.00,826.00
4.5913,0.0278,0.1640,0.3045,111.72,-553.56,824.95
4.5938,-0.0122,0.1698,-0.1786,131.67,-554.33,824.67
4.5962,0.0181,0.2162,-0.4612,147.63,-552.23,825.37
4.5986,0.0410,0.2196,-0.3616,159.11,-545.79,826.42
4.6010,0.0376,0.1752,0.0171,176.12,-542.99,826.42
4.6034,0.0473,0.1625,0.3865,195.86,-539.42,825.65
4.6058,-0.0010,0.1732,0.1376,226.94,-522.13,824.25
4.6082,-0.0205,0.1889,-0.2313,243.95,-518.21,824.67
4.6106,0.0044,0.2206,-0.3528,257.60,-512.19,825.58
4.6130,0.0215,0.2142,-0.1586,269.78,-503.44,826.35
4.6154,0.0205,0.1820,0.1791,285.74,-496.79,826.21
4.6178,0.0210,0.1723,0.3967,302.47,-488.74,825.72
4.6202,0.0098,0.1776,0.3182,316.54,-477.26,825.44
4.6226,-0.0161,0.1835,0.0171,330.33,-467.04,825.65
4.6250,-0.0234,0.2015,-0.2367,344.19,-459.34,826.07
4.6274,-0.0054,0.2186,-0.2362,355.74,-449.61,826.98
4.6298,0.0049,0.2054,-0.0073,367.08,-438.55,827.61
4.6322,0.0024,0.1810,0.2499,380.80,-428.05,827.61
4.6346,-0.0010,0.1757,0.3382,394.59,-416.43,827.47
4.6370,-0.0142,0.1820,0.1879,406.07,-402.85,827.40
4.6394,-0.0312,0.1898,-0.0722,417.13,-390.67,827.96
4.6418,-0.0317,0.2050,-0.2176,427.91,-379.82,828.59
4.6442,-0.0190,0.2137,-0.1386,437.08,-367.15,829.57
4.6466,-0.0151,0.1986,0.0810,446.39,-353.78,830.13
4.6490,-0.0190,0.1786,0.2586,457.17,-340.55,830.34
4.6514,-0.0220,0.1747,0.2538,467.25,-326.27,830.27
4.6538,-0.0312,0.1806,0.0732,475.79,-311.22,830.76
4.6563,-0.0429,0.1913,-0.1308,483.63,-297.15,831.53
4.6587,-0.0425,0.2030,-0.1893,490.84,-283.50,832.51
4.6611,-0.0356,0.2030,-0.0688,497.14,-269.01,833.42
4.6635,-0.0346,0.1884,0.1171,503.72,-253.75,833.98
4.6659,-0.0371,0.1732,0.2108,510.93,-238.49,834.40
4.6683,-0.0410,0.1723,0.1391,517.16,-222.60,834.68
4.6707,-0.0508,0.1791,-0.0342,522.06,-206.64,835.31
4.6731,-0.0581,0.1879,-0.1703,526.26,-191.24,836.15
4.6755,-0.0561,0.1942,-0.1615,529.90,-176.12,837.27
4.6779,-0.0517,0.1874,-0.0293,532.98,-160.23,838.18
4.6803,-0.0512,0.1732,0.1074,536.20,-144.06,838.60
4.6827,-0.0527,0.1630,0.1357,539.49,-127.82,839.09
4.6851,-0.0581,0.1630,0.0337,541.87,-111.09,839.79
4.6875,-0.0649,0.1703,-0.1147,543.06,-94.64,840.63
4.6899,-0.0688,0.1767,-0.1903,543.55,-78.68,841.68
4.6923,-0.0698,0.1776,-0.1381,543.48,-62.72,842.73
4.6947,-0.0673,0.1688,-0.0166,543.13,-46.48,843.57
4.6971,-0.0659,0.1562,0.0693,542.85,-30.03,844.27
4.6995,-0.0664,0.1493,0.0517,542.22,-13.58,845.04
4.7019,-0.0693,0.1503,-0.0547,540.47,3.01,845.74
4.7043,-0.0747,0.1542,-0.1659,537.95,19.32,846.79
4.7067,-0.0795,0.1576,-0.1923,534.66,35.07,847.77
4.7091,-0.0781,0.1552,-0.1210,531.09,50.68,848.75
4.7115,-0.0747,0.1440,-0.0190,527.38,66.50,849.66
4.7139,-0.0732,0.1332,0.0288,523.46,82.46,850.36
4.7163,-0.0747,0.1274,-0.0176,518.98,98.35,851.06
4.7188,-0.0786,0.1269,-0.1181,513.59,113.89,851.97
4.7212,-0.0820,0.1303,-0.1962,507.43,129.01,853.02
4.7236,-0.0834,0.1308,-0.1908,500.78,143.78,853.93
4.7260,-0.0830,0.1249,-0.1113,493.92,158.55,854.98
4.7284,-0.0795,0.1152,-0.0332,486.78,173.04,855.75
4.7308,-0.0776,0.1074,-0.0215,479.43,187.74,856.59
4.7332,-0.0781,0.1059,-0.0820,471.38,201.88,857.29
4.7356,-0.0810,0.1078,-0.1693,462.56,215.74,858.20
4.7380,-0.0859,0.1098,-0.2142,453.11,229.11,859.25
4.7404,-0.0874,0.1064,-0.1820,443.17,241.99,860.09
4.7428,-0.0854,0.0991,-0.1098,433.02,254.59,860.86
4.7452,-0.0830,0.0898,-0.0620,422.87,267.19,861.63
4.7476,-0.0820,0.0859,-0.0752,412.16,279.30,862.40
4.7500,-0.0825,0.0864,-0.1396,400.89,291.34,863.17
4.7524,-0.0849,0.0844,-0.2030,389.13,302.40,864.01
4.7548,-0.0883,0.0839,-0.2167,376.81,313.18,865.06
4.7572,-0.0903,0.0786,-0.1752,364.21,323.47,865.90
4.7596,-0.0878,0.0703,-0.1147,351.61,333.20,866.39
4.7620,-0.0844,0.0639,-0.0878,338.59,342.65,866.95
4.7644,-0.0815,0.0576,-0.1191,325.36,351.89,867.79
4.7668,-0.0810,0.0556,-0.1776,311.85,360.50,868.49
4.7692,-0.0854,0.0556,-0.2152,297.43,368.13,869.05
4.7716,-0.0849,0.0512,-0.2074,283.15,375.41,869.82
4.7740,-0.0791,0.0464,-0.1610,268.80,382.20,870.52
4.7764,-0.0761,0.0420,-0.1137,254.38,388.78,871.08
4.7788,-0.0717,0.0361,-0.1054,239.68,394.73,871.57
4.7813,-0.0678,0.0332,-0.1415,224.77,400.26,871.99
4.7837,-0.0688,0.0312,-0.1893,209.58,405.09,872.62
4.7861,-0.0683,0.0288,-0.2094,194.25,409.29,873.11
4.7885,-0.0669,0.0259,-0.1859,178.71,412.79,873.74
4.7909,-0.0620,0.0200,-0.1391,163.24,416.01,874.30
4.7933,-0.0542,0.0161,-0.1069,147.84,418.81,874.51
4.7957,-0.0478,0.0137,-0.1142,132.30,420.98,874.79
4.7981,-0.0425,0.0122,-0.1488,116.76,422.73,875.21
4.8005,-0.0395,0.0112,-0.1796,100.87,423.99,875.56
4.8029,-0.0376,0.0083,-0.1854,85.05,424.48,875.84
4.8053,-0.0337,0.0049,-0.1620,69.44,424.41,876.19
4.8077,-0.0293,0.0024,-0.1298,53.83,424.13,876.33
4.8101,-0.0254,0.0010,-0.1157,38.43,423.36,876.54
4.8125,-0.0215,0.0005,-0.1288,23.24,421.89,876.89
4.8149,-0.0166,0.0015,-0.1625,7.84,419.93,876.89
4.8173,-0.0142,0.0034,-0.1893,-7.42,417.41,877.03
4.8197,-0.0127,0.0044,-0.1879,-22.54,414.33,877.24
4.8221,-0.0078,0.0015,-0.1620,-37.38,410.83,877.31
4.8245,-0.0020,0.0005,-0.1357,-51.94,407.05,877.45
4.8269,0.0020,0.0010,-0.1327,-66.36,402.71,877.45
4.8293,0.0068,0.0029,-0.1566,-80.64,398.09,877.31
4.8317,0.0088,0.0054,-0.1850,-94.64,392.98,877.31
4.8341,0.0093,0.0078,-0.1972,-108.43,387.45,877.31
4.8365,0.0102,0.0098,-0.1913,-122.15,381.22,877.17
4.8389,0.0137,0.0112,-0.1742,-135.31,374.71,877.10
4.8413,0.0200,0.0146,-0.1620,-148.40,367.85,876.96
4.8438,0.0254,0.0190,-0.1679,-161.14,360.71,876.61
4.8462,0.0283,0.0239,-0.1898,-173.74,352.87,876.47
4.8486,0.0283,0.0268,-0.2152,-185.92,344.96,876.47
4.8510,0.0317,0.0298,-0.2201,-198.03,336.56,876.19
4.8534,0.0361,0.0322,-0.2079,-209.65,327.81,875.98
4.8558,0.0386,0.0351,-0.1952,-220.92,318.50,875.63
4.8582,0.0429,0.0400,-0.1913,-231.91,309.05,875.28
4.8606,0.0425,0.0293,-0.2074,-242.83,299.53,874.86
4.8630,0.0512,0.0351,-0.2084,-252.35,288.05,874.09
4.8654,0.0859,0.0542,-0.3289,-264.74,284.13,873.74
4.8678,0.0307,0.0561,-0.4099,-276.08,279.09,874.23
4.8702,0.0083,0.0503,-0.3201,-284.20,256.62,873.04
4.8726,0.0922,0.0508,-0.1586,-293.79,247.73,873.04
4.8750,0.0966,0.0561,-0.0952,-302.68,244.51,872.55
4.8774,0.0395,0.0625,-0.2113,-310.17,233.03,872.06
4.8798,0.0332,0.0874,-0.3079,-318.15,214.83,871.15
4.8822,0.1249,0.0800,-0.4836,-325.08,209.16,870.66
4.8846,0.0493,0.0625,-0.4709,-333.90,209.37,872.06
4.8870,-0.0127,0.0766,-0.2830,-339.92,177.66,869.54
4.8894,0.1244,0.0590,-0.2006,-346.71,171.99,869.68
4.8918,0.0961,0.0532,-0.2816,-348.11,177.59,869.12
4.8942,-0.0137,0.1000,-0.4431,-353.08,156.94,868.28
4.8966,0.0547,0.1088,-0.5124,-360.92,133.98,866.81
4.8990,0.1420,0.0976,-0.8477,-354.90,150.99,866.53
4.9014,-0.0991,0.1113,-0.9633,-356.30,157.01,867.44
4.9038,-0.1635,0.0996,-1.0668,-351.33,122.78,861.77
4.9063,-0.0073,0.1796,-1.3854,-331.52,160.58,861.77
4.9087,-0.1449,0.1259,-1.7714,-331.94,164.99,857.99
4.9111,-0.0966,0.1723,-2.9051,-275.66,185.71,851.69
4.9135,-0.6183,0.7022,-3.7137,-217.42,272.23,848.05
4.9159,-1.3879,0.7910,-4.6955,-175.21,271.39,822.22
4.9183,-1.7997,0.9282,-7.0204,-25.69,362.39,795.41
4.9207,-2.3361,1.9618,-10.1631,194.67,436.73,753.27
4.9231,-2.2882,3.6790,-12.2771,366.94,465.36,717.71
4.9255,-1.6275,4.4364,-10.2875,389.34,473.34,691.39
4.9279,-0.5754,4.2480,-4.3837,450.31,476.35,672.21
4.9303,0.5592,4.4920,1.6470,548.17,468.86,646.94
4.9327,1.5645,4.5325,4.2500,552.93,447.72,622.44
4.9351,2.0345,4.3139,1.0863,532.91,467.67,592.55
4.9375,2.5630,4.0289,-5.0967,579.46,413.91,562.87
4.9399,3.1447,4.5160,-7.8773,638.96,430.85,564.90
4.9423,3.1588,4.8917,-6.4977,578.69,413.56,558.25
4.9447,3.6620,4.0846,-3.6522,582.82,289.10,537.32
4.9471,4.8239,3.4131,-0.3333,643.16,244.09,515.13
4.9495,5.7067,3.0246,0.8969,629.23,275.59,484.47
4.9519,5.4939,2.3946,-1.4996,584.29,211.96,453.60
4.9543,6.0209,1.6006,-5.5178,575.89,47.60,414.19
4.9567,6.4870,1.3469,-7.9583,570.15,71.96,399.49
4.9591,5.6623,1.0629,-7.1160,490.77,17.64,379.75
4.9615,4.9425,-0.0586,-3.8401,414.61,-56.63,359.52
4.9639,4.5374,-0.9936,0.2562,430.78,-117.18,341.39
4.9663,4.0299,-1.3391,2.7157,430.01,-71.33,324.87
4.9688,2.7894,-1.4230,1.3230,390.18,-51.73,308.49
4.9712,1.9857,-1.4484,-2.3980,372.75,-113.75,295.47
4.9736,1.9652,-1.1839,-4.5672,371.35,-113.26,293.44
4.9760,1.5055,-0.7886,-3.8342,333.62,-69.09,296.59
4.9784,0.8960,-0.8999,-1.0038,294.35,-114.66,291.69
4.9808,1.0092,-1.1912,1.9222,302.05,-155.33,281.75
4.9832,1.1483,-1.1453,2.8250,314.09,-106.68,275.87
4.9856,0.5729,-0.8760,0.9472,305.27,-71.68,271.18
4.9880,0.1742,-0.6520,-1.8866,290.92,-127.96,268.17
4.9904,0.4114,-0.4563,-3.1364,287.63,-129.36,270.97
4.9928,0.3665,-0.3143,-2.1418,268.31,-97.37,276.22
4.9952,0.1703,-0.4451,0.2298,251.93,-120.19,274.33
4.9976,0.3348,-0.6412,2.1804,261.87,-138.74,267.82
5.0000,0.4768,-0.6120,2.1731,272.93,-106.96,262.85
5.0024,0.1986,-0.4675,0.2679,265.44,-84.63,260.61
5.0048,0.0298,-0.3767,-1.8349,258.37,-116.48,259.14
5.0072,0.2303,-0.3079,-2.3795,254.66,-117.04,261.66
5.0096,0.2582,-0.3040,-1.1566,242.48,-97.44,264.18
5.0120,0.1562,-0.4372,0.7740,236.81,-106.47,261.73
5.0144,0.2450,-0.5588,1.9183,245.63,-115.50,255.78
5.0168,0.3084,-0.5378,1.3615,251.09,-92.89,251.79
5.0192,0.1303,-0.4568,-0.3572,246.54,-81.27,250.25
5.0216,0.0508,-0.4036,-1.7505,242.13,-99.26,249.90
5.0240,0.1723,-0.3616,-1.7431,236.46,-99.05,251.30
5.0264,0.2030,-0.4075,-0.5026,227.50,-88.27,251.58
5.0288,0.1698,-0.5363,0.9516,227.08,-91.84,248.01
5.0313,0.2230,-0.5978,1.4655,233.73,-93.80,242.34
5.0337,0.2381,-0.5700,0.6486,234.22,-78.54,238.91
5.0361,0.1137,-0.5017,-0.7584,230.37,-72.59,237.58
5.0385,0.0639,-0.4343,-1.5923,224.98,-82.74,237.16
5.0409,0.1479,-0.4163,-1.2244,218.26,-83.51,237.37
5.0433,0.1840,-0.4836,-0.0615,212.17,-76.23,235.97
5.0457,0.1625,-0.5851,0.9272,211.89,-76.02,231.84
5.0481,0.1767,-0.6324,0.9677,214.55,-75.39,226.87
5.0505,0.1703,-0.6139,0.0659,212.87,-66.15,223.65
5.0529,0.0903,-0.5685,-0.9989,207.34,-62.58,222.18
5.0553,0.0590,-0.5505,-1.3864,200.34,-68.88,221.41
5.0577,0.1069,-0.5754,-0.8574,192.36,-69.09,220.43
5.0601,0.1259,-0.6486,0.0898,186.55,-63.63,217.98
5.0625,0.1093,-0.7300,0.6808,184.87,-62.30,213.71
5.0649,0.1015,-0.7364,0.4504,183.33,-60.13,209.44
5.0673,0.0708,-0.6871,-0.3772,177.73,-53.97,206.85
5.0697,0.0068,-0.6510,-1.0965,170.66,-52.50,205.73
5.0721,-0.0166,-0.6515,-1.1683,160.72,-55.79,205.03
5.0745,0.0088,-0.7003,-0.5890,152.32,-56.00,204.12
5.0769,0.0156,-0.7681,0.1503,147.56,-51.73,202.02
5.0793,-0.0088,-0.8008,0.4558,144.83,-49.91,198.87
5.0817,-0.0381,-0.7862,0.0952,140.00,-47.74,196.21
5.0841,-0.0844,-0.7613,-0.5963,133.77,-44.03,195.37
5.0865,-0.1440,-0.7291,-1.0263,127.54,-44.31,195.51
5.0889,-0.1747,-0.7183,-0.8930,117.95,-46.06,196.14
5.0913,-0.1728,-0.7549,-0.3411,110.88,-46.06,195.93
5.0938,-0.1713,-0.7891,0.1752,107.52,-43.40,195.16
5.0962,-0.1845,-0.7857,0.2621,104.93,-41.44,193.83
5.0986,-0.2206,-0.7623,-0.1108,100.52,-38.85,193.06
5.1010,-0.2533,-0.7388,-0.6198,95.41,-39.55,192.92
5.1034,-0.2650,-0.7291,-0.8423,88.97,-38.85,193.83
5.1058,-0.2845,-0.7398,-0.6100,83.79,-39.27,194.11
5.1082,-0.2884,-0.7613,-0.1645,78.19,-39.48,193.83
5.1106,-0.3001,-0.7871,0.1366,74.55,-36.75,193.27
5.1130,-0.3177,-0.7828,0.0566,72.52,-35.63,192.15
5.1154,-0.3343,-0.7515,-0.3187,67.27,-33.81,191.59
5.1178,-0.3582,-0.7403,-0.6754,60.62,-33.88,191.59
5.1202,-0.3616,-0.7530,-0.7359,55.23,-33.46,191.94
5.1226,-0.3616,-0.7686,-0.4724,49.49,-33.18,191.73
5.1250,-0.3758,-0.8032,-0.1181,43.75,-32.13,190.96
5.1274,-0.3982,-0.8306,0.0400,41.72,-29.05,189.70
5.1298,-0.4333,-0.8032,-0.1093,38.36,-26.81,188.72
5.1322,-0.4524,-0.7774,-0.4265,33.11,-27.09,187.74
5.1346,-0.4641,-0.7808,-0.6739,26.95,-23.94,187.67
5.1370,-0.4836,-0.7910,-0.6368,22.12,-24.08,187.18
5.1394,-0.4685,-0.7940,-0.3806,17.08,-23.94,186.20
5.1418,-0.4612,-0.7979,-0.1313,11.62,-21.21,184.87
5.1442,-0.4953,-0.8154,-0.0630,8.68,-18.69,183.40
5.1466,-0.5246,-0.8150,-0.2079,6.44,-17.78,181.79
5.1490,-0.5314,-0.8047,-0.4665,-0.21,-16.45,180.74
5.1514,-0.5446,-0.8018,-0.6154,-4.62,-14.21,179.97
5.1538,-0.5514,-0.7935,-0.5446,-8.54,-13.72,178.71
5.1563,-0.5407,-0.8018,-0.3479,-16.17,-12.60,177.38
5.1587,-0.5217,-0.8164,-0.1659,-18.27,-10.43,175.21
5.1611,-0.5246,-0.8189,-0.1527,-21.98,-7.77,173.18
5.1635,-0.5558,-0.8296,-0.2699,-26.39,-6.37,170.94
5.1659,-0.5519,-0.8091,-0.4641,-29.68,-4.27,168.56
5.1683,-0.5500,-0.7813,-0.5817,-35.21,-1.40,167.09
5.1707,-0.5739,-0.7784,-0.4851,-40.18,-1.05,165.27
5.1731,-0.5461,-0.7793,-0.3167,-43.54,-1.33,163.10
5.1755,-0.5734,-0.7740,-0.1518,-47.39,6.72,161.56
5.1779,-0.6002,-0.7305,-0.1889,-50.26,3.36,158.55
5.1803,-0.5651,-0.6876,-0.3870,-55.86,8.61,157.43
5.1827,-0.5851,-0.6612,-0.5266,-59.15,11.90,156.17
5.1851,-0.5832,-0.6295,-0.5378,-63.42,10.85,155.19
5.1875,-0.5622,-0.6198,-0.3562,-68.18,14.35,154.42
5.1899,-0.5602,-0.6110,-0.2084,-71.89,16.66,152.95
5.1923,-0.5583,-0.5919,-0.1742,-75.74,19.67,151.97
5.1947,-0.5431,-0.5617,-0.2674,-77.56,22.05,150.36
5.1971,-0.5334,-0.5251,-0.4260,-83.09,26.11,149.80
5.1995,-0.5295,-0.5085,-0.5007,-87.71,27.93,148.89
5.2019,-0.5114,-0.4987,-0.4490,-90.51,30.80,148.47
5.2043,-0.4885,-0.4778,-0.2816,-93.45,33.95,147.42
5.2067,-0.4734,-0.4631,-0.1762,-98.35,37.94,146.44
5.2091,-0.4660,-0.4534,-0.1874,-100.52,40.53,145.04
5.2115,-0.4514,-0.4187,-0.3060,-102.76,44.17,143.99
5.2139,-0.4499,-0.3899,-0.4314,-108.43,48.65,143.36
5.2163,-0.4504,-0.3894,-0.4690,-112.63,51.17,142.59
5.2188,-0.4260,-0.3860,-0.3806,-115.36,53.76,141.89
5.2212,-0.4085,-0.3406,-0.2499,-118.65,58.10,140.63
5.2236,-0.4104,-0.3211,-0.2752,-128.38,61.46,139.37
5.2260,-0.3845,-0.3572,-0.3655,-132.09,61.74,138.46
5.2284,-0.3528,-0.3294,-0.3509,-129.57,66.92,137.41
5.2308,-0.3836,-0.2577,-0.3723,-140.63,70.07,136.15
5.2332,-0.3753,-0.3123,-0.3987,-151.83,66.29,135.31
5.2356,-0.3250,-0.3509,-0.3377,-145.39,72.31,134.05
5.2380,-0.3475,-0.2621,-0.2352,-150.99,76.58,133.42
5.2404,-0.3489,-0.2630,-0.2211,-162.75,74.34,131.39
5.2428,-0.3177,-0.3089,-0.3260,-163.31,77.56,130.55
5.2452,-0.3177,-0.2611,-0.3567,-162.47,81.83,129.57
5.2476,-0.3377,-0.2123,-0.3704,-173.18,84.35,128.66
5.2500,-0.3304,-0.2513,-0.3904,-180.88,83.09,127.61
5.2524,-0.3001,-0.2621,-0.3582,-179.41,87.64,126.77
5.2548,-0.3289,-0.1923,-0.2899,-185.29,92.47,126.21
5.2572,-0.3587,-0.1630,-0.2948,-194.74,91.56,124.95
5.2596,-0.3182,-0.2318,-0.3958,-201.53,91.91,124.25
5.2620,-0.2850,-0.2469,-0.3743,-197.82,97.65,124.18
5.2644,-0.3167,-0.1737,-0.3001,-203.91,102.69,123.69
5.2668,-0.3182,-0.1913,-0.2601,-213.50,99.26,122.85
5.2692,-0.2640,-0.2230,-0.2523,-211.33,103.67,122.01
5.2716,-0.2660,-0.1728,-0.2801,-213.64,111.37,122.08
5.2740,-0.2865,-0.1362,-0.3411,-222.04,111.86,120.96
5.2764,-0.2694,-0.1591,-0.4387,-227.36,114.45,120.82
5.2788,-0.2547,-0.1547,-0.4236,-227.15,119.49,120.82
5.2813,-0.2625,-0.1142,-0.3382,-233.66,124.18,120.61
5.2837,-0.2582,-0.1332,-0.2645,-240.52,124.32,120.12
5.2861,-0.2181,-0.1474,-0.2460,-240.59,128.03,119.56
5.2885,-0.2094,-0.1015,-0.2840,-243.81,134.82,119.56
5.2909,-0.2196,-0.0732,-0.3636,-250.74,137.41,119.07
5.2933,-0.2064,-0.0830,-0.4280,-254.80,139.79,119.07
5.2957,-0.1884,-0.0659,-0.3992,-256.62,144.20,119.14
5.2981,-0.1845,-0.0420,-0.3245,-262.92,149.87,119.14
5.3005,-0.1879,-0.0425,-0.2933,-269.08,151.90,118.79
5.3029,-0.1713,-0.0195,-0.3255,-272.37,154.35,118.72
5.3053,-0.1430,-0.0083,-0.3860,-275.80,160.09,118.86
5.3077,-0.1547,0.0107,-0.4436,-279.02,166.18,119.21
5.3101,-0.1810,0.0234,-0.4534,-286.93,167.93,119.35
5.3125,-0.1454,0.0346,-0.4343,-288.26,169.61,119.28
5.3149,-0.1298,0.0420,-0.4099,-292.39,178.78,120.05
5.3173,-0.1415,0.0976,-0.3650,-291.69,179.90,119.91
5.3197,-0.1322,0.1410,-0.4153,-297.92,184.59,119.91
5.3221,-0.1405,0.1825,-0.5412,-297.15,189.35,121.17
5.3245,-0.1635,0.2367,-0.9355,-293.23,197.54,121.24
5.3269,-0.1288,0.2391,-1.2605,-277.76,207.76,120.05
5.3293,-0.1449,0.3011,-1.3527,-274.05,218.89,121.87
5.3317,-0.1649,0.2538,-1.4147,-266.56,222.25,123.69
5.3341,-0.1747,0.2103,-1.6485,-231.70,234.50,123.13
5.3365,-0.2294,0.4168,-2.2580,-186.27,237.93,121.38
5.3389,-0.0825,0.5866,-2.7894,-168.77,241.99,123.20
5.3413,-0.2591,0.7593,-2.9602,-159.81,279.23,126.91
5.3438,-0.6720,0.9618,-3.0544,-153.79,238.91,126.63
5.3462,-0.2704,0.8042,-3.1788,-68.04,220.57,119.07
5.3486,-0.0795,1.1849,-2.4019,-20.23,287.49,128.03
5.3510,-0.5407,1.5118,-2.0633,-28.91,285.04,117.60
5.3534,-0.6427,1.3200,-3.7918,32.90,236.67,107.59
5.3558,-0.3362,1.8300,-4.1670,94.71,212.80,106.05
5.3582,-0.4333,2.1057,-3.7020,75.39,265.30,98.84
5.3606,-0.6593,1.8651,-3.1388,88.62,184.31,93.17
5.3630,-0.1854,1.9315,-1.9652,135.87,143.78,75.81
5.3654,0.1596,1.9613,-1.7314,120.61,159.11,70.28
5.3678,0.0307,1.7182,-2.5361,118.93,140.42,57.40
5.3702,0.1723,1.5138,-3.4702,134.40,67.41,49.14
5.3726,0.5685,1.4801,-3.3369,122.57,65.38,41.93
5.3750,0.5666,1.2629,-2.6894,83.30,59.15,39.34
5.3774,0.5597,0.7774,-1.7007,85.40,11.76,30.24
5.3798,0.8174,0.6354,-0.8272,92.12,-12.60,24.15
5.3822,0.9043,0.5505,-0.6100,59.99,-2.10,18.55
5.3846,0.6256,0.2586,-1.2390,49.21,-4.34,14.84
5.3870,0.5490,0.1918,-1.7090,57.68,-49.84,10.22
5.3894,0.6891,0.2289,-1.5079,42.49,-36.75,10.08
5.3918,0.4738,0.1069,-0.9941,23.24,-30.59,9.52
5.3942,0.3660,-0.0590,-0.3972,31.43,-58.73,5.25
5.3966,0.4524,-0.0264,-0.0127,36.05,-59.57,3.36
5.3990,0.3919,0.0181,-0.1762,21.56,-47.53,1.75
5.4014,0.2377,-0.0737,-0.7696,19.60,-52.78,0.70
5.4038,0.2381,-0.0615,-1.1082,26.32,-71.26,-0.56
5.4063,0.3079,0.0029,-0.9433,15.47,-61.11,0.49
5.4087,0.2128,-0.0869,-0.5700,7.56,-58.80,-0.35
5.4111,0.1806,-0.1562,-0.1854,14.07,-72.17,-2.03
5.4135,0.2547,-0.1127,-0.0102,14.49,-69.09,-3.57
5.4159,0.2103,-0.1152,-0.2923,7.21,-57.33,-3.99
5.4183,0.0986,-0.1342,-0.7603,8.33,-62.02,-4.76
5.4207,0.1137,-0.1064,-0.9755,8.33,-69.44,-4.83
5.4231,0.1464,-0.1078,-0.8242,0.49,-60.90,-4.20
5.4255,0.0722,-0.1630,-0.5251,-2.17,-57.26,-4.27
5.4279,0.0600,-0.1835,-0.2728,1.40,-65.03,-5.67
5.4303,0.1074,-0.1576,-0.2938,-0.91,-57.82,-5.88
5.4327,0.0464,-0.1679,-0.6163,-4.48,-48.51,-5.88
5.4351,-0.0015,-0.1767,-0.9565,-3.15,-52.01,-5.95
5.4375,0.0288,-0.1444,-1.0399,-5.39,-50.12,-5.11
5.4399,0.0312,-0.1508,-0.9160,-9.80,-41.65,-4.27
5.4423,-0.0112,-0.2147,-0.7408,-7.07,-38.43,-3.71
5.4447,-0.0254,-0.2059,-0.6344,-2.10,-38.15,-3.78
5.4471,-0.0039,-0.1937,-0.7749,-4.34,-30.80,-3.71
5.4495,-0.0493,-0.2157,-1.0116,-3.99,-23.59,-2.59
5.4519,-0.0927,-0.1991,-1.1961,-1.61,-23.66,-2.17
5.4543,-0.0922,-0.1903,-1.2381,-2.94,-18.06,-0.84
5.4567,-0.1337,-0.1967,-1.1741,-3.36,-11.55,-0.14
5.4591,-0.1649,-0.2206,-1.1092,-3.22,-10.43,0.49
5.4615,-0.1576,-0.2250,-1.1000,-0.28,-6.93,0.56
5.4639,-0.1806,-0.2084,-1.2132,-0.35,-0.84,1.33
5.4663,-0.2240,-0.1957,-1.2937,0.77,1.05,1.54
5.4688,-0.2425,-0.1879,-1.2800,1.54,2.66,1.82
5.4712,-0.2586,-0.1713,-1.1717,2.17,4.76,1.89
5.4736,-0.2660,-0.1532,-1.0648,2.45,4.69,1.26
5.4760,-0.2523,-0.1357,-1.0370,2.31,4.97,0.84
5.4784,-0.2347,-0.1015,-1.0858,2.45,5.11,0.14
5.4808,-0.2147,-0.0737,-1.1244,1.33,5.60,-0.14
5.4832,-0.1859,-0.0395,-1.0921,1.82,4.13,-0.84
5.4856,-0.1518,-0.0088,-1.0448,-0.70,2.59,-1.26
5.4880,-0.1039,0.0093,-0.9819,-1.12,1.96,-1.61
5.4904,-0.0600,0.0220,-0.9140,-2.17,4.41,-1.61
5.4928,-0.0517,0.0210,-0.8818,-2.45,4.90,-1.82
5.4952,-0.0307,0.0322,-0.9277,-0.49,2.73,-1.68
5.4976,-0.0024,0.0522,-0.9858,-0.98,3.64,-1.26
