# throw_id=3,class=backhand,name=,samples=2130,sample_rate_hz=416.0,dropped=0,peak_accel_g=17.7321,peak_gyro_dps=2540.93
time_s,ax_g,ay_g,az_g,gx_dps,gy_dps,gz_dps
0.0000,0.3924,0.0869,-0.6110,31.29,-40.88,-59.22
0.0024,0.4050,0.0834,-0.6676,30.87,-43.19,-58.45
0.0048,0.4080,0.0869,-0.7174,30.66,-43.82,-57.54
0.0072,0.3992,0.0927,-0.7271,29.75,-45.71,-56.56
0.0096,0.4026,0.0913,-0.7013,28.98,-48.72,-55.58
0.0120,0.4050,0.0839,-0.6651,29.12,-49.98,-54.74
0.0144,0.3943,0.0859,-0.6417,29.26,-51.52,-53.97
0.0168,0.3811,0.0888,-0.6564,28.84,-54.11,-53.41
0.0192,0.3733,0.0913,-0.6934,28.63,-56.49,-52.71
0.0216,0.3640,0.0947,-0.7193,28.14,-58.17,-51.94
0.0240,0.3494,0.0922,-0.7218,27.44,-60.06,-51.31
0.0264,0.3348,0.0844,-0.7042,26.39,-62.30,-50.68
0.0288,0.3226,0.0786,-0.6769,26.32,-64.26,-50.26
0.0313,0.3074,0.0747,-0.6608,26.32,-65.38,-49.84
0.0337,0.2894,0.0688,-0.6681,26.18,-66.92,-49.42
0.0361,0.2728,0.0605,-0.6852,26.11,-68.53,-49.00
0.0385,0.2572,0.0556,-0.6959,26.46,-69.86,-48.72
0.0409,0.2425,0.0586,-0.6827,26.81,-71.05,-48.30
0.0433,0.2259,0.0551,-0.6476,26.53,-72.52,-48.09
0.0457,0.2103,0.0464,-0.6173,26.88,-73.85,-48.09
0.0481,0.1952,0.0420,-0.6056,27.51,-74.27,-48.09
0.0505,0.1703,0.0361,-0.6071,27.44,-74.76,-48.37
0.0529,0.1420,0.0205,-0.6095,27.44,-75.74,-48.65
0.0553,0.1176,0.0049,-0.5954,27.58,-75.95,-49.07
0.0577,0.0893,-0.0034,-0.5607,27.37,-75.81,-49.42
0.0601,0.0664,-0.0166,-0.5226,26.11,-76.09,-50.05
0.0625,0.0473,-0.0317,-0.4812,25.69,-75.53,-50.68
0.0649,0.0205,-0.0381,-0.4407,24.99,-74.48,-51.45
0.0673,-0.0078,-0.0434,-0.4202,23.45,-73.22,-52.36
0.0697,-0.0361,-0.0512,-0.4133,22.19,-71.61,-53.27
0.0721,-0.0664,-0.0590,-0.4011,21.28,-69.37,-54.18
0.0745,-0.0976,-0.0722,-0.3811,19.95,-66.85,-55.23
0.0769,-0.1279,-0.0937,-0.3660,18.55,-64.19,-56.70
0.0793,-0.1552,-0.1161,-0.3514,17.78,-61.11,-58.24
0.0817,-0.1825,-0.1318,-0.3406,16.73,-57.68,-59.78
0.0841,-0.2054,-0.1459,-0.3333,15.40,-54.25,-61.46
0.0865,-0.2201,-0.1635,-0.3250,14.21,-50.89,-63.14
0.0889,-0.2308,-0.1747,-0.3094,12.88,-47.53,-64.75
0.0913,-0.2381,-0.1820,-0.2889,11.41,-44.24,-66.36
0.0938,-0.2430,-0.1874,-0.2772,10.08,-41.09,-67.76
0.0962,-0.2474,-0.1923,-0.2757,8.89,-38.15,-69.23
0.0986,-0.2474,-0.1962,-0.2855,7.63,-35.56,-70.49
0.1010,-0.2460,-0.2001,-0.3026,6.02,-33.11,-71.75
0.1034,-0.2425,-0.2040,-0.3162,4.41,-31.50,-73.08
0.1058,-0.2401,-0.2064,-0.3250,2.73,-30.10,-74.20
0.1082,-0.2357,-0.2094,-0.3279,1.40,-28.98,-75.25
0.1106,-0.2274,-0.2157,-0.3284,-0.21,-28.49,-76.37
0.1130,-0.2186,-0.2225,-0.3333,-1.89,-28.42,-77.49
0.1154,-0.2133,-0.2269,-0.3426,-3.43,-28.70,-78.54
0.1178,-0.2079,-0.2313,-0.3543,-5.04,-29.33,-79.38
0.1202,-0.1967,-0.2328,-0.3631,-6.79,-30.38,-80.08
0.1226,-0.1854,-0.2298,-0.3650,-8.40,-31.92,-80.64
0.1250,-0.1732,-0.2255,-0.3650,-10.22,-33.60,-81.27
0.1274,-0.1645,-0.2240,-0.3660,-12.60,-35.63,-81.76
0.1298,-0.1610,-0.2235,-0.3694,-14.56,-37.80,-82.11
0.1322,-0.1606,-0.2186,-0.3728,-16.66,-39.97,-82.39
0.1346,-0.1654,-0.2113,-0.3797,-18.69,-42.42,-82.81
0.1370,-0.1742,-0.2069,-0.3899,-20.79,-45.36,-83.16
0.1394,-0.1864,-0.2001,-0.3943,-22.40,-48.23,-83.93
0.1418,-0.2001,-0.1908,-0.3943,-24.29,-51.24,-84.84
0.1442,-0.2147,-0.1801,-0.3933,-25.90,-54.39,-85.82
0.1466,-0.2274,-0.1664,-0.3928,-27.72,-57.47,-87.01
0.1490,-0.2377,-0.1576,-0.3909,-29.75,-61.04,-88.34
0.1514,-0.2430,-0.1562,-0.3938,-31.71,-64.40,-89.95
0.1538,-0.2484,-0.1576,-0.3933,-33.60,-67.20,-91.42
0.1563,-0.2567,-0.1586,-0.3894,-35.28,-70.28,-93.17
0.1587,-0.2669,-0.1586,-0.3880,-36.89,-73.57,-94.92
0.1611,-0.2752,-0.1591,-0.3875,-38.57,-76.58,-96.81
0.1635,-0.2855,-0.1615,-0.3880,-40.04,-79.45,-98.70
0.1659,-0.2962,-0.1620,-0.3875,-41.58,-82.53,-100.52
0.1683,-0.3021,-0.1625,-0.3880,-42.91,-85.12,-102.06
0.1707,-0.3070,-0.1630,-0.3884,-44.38,-87.78,-103.74
0.1731,-0.3070,-0.1596,-0.3894,-45.85,-90.58,-105.49
0.1755,-0.3026,-0.1601,-0.3792,-47.53,-92.82,-107.03
0.1779,-0.3035,-0.1654,-0.3684,-49.28,-94.78,-108.50
0.1803,-0.3157,-0.1713,-0.3611,-50.68,-96.60,-109.83
0.1827,-0.3328,-0.1752,-0.3587,-51.94,-98.56,-111.37
0.1851,-0.3455,-0.1801,-0.3616,-53.55,-100.59,-112.63
0.1875,-0.3494,-0.1762,-0.3621,-54.32,-103.11,-113.82
0.1899,-0.3450,-0.1703,-0.3762,-56.49,-104.23,-115.22
0.1923,-0.3445,-0.1693,-0.4006,-57.47,-105.28,-116.62
0.1947,-0.3489,-0.1610,-0.4177,-58.66,-106.47,-118.16
0.1971,-0.3479,-0.1498,-0.4202,-60.06,-107.45,-119.63
0.1995,-0.3499,-0.1425,-0.4119,-61.60,-107.66,-121.24
0.2019,-0.3636,-0.1401,-0.4046,-62.72,-108.01,-122.92
0.2043,-0.3806,-0.1366,-0.4011,-63.70,-108.64,-124.67
0.2067,-0.3953,-0.1318,-0.4085,-64.61,-108.57,-126.28
0.2091,-0.4080,-0.1283,-0.4226,-65.17,-108.50,-127.82
0.2115,-0.4182,-0.1244,-0.4392,-65.94,-108.78,-129.36
0.2139,-0.4250,-0.1210,-0.4524,-66.85,-108.71,-130.97
0.2163,-0.4270,-0.1210,-0.4563,-67.55,-108.36,-132.58
0.2188,-0.4299,-0.1220,-0.4553,-68.11,-107.80,-134.12
0.2212,-0.4353,-0.1254,-0.4592,-68.46,-106.82,-135.66
0.2236,-0.4441,-0.1293,-0.4734,-68.74,-105.70,-137.27
0.2260,-0.4568,-0.1347,-0.4904,-69.02,-104.58,-138.81
0.2284,-0.4743,-0.1401,-0.5036,-69.51,-103.39,-140.14
0.2308,-0.4934,-0.1425,-0.5104,-69.93,-102.41,-141.61
0.2332,-0.5109,-0.1503,-0.5100,-70.49,-101.22,-142.87
0.2356,-0.5261,-0.1606,-0.5109,-70.98,-100.24,-143.99
0.2380,-0.5417,-0.1693,-0.5222,-71.75,-99.26,-145.18
0.2404,-0.5544,-0.1776,-0.5427,-72.17,-98.70,-146.23
0.2428,-0.5656,-0.1801,-0.5710,-72.38,-97.79,-147.21
0.2452,-0.5812,-0.1810,-0.5993,-72.80,-97.09,-148.19
0.2476,-0.5910,-0.1810,-0.6134,-73.08,-96.95,-149.17
0.2500,-0.5963,-0.1796,-0.6149,-73.29,-96.74,-150.15
0.2524,-0.6037,-0.1723,-0.6149,-73.57,-96.53,-151.27
0.2548,-0.6129,-0.1635,-0.6242,-73.85,-96.67,-152.46
0.2572,-0.6232,-0.1571,-0.6442,-74.34,-96.95,-153.72
0.2596,-0.6310,-0.1488,-0.6671,-74.62,-97.30,-155.12
0.2620,-0.6398,-0.1396,-0.6793,-75.18,-98.07,-156.38
0.2644,-0.6471,-0.1396,-0.6847,-76.02,-99.05,-157.71
0.2668,-0.6520,-0.1425,-0.6925,-76.23,-99.89,-159.18
0.2692,-0.6588,-0.1430,-0.7042,-76.51,-101.08,-160.72
0.2716,-0.6578,-0.1444,-0.7266,-76.93,-102.62,-162.19
0.2740,-0.6583,-0.1488,-0.7525,-77.28,-103.32,-163.94
0.2764,-0.6778,-0.1527,-0.7715,-77.35,-104.16,-165.69
0.2788,-0.6998,-0.1503,-0.7832,-77.98,-106.26,-167.44
0.2813,-0.7139,-0.1464,-0.7871,-78.96,-108.08,-169.12
0.2837,-0.7291,-0.1464,-0.7920,-79.59,-109.34,-170.66
0.2861,-0.7471,-0.1493,-0.7979,-79.80,-111.44,-172.20
0.2885,-0.7642,-0.1674,-0.8125,-80.43,-113.61,-173.74
0.2909,-0.7788,-0.1703,-0.8208,-80.22,-116.20,-175.49
0.2933,-0.7891,-0.1601,-0.8350,-81.13,-117.32,-177.10
0.2957,-0.8106,-0.1566,-0.8442,-81.62,-118.93,-178.50
0.2981,-0.8369,-0.1479,-0.8481,-82.25,-121.45,-179.69
0.3005,-0.8662,-0.1415,-0.8491,-82.95,-122.22,-180.67
0.3029,-0.8760,-0.1371,-0.8486,-84.07,-125.23,-182.00
0.3053,-0.8560,-0.1352,-0.8652,-85.12,-127.33,-183.19
0.3077,-0.8477,-0.1249,-0.8764,-85.26,-128.03,-184.59
0.3101,-0.8481,-0.1137,-0.8872,-85.33,-129.29,-186.06
0.3125,-0.8457,-0.1005,-0.8926,-85.96,-131.18,-187.74
0.3149,-0.8423,-0.0966,-0.9008,-87.01,-133.00,-189.28
0.3173,-0.8428,-0.0844,-0.9087,-86.24,-133.56,-190.82
0.3197,-0.8525,-0.0654,-0.9101,-87.01,-135.45,-192.36
0.3221,-0.8540,-0.0590,-0.9155,-86.80,-138.39,-193.90
0.3245,-0.8506,-0.0508,-0.9174,-86.17,-139.72,-195.51
0.3269,-0.8525,-0.0400,-0.9126,-85.19,-142.38,-197.12
0.3293,-0.8501,-0.0386,-0.9023,-84.63,-145.32,-198.59
0.3317,-0.8520,-0.0410,-0.8960,-82.60,-147.49,-200.20
0.3341,-0.8628,-0.0361,-0.8877,-81.55,-149.87,-201.74
0.3365,-0.8652,-0.0449,-0.8886,-80.50,-153.37,-203.63
0.3389,-0.8691,-0.0595,-0.9106,-78.75,-155.12,-205.45
0.3413,-0.8838,-0.0634,-0.9316,-77.56,-157.57,-206.99
0.3438,-0.8906,-0.0708,-0.9492,-77.35,-160.58,-208.81
0.3462,-0.8896,-0.0805,-0.9623,-76.16,-162.75,-210.56
0.3486,-0.8945,-0.0752,-0.9721,-75.04,-164.08,-212.03
0.3510,-0.9062,-0.0737,-0.9794,-75.04,-166.18,-213.43
0.3534,-0.9082,-0.0874,-0.9911,-74.55,-168.56,-214.90
0.3558,-0.9072,-0.0942,-0.9999,-73.50,-169.54,-216.23
0.3582,-0.9155,-0.0893,-1.0053,-72.87,-170.66,-217.84
0.3606,-0.9228,-0.0864,-1.0258,-73.01,-172.34,-219.24
0.3630,-0.9321,-0.0844,-1.0458,-72.66,-173.32,-220.71
0.3654,-0.9467,-0.0781,-1.0614,-72.52,-173.74,-222.18
0.3678,-0.9609,-0.0717,-1.0760,-72.80,-174.37,-223.37
0.3702,-0.9711,-0.0688,-1.0936,-73.15,-175.07,-224.84
0.3726,-0.9799,-0.0678,-1.1122,-73.57,-175.21,-225.89
0.3750,-0.9887,-0.0649,-1.1273,-74.13,-175.35,-227.15
0.3774,-0.9906,-0.0630,-1.1463,-74.55,-175.21,-228.27
0.3798,-0.9921,-0.0595,-1.1644,-75.25,-174.23,-229.11
0.3822,-0.9970,-0.0522,-1.1834,-75.95,-173.39,-229.88
0.3846,-0.9970,-0.0464,-1.2010,-76.65,-172.97,-230.72
0.3870,-0.9950,-0.0464,-1.2137,-77.21,-171.64,-231.28
0.3894,-1.0004,-0.0508,-1.2263,-77.63,-170.10,-231.98
0.3918,-1.0102,-0.0586,-1.2390,-78.05,-168.70,-232.61
0.3942,-1.0160,-0.0693,-1.2507,-78.40,-167.30,-233.38
0.3966,-1.0209,-0.0786,-1.2605,-78.75,-165.69,-234.15
0.3990,-1.0233,-0.0844,-1.2654,-79.17,-164.43,-234.92
0.4014,-1.0199,-0.0937,-1.2644,-79.87,-163.31,-235.48
0.4038,-1.0150,-0.1025,-1.2551,-80.08,-162.19,-235.97
0.4063,-1.0116,-0.1049,-1.2473,-79.94,-161.07,-236.60
0.4087,-1.0087,-0.1044,-1.2532,-79.80,-159.95,-236.95
0.4111,-1.0116,-0.0991,-1.2708,-79.03,-158.76,-237.44
0.4135,-1.0204,-0.0956,-1.2995,-78.05,-157.57,-237.72
0.4159,-1.0316,-0.0913,-1.3288,-77.21,-156.10,-237.93
0.4183,-1.0424,-0.0844,-1.3459,-75.88,-154.84,-238.14
0.4207,-1.0560,-0.0771,-1.3479,-74.48,-153.58,-238.49
0.4231,-1.0697,-0.0683,-1.3474,-72.80,-151.55,-238.77
0.4255,-1.0834,-0.0605,-1.3552,-71.40,-149.24,-239.12
0.4279,-1.0975,-0.0542,-1.3708,-69.79,-147.14,-239.47
0.4303,-1.1087,-0.0508,-1.3967,-67.97,-144.83,-239.96
0.4327,-1.1170,-0.0493,-1.4142,-66.08,-142.03,-240.45
0.4351,-1.1244,-0.0488,-1.4235,-64.26,-139.02,-240.80
0.4375,-1.1307,-0.0527,-1.4289,-62.58,-135.87,-241.08
0.4399,-1.1356,-0.0590,-1.4289,-60.48,-132.58,-241.36
0.4423,-1.1424,-0.0634,-1.4254,-58.59,-129.01,-241.64
0.4447,-1.1522,-0.0732,-1.4254,-56.91,-125.16,-241.78
0.4471,-1.1614,-0.0893,-1.4333,-54.88,-121.52,-241.78
0.4495,-1.1717,-0.1054,-1.4362,-52.43,-117.95,-241.85
0.4519,-1.1863,-0.1191,-1.4435,-50.54,-113.75,-241.78
0.4543,-1.2000,-0.1327,-1.4606,-48.93,-109.69,-241.64
0.4567,-1.2141,-0.1449,-1.4723,-47.11,-105.56,-241.50
0.4591,-1.2317,-0.1523,-1.4723,-45.29,-101.22,-241.36
0.4615,-1.2537,-0.1586,-1.4674,-43.75,-97.02,-241.15
0.4639,-1.2825,-0.1669,-1.4650,-42.07,-92.96,-241.08
0.4663,-1.3166,-0.1762,-1.4689,-40.32,-89.18,-241.22
0.4688,-1.3566,-0.1874,-1.4845,-38.85,-85.26,-241.43
0.4712,-1.3986,-0.1962,-1.5148,-37.59,-81.55,-241.57
0.4736,-1.4328,-0.1967,-1.5440,-36.40,-78.40,-241.85
0.4760,-1.4552,-0.1918,-1.5699,-35.77,-75.67,-242.27
0.4784,-1.4684,-0.1879,-1.6060,-36.12,-73.36,-242.83
0.4808,-1.4752,-0.1874,-1.6509,-36.61,-71.19,-243.46
0.4832,-1.4801,-0.1791,-1.7021,-37.24,-68.95,-243.95
0.4856,-1.4884,-0.1610,-1.7514,-38.78,-67.34,-244.44
0.4880,-1.4996,-0.1479,-1.7919,-40.67,-66.15,-245.07
0.4904,-1.5157,-0.1381,-1.8256,-42.63,-65.17,-245.56
0.4928,-1.5299,-0.1279,-1.8588,-45.29,-64.68,-246.19
0.4952,-1.5431,-0.1230,-1.9042,-48.58,-63.77,-246.96
0.4976,-1.5611,-0.1240,-1.9691,-52.15,-63.28,-247.59
0.5000,-1.5684,-0.1215,-2.0350,-55.72,-63.63,-248.50
0.5024,-1.5670,-0.1181,-2.0867,-60.34,-63.14,-249.34
0.5048,-1.5709,-0.1186,-2.1272,-65.73,-62.23,-250.32
0.5072,-1.5811,-0.1181,-2.1477,-70.98,-61.74,-251.37
0.5096,-1.5865,-0.1210,-2.1599,-76.51,-61.46,-252.56
0.5120,-1.5919,-0.1279,-2.1877,-81.97,-59.71,-253.68
0.5144,-1.6075,-0.1342,-2.2277,-87.57,-57.19,-254.52
0.5168,-1.6304,-0.1440,-2.2721,-93.52,-55.44,-255.43
0.5192,-1.6485,-0.1596,-2.3004,-99.75,-53.27,-255.99
0.5216,-1.6641,-0.1737,-2.3107,-105.84,-49.70,-256.55
0.5240,-1.6841,-0.1815,-2.3092,-111.93,-45.85,-256.97
0.5264,-1.7036,-0.1903,-2.3043,-118.02,-41.86,-257.32
0.5288,-1.7265,-0.1981,-2.3136,-124.25,-36.68,-257.60
0.5313,-1.7568,-0.2030,-2.3346,-130.97,-30.45,-257.81
0.5337,-1.7914,-0.2103,-2.3556,-137.76,-24.01,-257.74
0.5361,-1.8237,-0.2157,-2.3697,-143.99,-17.08,-257.46
0.5385,-1.8549,-0.2201,-2.3731,-150.57,-8.26,-256.76
0.5409,-1.8954,-0.2240,-2.3673,-156.87,1.26,-255.92
0.5433,-1.9286,-0.2240,-2.3624,-162.54,10.85,-255.01
0.5457,-1.9535,-0.2176,-2.3717,-168.14,22.82,-253.89
0.5481,-1.9862,-0.2025,-2.3932,-173.32,35.42,-252.49
0.5505,-2.0203,-0.1762,-2.4200,-177.87,48.16,-250.95
0.5529,-2.0525,-0.1440,-2.4361,-182.00,61.74,-249.34
0.5553,-2.0882,-0.1035,-2.4337,-185.92,75.53,-247.66
0.5577,-2.1243,-0.0556,-2.4205,-189.70,89.53,-245.84
0.5601,-2.1584,-0.0034,-2.4044,-192.57,103.04,-244.02
0.5625,-2.1892,0.0586,-2.3892,-194.95,116.83,-242.13
0.5649,-2.2170,0.1249,-2.3800,-197.19,130.13,-240.31
0.5673,-2.2414,0.1928,-2.3917,-198.80,142.87,-238.70
0.5697,-2.2633,0.2577,-2.4146,-199.64,154.98,-236.95
0.5721,-2.2848,0.3289,-2.4268,-200.20,166.39,-235.48
0.5745,-2.2990,0.3987,-2.4371,-200.90,177.52,-233.87
0.5769,-2.3185,0.4612,-2.4420,-201.04,188.37,-232.54
0.5793,-2.3444,0.5290,-2.4390,-201.18,197.89,-231.42
0.5817,-2.3629,0.6007,-2.4273,-201.60,206.99,-230.16
0.5841,-2.3795,0.6676,-2.4127,-202.44,216.02,-228.97
0.5865,-2.3941,0.7330,-2.3946,-202.72,224.07,-227.85
0.5889,-2.4068,0.8028,-2.3702,-202.72,231.49,-226.80
0.5913,-2.4215,0.8662,-2.3473,-203.07,239.05,-225.61
0.5938,-2.4317,0.9277,-2.3253,-202.65,245.49,-224.42
0.5962,-2.4390,0.9819,-2.3004,-202.09,252.35,-223.16
0.5986,-2.4512,1.0409,-2.2624,-200.27,258.65,-221.76
0.6010,-2.4590,1.1029,-2.2194,-199.15,264.18,-220.29
0.6034,-2.4795,1.1527,-2.1599,-196.98,271.11,-218.33
0.6058,-2.4966,1.2151,-2.1169,-195.65,275.45,-216.65
0.6082,-2.4888,1.2571,-2.0877,-196.42,280.28,-214.97
0.6106,-2.4815,1.2625,-2.0281,-192.71,285.46,-213.29
0.6130,-2.4688,1.3074,-1.9681,-186.97,290.64,-211.40
0.6154,-2.4585,1.3396,-1.9232,-185.78,297.22,-209.58
0.6178,-2.5015,1.2839,-1.8417,-182.28,303.52,-207.20
0.6202,-2.4771,1.3054,-1.7797,-176.33,302.19,-205.52
0.6226,-2.3409,1.4220,-1.8207,-175.98,311.01,-203.00
0.6250,-2.3038,1.4801,-1.8339,-172.62,323.68,-200.20
0.6274,-2.3253,1.5016,-1.7139,-164.43,323.68,-197.82
0.6298,-2.2809,1.5250,-1.4816,-158.83,328.51,-195.02
0.6322,-2.2541,1.5392,-1.2600,-153.30,338.94,-192.29
0.6346,-2.2521,1.5440,-1.1531,-146.37,342.93,-190.05
0.6370,-2.2077,1.5650,-1.1317,-137.41,345.52,-187.74
0.6394,-2.1589,1.5904,-1.1527,-130.27,353.01,-185.08
0.6418,-2.1418,1.6011,-1.1434,-123.90,360.08,-182.28
0.6442,-2.1028,1.6172,-1.0873,-117.18,362.11,-179.69
0.6466,-2.0345,1.6216,-0.9736,-109.62,367.22,-176.61
0.6490,-1.9847,1.6163,-0.8101,-101.57,373.87,-173.60
0.6514,-1.9486,1.6089,-0.6842,-94.99,377.02,-170.66
0.6538,-1.8944,1.5948,-0.6110,-87.85,378.63,-168.00
0.6563,-1.8310,1.5840,-0.5910,-79.80,382.13,-165.13
0.6587,-1.7890,1.5787,-0.5949,-73.71,385.21,-162.05
0.6611,-1.7588,1.5596,-0.5822,-68.32,385.63,-159.25
0.6635,-1.7187,1.5348,-0.5280,-62.09,385.98,-156.24
0.6659,-1.6738,1.5167,-0.4333,-56.21,386.96,-153.37
0.6683,-1.6294,1.4904,-0.3279,-51.24,386.33,-150.15
0.6707,-1.5821,1.4508,-0.2435,-46.13,384.30,-147.07
0.6731,-1.5338,1.4259,-0.2074,-40.25,382.48,-144.06
0.6755,-1.4991,1.4167,-0.2079,-36.12,381.01,-140.91
0.6779,-1.4752,1.4045,-0.2128,-32.83,377.51,-137.83
0.6803,-1.4411,1.3942,-0.1845,-29.54,373.17,-134.68
0.6827,-1.4006,1.3898,-0.1127,-26.04,369.74,-131.60
0.6851,-1.3649,1.3849,-0.0244,-23.17,365.33,-128.66
0.6875,-1.3254,1.3840,0.0522,-20.44,359.87,-125.79
0.6899,-1.3005,1.3859,0.1054,-17.08,355.11,-122.71
0.6923,-1.2747,1.3610,0.1098,-15.26,350.21,-119.77
0.6947,-1.2434,1.3357,0.0874,-12.46,346.71,-116.62
0.6971,-1.2459,1.3283,0.1249,-10.36,340.90,-113.75
0.6995,-1.2010,1.3083,0.1972,-10.64,331.87,-111.51
0.7019,-1.1414,1.2737,0.2728,-9.03,331.38,-108.50
0.7043,-1.1302,1.2654,0.3436,-6.79,325.99,-106.05
0.7067,-1.0736,1.3025,0.3909,-6.37,317.52,-103.39
0.7091,-0.9955,1.3396,0.4265,-5.67,314.44,-100.17
0.7115,-0.9575,1.3449,0.4275,-4.76,311.29,-97.30
0.7139,-0.9594,1.3235,0.4026,-5.11,308.35,-94.78
0.7163,-0.9853,1.2912,0.3694,-7.56,306.32,-92.89
0.7188,-1.0258,1.2542,0.3894,-10.01,305.27,-90.23
0.7212,-1.0560,1.2068,0.5114,-10.36,300.37,-87.50
0.7236,-1.0097,1.1531,0.6798,-10.78,292.95,-84.70
0.7260,-0.9316,1.1102,0.8120,-9.17,290.36,-81.34
0.7284,-0.8774,1.0995,0.8511,-7.42,286.37,-78.68
0.7308,-0.8145,1.1214,0.8067,-6.79,279.72,-76.23
0.7332,-0.7491,1.1531,0.7149,-7.63,276.01,-73.92
0.7356,-0.7154,1.1692,0.6124,-9.38,274.82,-71.54
0.7380,-0.7291,1.1795,0.5822,-10.71,272.16,-69.09
0.7404,-0.7403,1.1824,0.6622,-12.95,265.16,-66.78
0.7428,-0.7169,1.1527,0.7857,-15.68,260.75,-64.19
0.7452,-0.7154,1.1165,0.8950,-15.12,258.44,-61.46
0.7476,-0.7154,1.1073,0.9467,-16.45,249.13,-59.64
0.7500,-0.6315,1.1014,0.8457,-22.61,237.79,-55.44
0.7524,-0.6100,1.1161,0.8076,-26.53,228.76,-53.34
0.7548,-0.5539,1.1117,0.8428,-31.78,218.82,-51.38
0.7572,-0.4919,1.1004,0.9165,-36.05,211.47,-49.35
0.7596,-0.4592,1.0980,0.9916,-40.18,203.63,-47.46
0.7620,-0.4402,1.1122,1.0365,-44.66,192.85,-45.92
0.7644,-0.4177,1.1366,1.0409,-50.12,182.91,-44.10
0.7668,-0.4109,1.1570,1.0438,-55.09,173.60,-42.56
0.7692,-0.4143,1.1712,1.0575,-60.55,162.26,-41.16
0.7716,-0.4036,1.1741,1.1024,-66.85,150.50,-39.76
0.7740,-0.3860,1.1736,1.1658,-72.66,139.58,-38.22
0.7764,-0.3782,1.1814,1.2176,-78.33,128.45,-36.68
0.7788,-0.3670,1.1936,1.2449,-84.63,116.41,-35.00
0.7813,-0.3309,1.2073,1.2454,-91.00,103.39,-33.25
0.7837,-0.2874,1.2322,1.2390,-96.67,92.33,-31.64
0.7861,-0.2552,1.2698,1.2395,-102.83,81.20,-30.17
0.7885,-0.2230,1.3034,1.2595,-109.62,69.37,-28.70
0.7909,-0.1923,1.3259,1.3000,-115.92,57.40,-27.44
0.7933,-0.1693,1.3415,1.3498,-121.59,46.06,-25.90
0.7957,-0.1615,1.3566,1.3874,-126.84,35.14,-24.64
0.7981,-0.1630,1.3830,1.4054,-132.09,23.66,-23.03
0.8005,-0.1596,1.4059,1.4064,-137.90,12.39,-21.00
0.8029,-0.1571,1.4274,1.4010,-142.45,2.31,-18.41
0.8053,-0.1630,1.4523,1.4235,-148.19,-6.44,-15.40
0.8077,-0.1679,1.4762,1.4908,-153.65,-15.89,-12.18
0.8101,-0.1654,1.4947,1.5889,-158.90,-24.92,-8.75
0.8125,-0.1527,1.5094,1.6943,-163.45,-33.11,-5.11
0.8149,-0.1386,1.5348,1.7631,-168.63,-39.34,-1.12
0.8173,-0.1386,1.5660,1.7875,-174.02,-45.43,3.22
0.8197,-0.1410,1.6011,1.8090,-178.29,-51.80,7.77
0.8221,-0.1464,1.6490,1.8568,-182.77,-57.26,12.67
0.8245,-0.1742,1.6982,1.9457,-188.16,-61.88,17.99
0.8269,-0.2206,1.7412,2.0535,-192.57,-66.92,23.17
0.8293,-0.2645,1.7973,2.1540,-196.70,-72.45,28.84
0.8317,-0.3065,1.8666,2.2150,-201.53,-77.00,34.51
0.8341,-0.3499,1.9315,2.2180,-206.57,-81.48,40.53
0.8365,-0.3919,1.9896,2.1999,-211.33,-86.73,46.62
0.8389,-0.4368,2.0476,2.2199,-216.16,-91.98,52.99
0.8413,-0.4914,2.1072,2.2951,-221.62,-98.14,59.36
0.8438,-0.5700,2.1662,2.3805,-227.29,-103.74,66.29
0.8462,-0.6891,2.2297,2.4556,-232.40,-109.55,73.78
0.8486,-0.8286,2.2956,2.5244,-237.65,-118.65,81.69
0.8510,-0.9599,2.3507,2.5708,-242.62,-128.17,90.16
0.8534,-1.0965,2.4205,2.6006,-245.35,-135.66,98.98
0.8558,-1.2551,2.5171,2.6186,-249.69,-142.38,108.01
0.8582,-1.4240,2.6206,2.6396,-255.64,-149.73,117.25
0.8606,-1.5772,2.7382,2.6991,-259.91,-157.99,125.93
0.8630,-1.7109,2.9314,2.8143,-262.92,-163.80,134.05
0.8654,-1.8461,3.2003,2.9241,-268.52,-168.28,140.98
0.8678,-1.9554,3.4058,3.0310,-273.28,-174.86,146.23
0.8702,-1.9432,3.4404,3.0500,-278.88,-183.33,149.59
0.8726,-1.9110,3.5209,3.0110,-281.75,-178.01,154.42
0.8750,-1.9188,3.8923,2.9548,-281.75,-172.62,159.53
0.8774,-1.8773,4.2690,3.1159,-283.92,-175.84,166.18
0.8798,-1.8622,4.2710,3.3184,-295.75,-174.23,171.22
0.8822,-1.9012,4.3920,3.2081,-269.15,-155.96,173.39
0.8846,-2.0760,4.8297,3.1500,-270.06,-142.52,176.68
0.8870,-2.1360,5.0776,2.9973,-283.64,-157.78,178.08
0.8894,-1.8705,5.2265,2.9026,-277.55,-152.60,183.89
0.8918,-1.3293,5.3251,2.7904,-253.47,-150.50,192.36
0.8942,-0.7574,5.2675,2.5103,-249.20,-133.56,212.80
0.8966,-0.6364,5.2177,2.5161,-278.81,-116.90,235.83
0.8990,-0.4973,5.1684,2.0218,-263.13,-140.35,255.08
0.9014,-0.0195,5.5002,1.7485,-226.52,-149.94,288.12
0.9038,0.5319,6.0766,1.6953,-226.94,-154.84,324.52
0.9063,1.1556,6.3220,1.1712,-232.40,-183.05,369.25
0.9087,1.8134,6.4050,0.8867,-229.11,-212.38,416.08
0.9111,2.0711,6.4187,0.7042,-254.73,-222.25,471.24
0.9135,1.8954,6.4123,0.9384,-287.14,-272.23,527.87
0.9159,1.8637,6.6095,1.5265,-286.44,-342.58,586.53
0.9183,2.0257,7.1424,2.4088,-273.00,-395.15,652.26
0.9207,2.1228,7.8290,3.0222,-272.30,-438.97,717.99
0.9231,2.1467,8.4741,2.7348,-275.94,-506.73,782.18
0.9255,2.2838,9.0714,1.9378,-267.82,-571.06,844.97
0.9279,2.2858,9.6287,1.0795,-257.46,-599.55,912.52
0.9303,2.0535,10.1475,0.7013,-235.48,-646.94,979.58
0.9327,2.0096,10.6935,1.0624,-203.35,-705.11,1046.92
0.9351,2.0877,11.3128,1.9505,-169.54,-737.52,1115.87
0.9375,1.9866,12.0170,2.7509,-133.00,-754.95,1183.70
0.9399,1.7514,12.7968,3.0588,-92.40,-778.05,1250.41
0.9423,1.5152,13.5449,2.8738,-51.73,-798.49,1317.82
0.9447,1.2464,14.2013,2.4678,0.14,-807.66,1388.17
0.9471,1.0316,14.7147,2.2541,54.95,-816.62,1461.32
0.9495,1.0834,15.1500,2.3312,110.67,-826.49,1534.47
0.9519,1.3191,15.6160,2.3092,147.91,-816.62,1608.74
0.9543,1.5611,15.9127,1.9544,182.49,-800.66,1682.31
0.9567,1.8642,15.9820,1.4411,219.17,-786.45,1758.33
0.9591,2.1999,15.9820,1.0531,252.98,-755.09,1839.04
0.9615,2.6611,15.9820,0.8359,287.00,-735.91,1918.91
0.9639,3.2896,15.9820,0.8072,328.37,-701.40,1999.69
0.9663,3.8518,15.9820,1.0512,371.77,-643.23,2083.69
0.9688,4.3134,15.9820,1.0868,409.01,-579.60,2165.31
0.9712,4.4891,15.9820,0.6315,403.90,-495.04,2244.48
0.9736,4.6955,15.9820,-0.3553,440.23,-421.40,2289.98
0.9760,5.6779,15.9820,-1.6084,474.18,-329.84,2293.48
0.9784,6.7427,15.9820,-2.5005,473.41,-219.38,2293.48
0.9808,7.2151,15.9820,-2.6357,412.09,-116.27,2293.48
0.9832,6.9750,15.9820,-1.8490,285.74,22.26,2293.48
0.9856,5.8209,15.4633,-0.1035,242.76,105.49,2293.48
0.9880,3.1539,11.1981,1.1409,90.09,194.81,2293.48
0.9904,-0.1240,3.7395,-1.3366,14.63,253.05,2293.48
0.9928,-2.3951,-0.7896,-1.6221,298.20,0.21,2293.48
0.9952,0.0566,1.4581,-1.2434,632.59,-315.77,2293.48
0.9976,1.8495,3.1139,-3.5204,114.87,207.48,2293.48
1.0000,-1.9115,0.6388,-6.3338,187.25,252.56,2293.48
1.0024,-1.5440,0.6529,-7.6889,383.11,-190.19,2293.48
1.0048,1.3064,2.4703,-1.8607,262.99,27.37,2293.48
1.0072,0.1532,1.5294,1.0150,36.89,281.26,2293.48
1.0096,-1.5230,0.2133,-1.1244,224.21,71.33,2293.48
1.0120,0.3553,1.7797,-3.5317,282.66,-108.43,2293.48
1.0144,1.2132,2.3160,-5.1743,43.47,219.38,2293.48
1.0168,-0.9213,1.1229,-6.2737,76.51,195.86,2293.48
1.0192,-0.6769,1.1795,-4.9859,131.95,-38.08,2293.48
1.0216,0.9916,1.8154,0.0102,50.05,36.33,2293.48
1.0240,0.5183,1.1175,1.1229,-26.74,209.44,2293.48
1.0264,-0.5592,0.9033,-1.4620,79.59,47.81,2293.48
1.0288,0.6163,1.7988,-3.9421,42.28,-44.73,2293.48
1.0313,0.9487,1.8173,-4.8268,-59.99,141.12,2293.48
1.0337,-0.2830,1.2400,-4.8166,-54.18,85.33,2293.48
1.0361,0.0342,1.2459,-2.2765,-42.49,-67.34,2293.48
1.0385,1.0926,1.3947,1.0165,-95.69,-26.04,2293.48
1.0409,0.7725,1.0907,0.7100,-105.84,68.11,2293.48
1.0433,0.1610,1.2571,-2.0262,-60.90,-43.61,2293.48
1.0457,0.8374,1.6255,-3.9177,-109.06,-89.39,2293.48
1.0481,0.9379,1.4079,-4.1114,-148.82,-1.54,2293.48
1.0505,0.2596,1.0917,-3.1574,-148.05,-55.86,2293.48
1.0529,0.5739,1.0204,-0.6022,-146.16,-155.12,2293.48
1.0553,1.1702,1.0111,0.9858,-157.22,-111.72,2293.48
1.0577,0.7974,0.9731,-0.3802,-138.95,-72.59,2293.48
1.0601,0.4573,1.1361,-2.9465,-121.31,-145.53,2293.48
1.0625,0.7730,1.2346,-4.2212,-143.29,-168.77,2293.48
1.0649,0.7491,1.0072,-3.9411,-151.55,-138.32,2293.48
1.0673,0.3982,0.7901,-2.2277,-134.89,-182.91,2293.48
1.0697,0.5827,0.7569,0.0171,-118.79,-242.76,2293.48
1.0721,0.8735,0.7437,0.3245,-103.95,-210.14,2293.48
1.0745,0.5192,0.8457,-1.7109,-70.91,-190.54,2293.48
1.0769,0.2733,1.0185,-3.8093,-62.37,-248.92,2293.48
1.0793,0.4948,0.9989,-4.2510,-65.10,-260.26,2293.48
1.0817,0.3992,0.8477,-3.1696,-56.14,-242.55,2293.48
1.0841,0.1869,0.7496,-1.1927,-30.73,-281.33,2293.48
1.0865,0.3274,0.7603,0.2045,-10.85,-303.87,2293.48
1.0889,0.3884,0.7798,-0.4280,14.00,-276.78,2293.48
1.0913,0.0420,0.8969,-2.4854,44.52,-268.52,2293.48
1.0938,-0.0898,1.0360,-3.8464,54.74,-314.44,2293.48
1.0962,0.1552,1.0180,-3.5766,61.32,-311.78,2293.48
1.0986,0.0639,0.9252,-2.0535,79.73,-296.80,2293.48
1.1010,-0.0659,0.8906,-0.3123,107.17,-325.08,2293.48
1.1034,0.0981,0.9414,0.3138,127.82,-323.61,2293.48
1.1058,0.0908,1.0106,-0.7740,149.45,-288.96,2293.48
1.1082,-0.1420,1.1165,-2.4566,166.95,-285.53,2293.48
1.1106,-0.1571,1.1966,-3.0524,172.34,-301.49,2293.48
1.1130,-0.0512,1.1448,-2.3302,179.76,-284.06,2293.48
1.1154,-0.1405,1.0570,-0.8930,198.73,-271.11,2293.48
1.1178,-0.1991,1.0536,0.2943,219.38,-277.62,2293.48
1.1202,-0.1147,1.0741,0.1630,232.75,-268.10,2293.48
1.1226,-0.1230,1.1419,-1.1331,247.66,-239.68,2293.48
1.1250,-0.2503,1.2717,-2.2941,254.73,-231.42,2293.48
1.1274,-0.2274,1.3386,-2.3912,252.91,-233.17,2293.48
1.1298,-0.1459,1.3059,-1.4757,254.10,-214.83,2293.48
1.1322,-0.1908,1.2381,-0.3636,264.11,-200.27,2293.48
1.1346,-0.2181,1.2390,0.0561,273.00,-196.98,2293.48
1.1370,-0.1669,1.2844,-0.6398,274.89,-179.55,2293.48
1.1394,-0.2079,1.3679,-1.8973,275.59,-157.78,2293.48
1.1418,-0.2669,1.4640,-2.6147,269.78,-153.65,2293.48
1.1442,-0.1981,1.4869,-2.2331,261.94,-147.77,2293.48
1.1466,-0.1152,1.4591,-1.2132,256.55,-133.35,2293.48
1.1490,-0.0756,1.4176,-0.3924,253.61,-119.14,2293.48
1.1514,-0.0410,1.4181,-0.4221,251.51,-106.96,2293.48
1.1538,0.0083,1.4835,-1.3113,241.99,-91.91,2293.48
1.1563,0.0034,1.5518,-2.2565,226.45,-75.32,2293.48
1.1587,-0.0010,1.5567,-2.4932,210.14,-70.63,2293.48
1.1611,0.0639,1.5094,-1.8490,196.63,-63.91,2293.48
1.1635,0.1606,1.4284,-0.8882,184.17,-55.09,2293.48
1.1659,0.2255,1.3615,-0.3655,176.40,-42.21,2293.48
1.1683,0.2391,1.3859,-0.7471,168.42,-34.51,2293.48
1.1707,0.2567,1.4303,-1.6699,150.01,-29.05,2293.48
1.1731,0.2850,1.4108,-2.1740,131.88,-25.34,2293.48
1.1755,0.2899,1.3649,-1.8998,115.78,-22.05,2293.48
1.1779,0.2982,1.2737,-1.0053,98.98,-26.95,2293.48
1.1803,0.3577,1.1448,-0.1366,91.21,-28.42,2293.48
1.1827,0.3738,1.0965,0.0415,86.38,-26.39,2293.48
1.1851,0.3665,1.1102,-0.5085,76.37,-29.82,2293.48
1.1875,0.3733,1.1546,-1.3249,65.66,-29.54,2293.48
1.1899,0.3758,1.1971,-1.7358,51.31,-35.28,2293.48
1.1923,0.4231,1.1424,-1.4093,37.66,-42.84,2293.48
1.1947,0.4943,1.0609,-0.6734,29.54,-47.53,2293.48
1.1971,0.5275,1.0063,-0.1825,21.00,-48.51,2293.48
1.1995,0.5256,0.9755,-0.3216,16.66,-51.52,2293.48
1.2019,0.5305,0.9980,-1.0072,11.27,-53.27,2293.48
1.2043,0.5178,1.0043,-1.6490,0.91,-54.95,2293.48
1.2067,0.4812,0.9604,-1.7363,-8.26,-62.37,2293.48
1.2091,0.4738,0.8823,-1.2644,-12.53,-74.20,2293.48
1.2115,0.5148,0.8223,-0.7056,-10.01,-79.38,2293.48
1.2139,0.5036,0.8218,-0.5134,-12.46,-79.59,2293.48
1.2163,0.4597,0.7886,-0.8423,-13.23,-86.03,2293.48
1.2188,0.4275,0.7666,-1.4040,-6.65,-88.97,2293.48
1.2212,0.3528,0.8140,-1.7373,-6.16,-95.20,2293.48
1.2236,0.2826,0.8028,-1.6153,-12.46,-108.08,2293.48
1.2260,0.2630,0.7291,-1.1697,-7.21,-121.03,2293.48
1.2284,0.2577,0.7388,-0.7642,2.66,-129.78,2293.48
1.2308,0.2362,0.7754,-0.7418,5.32,-135.24,2293.48
1.2332,0.1532,0.7910,-1.1053,10.01,-143.71,2293.48
1.2356,0.1069,0.8511,-1.4279,17.64,-161.98,2293.48
1.2380,0.1410,0.9150,-1.4986,20.16,-167.44,2293.48
1.2404,0.0908,0.9296,-1.2498,18.48,-170.38,2293.48
1.2428,0.0566,0.8818,-0.8623,23.80,-186.83,2293.48
1.2452,0.1074,0.8755,-0.6764,35.84,-192.15,2293.48
1.2476,0.0673,0.9697,-0.7823,42.70,-189.98,2293.48
1.2500,-0.0156,1.0106,-1.0712,42.98,-199.36,2293.48
1.2524,0.0000,1.0146,-1.2400,52.08,-209.44,2293.48
1.2548,0.0386,1.0629,-1.0341,56.49,-211.12,2293.48
1.2572,0.0142,1.0853,-0.6759,60.06,-211.26,2293.48
1.2596,-0.0102,1.0682,-0.5031,67.27,-218.26,2293.48
1.2620,0.0268,1.0868,-0.5022,77.35,-221.76,2293.48
1.2644,0.0020,1.1400,-0.7413,82.39,-214.90,2293.48
1.2668,-0.0898,1.1483,-1.0414,86.87,-219.52,2293.48
1.2692,-0.0874,1.1805,-1.0858,97.16,-227.15,2293.48
1.2716,-0.0683,1.2185,-0.8921,101.71,-224.98,2293.48
1.2740,-0.0864,1.2156,-0.6734,107.94,-228.13,2293.48
1.2764,-0.0776,1.2161,-0.6329,118.09,-231.77,2293.48
1.2788,-0.0576,1.2659,-0.7442,127.61,-230.86,2293.48
1.2813,-0.0664,1.3235,-0.9199,130.06,-227.50,2293.48
1.2837,-0.0917,1.3405,-1.0321,135.94,-228.97,2293.48
1.2861,-0.0576,1.3835,-0.9570,143.08,-231.42,2293.48
1.2885,-0.0049,1.4254,-0.7413,144.27,-226.17,2293.48
1.2909,0.0049,1.4367,-0.6100,147.28,-222.81,2293.48
1.2933,0.0346,1.4430,-0.5905,150.99,-223.58,2293.48
1.2957,0.0917,1.4620,-0.7052,153.86,-217.77,2293.48
1.2981,0.1020,1.4723,-0.9096,152.67,-209.65,2293.48
1.3005,0.1083,1.4699,-0.9496,155.61,-208.46,2293.48
1.3029,0.1518,1.4850,-0.8550,156.24,-204.12,2293.48
1.3053,0.2015,1.4567,-0.6905,154.00,-197.33,2293.48
1.3077,0.2191,1.3996,-0.5817,157.71,-187.11,2293.48
1.3101,0.2118,1.3854,-0.6022,159.04,-183.54,2293.48
1.3125,0.2664,1.3771,-0.7144,157.43,-177.10,2293.48
1.3149,0.2923,1.3405,-0.8677,156.87,-163.66,2293.48
1.3173,0.2767,1.3166,-0.8906,158.69,-160.86,2293.48
1.3197,0.3172,1.2952,-0.7627,157.29,-156.45,2293.48
1.3221,0.3440,1.2449,-0.6407,156.45,-144.69,2293.48
1.3245,0.3060,1.2073,-0.6032,158.69,-136.99,2293.48
1.3269,0.2752,1.1907,-0.6261,158.62,-136.50,2293.48
1.3293,0.3040,1.1849,-0.7003,158.06,-131.95,2293.48
1.3317,0.2889,1.1722,-0.7569,156.10,-122.92,2293.48
1.3341,0.2430,1.1468,-0.6769,154.63,-125.16,2293.48
1.3365,0.2791,1.1331,-0.5544,153.23,-125.02,2293.48
1.3389,0.2928,1.1063,-0.5300,149.80,-116.06,2293.48
1.3413,0.2635,1.0780,-0.6344,149.10,-115.29,2293.48
1.3438,0.2708,1.0648,-0.7701,145.32,-115.71,2293.48
1.3462,0.3060,1.0341,-0.8438,141.75,-113.26,2293.48
1.3486,0.3167,1.0121,-0.8506,139.02,-106.82,2293.48
1.3510,0.2889,1.0038,-0.8076,134.89,-104.93,2293.48
1.3534,0.2948,0.9721,-0.8003,129.99,-104.93,2293.48
1.3558,0.3187,0.9389,-0.8335,128.03,-99.47,2293.48
1.3582,0.2757,0.9355,-0.8457,124.95,-93.59,2293.48
1.3606,0.2372,0.9189,-0.8584,119.28,-97.37,2293.48
1.3630,0.2606,0.8930,-0.8823,115.99,-94.92,2293.48
1.3654,0.2391,0.8862,-0.8935,111.72,-89.95,2293.48
1.3678,0.1991,0.8838,-0.8886,107.45,-92.05,2293.48
1.3702,0.2103,0.8516,-0.8969,103.74,-93.94,2293.48
1.3726,0.1986,0.8345,-0.9570,103.25,-89.53,2293.48
1.3750,0.1405,0.8428,-0.9853,98.35,-90.09,2293.48
1.3774,0.1283,0.8306,-0.9906,95.27,-94.29,2293.48
1.3798,0.1240,0.8496,-0.9545,93.24,-92.26,2293.48
1.3822,0.0874,0.8730,-0.9077,89.39,-93.59,2293.48
1.3846,0.0595,0.8774,-0.9340,85.26,-94.92,2293.48
1.3870,0.0366,0.8896,-0.9653,82.32,-98.91,2293.48
1.3894,0.0264,0.9067,-0.9819,79.38,-101.22,2293.48
1.3918,-0.0098,0.9404,-0.9926,75.95,-101.57,2293.48
1.3942,-0.0503,0.9765,-1.0028,71.12,-107.24,2293.48
1.3966,-0.0425,1.0004,-0.9916,67.76,-113.26,2293.48
1.3990,-0.0278,1.0185,-0.9809,65.45,-115.01,2293.48
1.4014,-0.0381,1.0497,-0.9560,62.72,-119.21,2293.48
1.4038,-0.0176,1.0585,-0.9277,58.94,-124.46,2293.48
1.4063,0.0161,1.0756,-0.8833,57.26,-125.44,2293.48
1.4087,0.0234,1.1048,-0.8272,53.90,-126.70,2293.48
1.4111,0.0303,1.1029,-0.8433,52.08,-128.52,2293.48
1.4135,0.0327,1.1092,-0.8745,51.10,-131.18,2293.48
1.4159,0.0464,1.1248,-0.8838,51.45,-133.91,2293.48
1.4183,0.0259,1.1522,-0.9423,52.01,-133.70,2293.48
1.4207,-0.0171,1.1912,-1.0170,51.80,-139.37,2293.48
1.4231,-0.0073,1.2161,-1.0067,50.61,-145.46,2293.48
1.4255,0.0156,1.2244,-0.9423,51.17,-148.47,2293.48
1.4279,0.0342,1.2351,-0.8530,53.48,-153.37,2293.48
1.4303,0.0766,1.2464,-0.7979,55.02,-157.15,2293.48
1.4327,0.1039,1.2512,-0.8218,56.70,-158.48,2293.48
1.4351,0.1064,1.2551,-0.9218,60.97,-162.40,2293.48
1.4375,0.1313,1.2937,-1.0238,65.59,-166.46,2293.48
1.4399,0.1405,1.3142,-1.0716,67.06,-165.55,2293.48
1.4423,0.1357,1.3034,-1.0599,70.91,-168.91,2293.48
1.4447,0.1620,1.3254,-1.0780,76.79,-171.43,2293.48
1.4471,0.1859,1.3327,-1.1600,78.54,-172.41,2293.48
1.4495,0.2011,1.3264,-1.2244,84.00,-174.72,2293.48
1.4519,0.2172,1.3371,-1.2717,87.22,-176.54,2293.48
1.4543,0.2440,1.3200,-1.2332,89.81,-176.89,2293.48
1.4567,0.2704,1.2922,-1.1663,95.20,-175.07,2293.48
1.4591,0.2796,1.2654,-1.1000,100.45,-174.93,2293.48
1.4615,0.2996,1.2537,-1.0673,106.19,-173.11,2293.48
1.4639,0.3094,1.2444,-1.1746,109.13,-168.91,2293.48
1.4663,0.3094,1.2176,-1.2683,114.38,-169.05,2293.48
1.4688,0.3314,1.2224,-1.2786,118.72,-167.23,2293.48
1.4712,0.3387,1.2410,-1.2410,118.72,-162.54,2293.48
1.4736,0.3455,1.2132,-1.2229,119.91,-159.88,2293.48
1.4760,0.3919,1.1971,-1.2532,125.02,-156.03,2293.48
1.4784,0.4231,1.1893,-1.3205,122.85,-149.03,2293.48
1.4808,0.4236,1.1326,-1.3859,121.10,-144.06,2293.48
1.4832,0.4299,1.0941,-1.3815,125.37,-139.37,2293.48
1.4856,0.4294,1.0892,-1.3039,124.46,-133.98,2293.48
1.4880,0.4241,1.0526,-1.2073,121.03,-128.87,2293.48
1.4904,0.3943,1.0155,-1.1570,122.29,-123.41,2293.48
1.4928,0.3728,1.0131,-1.1200,121.38,-122.64,2293.48
1.4952,0.3797,0.9877,-1.1590,116.90,-116.48,2293.48
1.4976,0.3475,0.9472,-1.2049,114.38,-111.72,2293.48
1.5000,0.3231,0.9165,-1.2156,115.01,-111.44,2293.48
1.5024,0.3148,0.9067,-1.1444,112.77,-108.99,2293.48
1.5048,0.3040,0.8799,-1.0189,110.04,-105.91,2293.48
1.5072,0.2611,0.8638,-0.8950,109.83,-101.15,2293.48
1.5096,0.2250,0.8730,-0.8169,107.94,-103.67,2293.48
1.5120,0.2298,0.8774,-0.8584,104.58,-102.06,2293.48
1.5144,0.1986,0.8804,-0.9223,101.08,-100.10,2293.48
1.5168,0.1698,0.8833,-0.9882,99.05,-101.85,2293.48
1.5192,0.1464,0.8979,-0.9789,95.06,-101.92,2293.48
1.5216,0.1157,0.8916,-0.9545,91.56,-103.25,2293.48
1.5240,0.0981,0.8813,-0.9814,90.44,-104.65,2293.48
1.5264,0.0727,0.9077,-0.9823,88.69,-105.28,2293.48
1.5288,0.0434,0.9082,-1.0248,83.37,-106.75,2293.48
1.5313,0.0181,0.8911,-1.1126,82.81,-108.92,2293.48
1.5337,-0.0073,0.9106,-1.1229,81.62,-113.19,2293.48
1.5361,-0.0063,0.9262,-1.0990,80.01,-117.04,2293.48
1.5385,-0.0171,0.9501,-1.0624,79.87,-117.32,2293.48
1.5409,-0.0351,0.9862,-0.9970,79.03,-122.64,2293.48
1.5433,-0.0151,1.0087,-0.9692,76.37,-125.86,2293.48
1.5457,-0.0073,1.0121,-0.9521,75.53,-127.40,2293.48
1.5481,-0.0034,1.0302,-0.9140,76.30,-130.20,2293.48
1.5505,0.0005,1.0619,-0.8642,73.15,-132.23,2293.48
1.5529,-0.0010,1.0873,-0.8442,71.33,-134.40,2293.48
1.5553,-0.0122,1.1190,-0.8574,71.05,-135.80,2293.48
1.5577,-0.0185,1.1473,-0.8867,70.98,-140.28,2293.48
1.5601,-0.0215,1.1663,-0.9389,69.44,-142.10,2293.48
1.5625,-0.0210,1.1697,-0.9516,68.74,-147.56,2293.48
1.5649,0.0068,1.1766,-0.8877,70.77,-151.13,2293.48
1.5673,0.0015,1.2063,-0.8564,72.66,-152.53,2293.48
1.5697,0.0088,1.2220,-0.8525,72.66,-158.20,2293.48
1.5721,0.0390,1.2298,-0.8638,75.25,-158.48,2293.48
1.5745,0.0415,1.2566,-0.9292,75.60,-161.77,2293.48
1.5769,0.0732,1.2649,-0.9589,76.58,-165.83,2293.48
1.5793,0.1000,1.2673,-0.9287,79.87,-164.64,2293.48
1.5817,0.1098,1.2815,-0.8686,82.11,-167.93,2293.48
1.5841,0.1362,1.2878,-0.8599,84.07,-167.93,2293.48
1.5865,0.1381,1.3000,-0.9223,86.52,-167.02,2293.48
1.5889,0.1342,1.3230,-0.9755,88.55,-169.40,2293.48
1.5913,0.1674,1.3420,-0.9867,89.11,-172.13,2293.48
1.5938,0.2113,1.3225,-0.9428,90.02,-171.22,2293.48
1.5962,0.2211,1.3088,-0.8647,94.08,-170.45,2293.48
1.5986,0.2269,1.3069,-0.8442,94.36,-171.29,2293.48
1.6010,0.2328,1.2742,-0.8530,96.53,-170.31,2293.48
1.6034,0.2259,1.2678,-0.8838,100.94,-169.40,2293.48
1.6058,0.2440,1.2654,-0.9604,101.99,-170.24,2293.48
1.6082,0.2801,1.2512,-1.0004,104.86,-169.26,2293.48
1.6106,0.3045,1.2390,-1.0019,107.38,-167.79,2293.48
1.6130,0.3304,1.2171,-0.9672,108.78,-166.46,2293.48
1.6154,0.3489,1.1971,-0.9838,111.16,-161.77,2293.48
1.6178,0.3460,1.1771,-1.0321,112.84,-158.34,2293.48
1.6202,0.3611,1.1639,-1.0350,115.29,-157.01,2293.48
1.6226,0.3645,1.1424,-1.0160,114.80,-152.32,2293.48
1.6250,0.3553,1.1034,-0.9697,116.06,-151.62,2293.48
1.6274,0.3728,1.0795,-0.9662,118.79,-148.75,2293.48
1.6298,0.3684,1.0765,-0.9858,118.44,-143.99,2293.48
1.6322,0.3597,1.0526,-1.0346,117.81,-141.40,2293.48
1.6346,0.3650,1.0224,-1.0848,119.21,-137.34,2293.48
1.6370,0.3621,1.0077,-1.0873,119.14,-133.28,2293.48
1.6394,0.3489,0.9716,-1.0414,117.53,-130.27,2293.48
1.6418,0.3289,0.9331,-0.9623,118.09,-127.47,2293.48
1.6442,0.3162,0.9189,-0.9423,118.09,-124.18,2293.48
1.6466,0.3006,0.9170,-0.9575,116.48,-120.89,2293.48
1.6490,0.2752,0.9174,-0.9726,114.52,-118.93,2293.48
1.6514,0.2669,0.9126,-0.9921,112.98,-117.81,2293.48
1.6538,0.2435,0.9101,-1.0033,110.60,-113.47,2293.48
1.6563,0.2142,0.9013,-0.9911,107.45,-114.73,2293.48
1.6587,0.2157,0.8945,-0.9448,105.56,-113.40,2293.48
1.6611,0.1991,0.9130,-0.8852,102.83,-110.53,2293.48
1.6635,0.1606,0.9130,-0.8926,98.49,-110.04,2293.48
1.6659,0.1327,0.9052,-0.9414,95.69,-111.23,2293.48
1.6683,0.1283,0.9155,-0.9433,92.47,-111.93,2293.48
1.6707,0.1093,0.9243,-0.9257,88.27,-110.39,2293.48
1.6731,0.0786,0.9316,-0.8960,83.86,-113.61,2293.48
1.6755,0.0883,0.9414,-0.8452,80.36,-115.85,2293.48
1.6779,0.0874,0.9550,-0.8384,76.58,-113.89,2293.48
1.6803,0.0595,0.9648,-0.9111,73.43,-116.69,2293.48
1.6827,0.0493,0.9838,-0.9721,70.07,-119.35,2293.48
1.6851,0.0537,1.0014,-0.9443,65.52,-120.96,2293.48
1.6875,0.0649,1.0009,-0.8779,62.58,-122.36,2293.48
1.6899,0.0703,1.0141,-0.8150,60.83,-124.18,2293.48
1.6923,0.0708,1.0336,-0.8076,57.75,-125.23,2293.48
1.6947,0.0610,1.0399,-0.8906,55.09,-125.51,2293.48
1.6971,0.0512,1.0516,-0.9711,53.41,-128.03,2293.48
1.6995,0.0547,1.0668,-0.9692,52.22,-129.99,2293.48
1.7019,0.0395,1.0795,-0.9584,51.31,-131.53,2293.48
1.7043,0.0249,1.0970,-0.9614,50.89,-136.57,2293.48
1.7067,0.0366,1.1126,-0.9492,51.45,-138.95,2293.48
1.7091,0.0259,1.1292,-0.9740,52.92,-140.56,2293.48
1.7115,0.0102,1.1595,-1.0350,53.90,-146.58,2293.48
1.7139,0.0224,1.1829,-1.0799,55.02,-150.15,2293.48
1.7163,0.0346,1.2024,-1.0648,57.12,-153.37,2293.48
1.7188,0.0449,1.2093,-1.0204,58.45,-157.01,2293.48
1.7212,0.0654,1.2146,-0.9731,62.37,-161.56,2293.48
1.7236,0.0937,1.2239,-0.9584,65.31,-163.24,2293.48
1.7260,0.1083,1.2273,-0.9575,68.60,-164.85,2293.48
1.7284,0.1230,1.2312,-0.9760,72.52,-167.65,2293.48
1.7308,0.1352,1.2439,-1.0116,77.21,-168.28,2293.48
1.7332,0.1435,1.2586,-1.0165,80.15,-170.31,2293.48
1.7356,0.1615,1.2532,-1.0004,84.49,-171.57,2293.48
1.7380,0.1747,1.2615,-0.9887,89.53,-172.83,2293.48
1.7404,0.2011,1.2722,-1.0316,91.84,-173.88,2293.48
1.7428,0.2230,1.2781,-1.0941,95.20,-172.55,2293.48
1.7452,0.2264,1.2771,-1.1424,98.14,-172.27,2293.48
1.7476,0.2518,1.2654,-1.1458,101.08,-174.37,2293.48
1.7500,0.2967,1.2581,-1.1448,103.81,-171.43,2293.48
1.7524,0.3021,1.2507,-1.1551,106.68,-167.65,2293.48
1.7548,0.2982,1.2376,-1.1458,109.06,-168.49,2293.48
1.7572,0.3162,1.2166,-1.1146,110.67,-167.23,2293.48
1.7596,0.3187,1.1976,-1.0960,112.91,-164.15,2293.48
1.7620,0.3133,1.1751,-1.1004,114.94,-162.89,2293.48
1.7644,0.3318,1.1419,-1.0843,117.88,-161.98,2293.48
1.7668,0.3401,1.1214,-1.0687,120.82,-156.38,2293.48
1.7692,0.3172,1.1053,-1.0468,121.73,-155.26,2293.48
1.7716,0.3211,1.0804,-1.0546,124.04,-153.72,2293.48
1.7740,0.3157,1.0751,-1.0912,125.51,-148.89,2293.48
1.7764,0.3011,1.0609,-1.1351,125.58,-147.84,2293.48
1.7788,0.3079,1.0248,-1.1751,126.98,-145.46,2293.48
1.7813,0.3035,1.0136,-1.1785,127.96,-141.89,2293.48
1.7837,0.2889,0.9999,-1.1653,126.35,-139.09,2293.48
1.7861,0.2796,0.9745,-1.1688,126.21,-136.85,2293.48
1.7885,0.2743,0.9540,-1.1522,125.72,-134.05,2293.48
1.7909,0.2733,0.9355,-1.1331,125.51,-130.55,2293.48
1.7933,0.2596,0.9165,-1.1385,124.60,-126.84,2293.48
1.7957,0.2367,0.8999,-1.1102,124.53,-126.07,2293.48
1.7981,0.2245,0.8965,-1.0399,123.20,-123.48,2293.48
1.8005,0.1918,0.8872,-0.9853,122.36,-119.21,2293.48
1.8029,0.1523,0.8808,-0.9819,121.38,-117.53,2293.48
1.8053,0.1288,0.8838,-1.0097,120.26,-116.97,2293.48
1.8077,0.1122,0.8818,-1.0546,118.37,-116.13,2293.48
1.8101,0.0927,0.8862,-1.0477,116.76,-114.94,2293.48
1.8125,0.0649,0.9004,-0.9628,115.08,-115.15,2293.48
1.8149,0.0522,0.9043,-0.8769,113.19,-116.34,2293.48
1.8173,0.0473,0.8965,-0.9116,112.70,-113.26,2293.48
1.8197,0.0098,0.9057,-1.0077,112.00,-112.00,2293.48
1.8221,-0.0181,0.9184,-1.0492,109.48,-115.43,2293.48
1.8245,-0.0229,0.9165,-1.0424,108.08,-115.22,2293.48
1.8269,-0.0517,0.9267,-1.0282,109.62,-114.80,2293.48
1.8293,-0.0869,0.9448,-1.0590,109.76,-117.95,2293.48
1.8317,-0.0976,0.9682,-1.1087,109.41,-120.82,2293.48
1.8341,-0.1039,0.9999,-1.1258,109.06,-122.08,2293.48
1.8365,-0.1244,1.0292,-1.1175,109.62,-125.30,2293.48
1.8389,-0.1210,1.0594,-1.0697,109.48,-129.99,2293.48
1.8413,-0.1020,1.0853,-1.0009,108.99,-131.60,2293.48
1.8438,-0.0966,1.1141,-0.9623,108.43,-132.86,2293.48
1.8462,-0.0820,1.1375,-0.9560,107.52,-136.01,2293.48
1.8486,-0.0556,1.1605,-0.9692,105.84,-136.43,2293.48
1.8510,-0.0410,1.1736,-0.9677,104.51,-136.71,2293.48
1.8534,-0.0386,1.1863,-0.9184,103.74,-138.32,2293.48
1.8558,-0.0224,1.2078,-0.8520,102.62,-141.19,2293.48
1.8582,0.0010,1.2254,-0.8164,102.27,-141.33,2293.48
1.8606,0.0102,1.2493,-0.8233,100.24,-142.87,2293.48
1.8630,0.0254,1.2590,-0.8613,97.93,-144.34,2293.48
1.8654,0.0439,1.2625,-0.8843,96.60,-144.62,2293.48
1.8678,0.0610,1.2888,-0.8862,95.48,-145.46,2293.48
1.8702,0.0825,1.2873,-0.8394,92.47,-146.16,2293.48
1.8726,0.1132,1.2727,-0.7584,93.31,-147.91,2293.48
1.8750,0.1401,1.2844,-0.7208,92.75,-147.14,2293.48
1.8774,0.1591,1.2722,-0.6959,91.77,-148.05,2293.48
1.8798,0.1830,1.2678,-0.7139,92.75,-148.33,2293.48
1.8822,0.2025,1.2751,-0.7393,90.93,-148.96,2293.48
1.8846,0.2245,1.2517,-0.7183,90.37,-148.89,2293.48
1.8870,0.2377,1.2312,-0.6554,91.77,-148.61,2293.48
1.8894,0.2494,1.2137,-0.5695,92.40,-150.36,2293.48
1.8918,0.2679,1.1917,-0.5202,93.38,-150.57,2293.48
1.8942,0.2772,1.1780,-0.5480,94.85,-149.10,2293.48
1.8966,0.2811,1.1702,-0.6163,96.46,-149.10,2293.48
1.8990,0.2869,1.1561,-0.6281,97.09,-149.66,2293.48
1.9014,0.2943,1.1317,-0.5797,97.93,-149.87,2293.48
1.9038,0.3050,1.1200,-0.5207,99.89,-149.03,2293.48
1.9063,0.3211,1.1146,-0.5231,100.73,-147.91,2293.48
1.9087,0.3416,1.1034,-0.6012,100.87,-146.79,2293.48
1.9111,0.3631,1.0814,-0.7037,100.66,-145.18,2293.48
1.9135,0.3723,1.0575,-0.7569,100.87,-142.31,2293.48
1.9159,0.3738,1.0438,-0.7466,101.22,-140.21,2293.48
1.9183,0.3797,1.0228,-0.7086,100.45,-137.20,2293.48
1.9207,0.3684,0.9955,-0.6505,100.73,-134.54,2293.48
1.9231,0.3509,0.9799,-0.6032,101.01,-133.35,2293.48
1.9255,0.3401,0.9706,-0.6115,99.89,-130.69,2293.48
1.9279,0.3177,0.9467,-0.6637,99.19,-128.52,2293.48
1.9303,0.3011,0.9277,-0.7017,100.80,-128.52,2293.48
1.9327,0.2860,0.9262,-0.6891,99.75,-127.05,2293.48
1.9351,0.2557,0.9121,-0.6290,98.35,-126.70,2293.48
1.9375,0.2391,0.8930,-0.5734,98.70,-127.54,2293.48
1.9399,0.2406,0.8901,-0.5466,98.56,-127.33,2293.48
1.9423,0.2347,0.8930,-0.5592,97.09,-125.16,2293.48
1.9447,0.2084,0.8921,-0.5734,95.62,-125.23,2293.48
1.9471,0.1976,0.8930,-0.5529,95.34,-126.91,2293.48
1.9495,0.1884,0.8979,-0.5158,94.22,-125.44,2293.48
1.9519,0.1537,0.8843,-0.5031,92.89,-125.86,2293.48
1.9543,0.1313,0.8735,-0.5134,92.82,-128.17,2293.48
1.9567,0.1240,0.8847,-0.4968,91.98,-128.94,2293.48
1.9591,0.1039,0.8994,-0.4982,91.84,-128.66,2293.48
1.9615,0.0805,0.9204,-0.5056,91.35,-131.25,2293.48
1.9639,0.0815,0.9394,-0.5090,89.81,-133.07,2293.48
1.9663,0.0747,0.9560,-0.5022,87.50,-132.93,2293.48
1.9688,0.0683,0.9545,-0.4738,86.38,-135.31,2293.48
1.9712,0.0708,0.9623,-0.4553,87.50,-136.15,2293.48
1.9736,0.0561,0.9780,-0.4470,85.61,-136.85,2293.48
1.9760,0.0376,0.9726,-0.4939,85.68,-138.04,2293.48
1.9784,0.0185,0.9867,-0.5524,87.29,-140.35,2293.48
1.9808,0.0176,1.0165,-0.5749,87.36,-142.80,2293.48
1.9832,0.0190,1.0297,-0.5754,86.94,-143.22,2293.48
1.9856,0.0156,1.0346,-0.5402,88.55,-145.74,2293.48
1.9880,0.0293,1.0521,-0.5085,90.30,-147.42,2293.48
1.9904,0.0288,1.0707,-0.5212,90.79,-147.14,2293.48
1.9928,0.0156,1.0838,-0.5714,92.12,-148.19,2293.48
1.9952,0.0161,1.1131,-0.6056,93.66,-149.73,2293.48
1.9976,0.0229,1.1409,-0.5900,92.75,-150.64,2293.48
2.0000,0.0361,1.1488,-0.5305,92.75,-152.18,2293.48
2.0024,0.0483,1.1668,-0.4812,94.43,-152.53,2293.48
2.0048,0.0590,1.1854,-0.4680,94.08,-152.95,2293.48
2.0072,0.0742,1.1839,-0.4714,94.01,-152.53,2293.48
2.0096,0.0952,1.1688,-0.4714,94.57,-153.79,2293.48
2.0120,0.1196,1.1541,-0.4543,96.67,-152.74,2293.48
2.0144,0.1166,1.1570,-0.4494,98.70,-150.85,2293.48
2.0168,0.1240,1.1541,-0.4260,99.47,-152.39,2293.48
2.0192,0.1440,1.1488,-0.4143,102.83,-150.08,2293.48
2.0216,0.1508,1.1556,-0.4612,105.42,-149.10,2293.48
2.0240,0.1723,1.1673,-0.5446,107.03,-148.26,2293.48
2.0264,0.1850,1.1936,-0.6500,107.45,-145.88,2293.48
2.0288,0.2020,1.2019,-0.7032,106.82,-145.74,2293.48
2.0313,0.2216,1.1932,-0.6676,107.66,-142.80,2293.48
2.0337,0.2264,1.1810,-0.5958,107.31,-142.24,2293.48
2.0361,0.2416,1.1614,-0.5441,108.50,-141.47,2293.48
2.0385,0.2323,1.1580,-0.5451,109.27,-138.88,2293.48
2.0409,0.2333,1.1551,-0.6085,108.64,-140.35,2293.48
2.0433,0.2577,1.1429,-0.6622,108.57,-138.46,2293.48
2.0457,0.2586,1.1326,-0.6520,108.43,-137.48,2293.48
2.0481,0.2694,1.1151,-0.6129,107.31,-137.83,2293.48
2.0505,0.2826,1.0941,-0.5846,108.01,-135.10,2293.48
2.0529,0.2718,1.0848,-0.5949,108.85,-134.19,2293.48
2.0553,0.2655,1.0751,-0.6407,108.64,-135.17,2293.48
2.0577,0.2582,1.0653,-0.6793,108.99,-134.68,2293.48
2.0601,0.2499,1.0492,-0.7096,108.29,-136.08,2293.48
2.0625,0.2591,1.0336,-0.7261,108.01,-136.22,2293.48
2.0649,0.2635,1.0311,-0.7354,107.31,-135.73,2293.48
2.0673,0.2791,1.0233,-0.7837,106.47,-135.80,2293.48
2.0697,0.2879,1.0150,-0.8076,105.42,-133.77,2293.48
2.0721,0.2747,1.0004,-0.8052,104.58,-133.91,2293.48
2.0745,0.2674,0.9823,-0.8067,103.74,-133.91,2293.48
2.0769,0.2611,0.9672,-0.8140,102.76,-133.07,2293.48
2.0793,0.2484,0.9570,-0.8330,101.57,-132.02,2293.48
2.0817,0.2401,0.9589,-0.8540,100.59,-132.44,2293.48
2.0841,0.2450,0.9648,-0.8438,98.28,-132.79,2293.48
2.0865,0.2352,0.9692,-0.7886,96.04,-132.09,2293.48
2.0889,0.2162,0.9653,-0.7745,93.52,-132.79,2293.48
2.0913,0.2035,0.9599,-0.8091,91.56,-132.79,2293.48
2.0938,0.1806,0.9667,-0.8462,88.41,-132.30,2293.48
2.0962,0.1679,0.9560,-0.8804,85.47,-134.68,2293.48
2.0986,0.1586,0.9482,-0.9111,85.19,-134.68,2293.48
2.1010,0.1318,0.9526,-0.9194,82.60,-135.73,2293.48
2.1034,0.1113,0.9418,-0.9506,81.69,-136.57,2293.48
2.1058,0.0888,0.9433,-0.9814,81.20,-137.97,2293.48
2.1082,0.0883,0.9526,-0.9697,80.43,-140.49,2293.48
2.1106,0.0805,0.9584,-0.9828,80.22,-139.44,2293.48
2.1130,0.0473,0.9682,-1.0146,80.50,-141.89,2293.48
2.1154,0.0464,0.9819,-1.0165,80.78,-144.27,2293.48
2.1178,0.0464,0.9965,-0.9984,80.99,-143.57,2293.48
2.1202,0.0303,1.0111,-0.9750,80.85,-145.18,2293.48
2.1226,0.0259,1.0243,-0.9536,82.11,-147.28,2293.48
2.1250,0.0205,1.0331,-0.9672,83.58,-147.56,2293.48
2.1274,0.0078,1.0482,-0.9819,84.42,-148.89,2293.48
2.1298,0.0122,1.0682,-0.9672,85.33,-150.15,2293.48
2.1322,0.0181,1.0897,-0.9423,86.31,-149.03,2293.48
2.1346,0.0224,1.0990,-0.9160,87.57,-150.43,2293.48
2.1370,0.0356,1.1190,-0.9150,89.32,-150.15,2293.48
2.1394,0.0420,1.1287,-0.9365,88.69,-149.94,2293.48
2.1418,0.0542,1.1229,-0.9496,91.07,-149.94,2293.48
2.1442,0.0576,1.1502,-0.9667,91.91,-148.89,2293.48
2.1466,0.0634,1.1668,-0.9999,91.21,-149.38,2293.48
2.1490,0.0732,1.1692,-0.9955,92.61,-147.42,2293.48
2.1514,0.0776,1.1897,-0.9867,93.94,-147.07,2293.48
2.1538,0.0981,1.1961,-0.9848,93.03,-147.00,2293.48
2.1563,0.1244,1.1883,-0.9921,94.64,-145.04,2293.48
2.1587,0.1342,1.1951,-1.0072,95.20,-143.01,2293.48
2.1611,0.1381,1.1995,-1.0155,95.48,-142.31,2293.48
2.1635,0.1498,1.1956,-1.0341,95.90,-141.54,2293.48
2.1659,0.1640,1.1902,-1.0282,97.37,-140.84,2293.48
2.1683,0.1742,1.1839,-1.0272,98.42,-139.02,2293.48
2.1707,0.1801,1.1692,-1.0487,99.40,-138.67,2293.48
2.1731,0.1947,1.1468,-1.0721,101.57,-138.11,2293.48
2.1755,0.2089,1.1375,-1.0790,104.16,-136.78,2293.48
2.1779,0.2069,1.1326,-1.0731,105.84,-135.73,2293.48
2.1803,0.2001,1.1175,-1.0594,108.01,-136.08,2293.48
2.1827,0.1972,1.1161,-1.0390,111.16,-136.22,2293.48
2.1851,0.1991,1.1263,-1.0126,113.12,-136.71,2293.48
2.1875,0.2103,1.1375,-1.0292,114.17,-136.36,2293.48
2.1899,0.2172,1.1434,-1.0526,114.52,-136.36,2293.48
2.1923,0.2362,1.1468,-1.0248,115.01,-137.41,2293.48
2.1947,0.2655,1.1473,-0.9740,113.75,-135.66,2293.48
2.1971,0.2733,1.1346,-0.9130,113.12,-133.49,2293.48
2.1995,0.2664,1.1336,-0.8813,111.86,-133.56,2293.48
2.2019,0.2899,1.1287,-0.8989,109.27,-133.14,2293.48
2.2043,0.3143,1.1092,-0.9389,107.66,-128.73,2293.48
2.2067,0.3045,1.0936,-0.9560,105.42,-127.75,2293.48
2.2091,0.3001,1.0712,-0.9077,102.20,-127.75,2293.48
2.2115,0.3021,1.0438,-0.8564,100.38,-125.86,2293.48
2.2139,0.2933,1.0253,-0.8496,99.61,-123.90,2293.48
2.2163,0.2855,1.0126,-0.8838,97.44,-123.76,2293.48
2.2188,0.2884,0.9892,-0.9389,95.34,-123.41,2293.48
2.2212,0.2908,0.9677,-0.9784,94.36,-121.94,2293.48
2.2236,0.2845,0.9555,-0.9887,92.47,-120.47,2293.48
2.2260,0.2845,0.9370,-0.9736,90.72,-120.61,2293.48
2.2284,0.2796,0.9194,-0.9633,90.30,-118.72,2293.48
2.2308,0.2596,0.9204,-0.9579,89.32,-119.21,2293.48
2.2332,0.2528,0.9130,-0.9862,87.15,-119.21,2293.48
2.2356,0.2318,0.8965,-1.0390,86.94,-117.88,2293.48
2.2380,0.2094,0.9062,-1.0599,87.29,-119.98,2293.48
2.2404,0.2015,0.9174,-1.0551,84.07,-120.82,2293.48
2.2428,0.1884,0.9121,-1.0590,82.95,-120.89,2293.48
2.2452,0.1625,0.9238,-1.0609,82.67,-122.57,2293.48
2.2476,0.1513,0.9414,-1.0658,79.87,-125.58,2293.48
2.2500,0.1440,0.9443,-1.1107,77.42,-125.09,2293.48
2.2524,0.1259,0.9477,-1.1507,76.02,-127.75,2293.48
2.2548,0.1249,0.9536,-1.1346,73.57,-130.20,2293.48
2.2572,0.1220,0.9496,-1.1000,71.26,-130.90,2293.48
2.2596,0.1103,0.9462,-1.0912,70.84,-131.32,2293.48
2.2620,0.0908,0.9604,-1.0975,69.86,-132.30,2293.48
2.2644,0.0732,0.9740,-1.1244,68.11,-133.91,2293.48
2.2668,0.0659,0.9853,-1.1463,67.55,-135.10,2293.48
2.2692,0.0532,0.9921,-1.1326,67.13,-136.08,2293.48
2.2716,0.0473,1.0028,-1.1004,66.85,-138.95,2293.48
2.2740,0.0547,1.0097,-1.0721,66.29,-140.21,2293.48
2.2764,0.0488,1.0228,-1.0780,66.99,-140.84,2293.48
2.2788,0.0454,1.0404,-1.0804,65.73,-143.64,2293.48
2.2813,0.0551,1.0458,-1.0770,66.64,-144.41,2293.48
2.2837,0.0542,1.0609,-1.0697,66.85,-144.97,2293.48
2.2861,0.0630,1.0751,-1.0541,67.69,-146.79,2293.48
2.2885,0.0712,1.0882,-1.0126,68.18,-146.44,2293.48
2.2909,0.0781,1.1019,-0.9736,69.93,-147.98,2293.48
2.2933,0.0908,1.1122,-0.9745,72.17,-147.56,2293.48
2.2957,0.0869,1.1346,-0.9984,73.78,-147.77,2293.48
2.2981,0.0834,1.1458,-1.0263,74.41,-148.40,2293.48
2.3005,0.0825,1.1483,-1.0185,76.79,-148.89,2293.48
2.3029,0.0839,1.1678,-0.9970,78.12,-151.13,2293.48
2.3053,0.0903,1.1717,-0.9877,79.03,-151.69,2293.48
2.3077,0.0932,1.1805,-0.9999,82.18,-152.46,2293.48
2.3101,0.0991,1.2029,-1.0043,83.23,-153.93,2293.48
2.3125,0.1152,1.2117,-1.0248,84.63,-155.19,2293.48
2.3149,0.1264,1.2132,-1.0497,86.10,-155.89,2293.48
2.3173,0.1493,1.2093,-1.0297,88.34,-156.94,2293.48
2.3197,0.1640,1.2068,-0.9984,89.74,-155.96,2293.48
2.3221,0.1703,1.1927,-0.9721,90.79,-158.83,2293.48
2.3245,0.1928,1.1780,-0.9584,94.08,-158.06,2293.48
2.3269,0.1957,1.1868,-0.9750,96.32,-157.22,2293.48
2.3293,0.2064,1.1829,-1.0097,97.23,-157.78,2293.48
2.3317,0.2284,1.1780,-1.0292,100.17,-156.17,2293.48
2.3341,0.2411,1.1800,-1.0224,101.50,-155.68,2293.48
2.3365,0.2567,1.1600,-0.9872,102.62,-155.12,2293.48
2.3389,0.2596,1.1458,-0.9565,105.07,-153.02,2293.48
2.3413,0.2582,1.1400,-0.9584,106.68,-151.76,2293.48
2.3438,0.2625,1.1351,-0.9662,107.45,-150.99,2293.48
2.3462,0.2752,1.1258,-0.9736,107.52,-150.43,2293.48
2.3486,0.2943,1.1082,-0.9531,108.22,-148.19,2293.48
2.3510,0.3040,1.0882,-0.9145,108.64,-146.30,2293.48
2.3534,0.3113,1.0721,-0.8872,109.55,-143.78,2293.48
2.3558,0.3094,1.0629,-0.8745,109.48,-141.54,2293.48
2.3582,0.3079,1.0502,-0.9043,110.25,-139.02,2293.48
2.3606,0.2948,1.0394,-0.9374,110.18,-136.22,2293.48
2.3630,0.2816,1.0272,-0.9433,109.20,-135.45,2293.48
2.3654,0.2821,1.0102,-0.9252,109.20,-132.65,2293.48
2.3678,0.2645,0.9945,-0.9018,109.27,-129.85,2293.48
2.3702,0.2499,0.9916,-0.8950,108.64,-128.87,2293.48
2.3726,0.2416,0.9897,-0.9087,106.47,-127.68,2293.48
2.3750,0.2342,0.9780,-0.9326,104.37,-127.54,2293.48
2.3774,0.2230,0.9618,-0.9570,103.95,-125.30,2293.48
2.3798,0.2064,0.9643,-0.9838,102.48,-125.02,2293.48
2.3822,0.2050,0.9589,-1.0033,98.56,-124.25,2293.48
2.3846,0.1879,0.9516,-0.9926,97.37,-123.06,2293.48
2.3870,0.1762,0.9575,-0.9662,94.08,-125.30,2293.48
2.3894,0.1820,0.9589,-0.9453,91.07,-123.90,2293.48
2.3918,0.1645,0.9623,-0.9521,87.99,-122.92,2293.48
2.3942,0.1527,0.9604,-0.9736,84.77,-124.81,2293.48
2.3966,0.1484,0.9633,-0.9892,81.55,-124.18,2293.48
2.3990,0.1293,0.9633,-0.9858,77.42,-124.53,2293.48
2.4014,0.1137,0.9667,-0.9584,74.76,-126.14,2293.48
2.4038,0.1118,0.9740,-0.9579,71.68,-128.03,2293.48
2.4063,0.1157,0.9770,-0.9892,69.23,-128.87,2293.48
2.4087,0.1122,0.9872,-1.0219,66.99,-130.34,2293.48
2.4111,0.1103,0.9965,-1.0287,64.68,-132.37,2293.48
2.4135,0.1093,1.0033,-1.0024,62.58,-134.05,2293.48
2.4159,0.1078,1.0106,-0.9594,60.55,-135.73,2293.48
2.4183,0.1000,1.0146,-0.9394,58.80,-136.71,2293.48
2.4207,0.0966,1.0180,-0.9340,57.61,-138.88,2293.48
2.4231,0.1049,1.0277,-0.9257,56.63,-139.44,2293.48
2.4255,0.1044,1.0350,-0.9194,56.35,-140.14,2293.48
2.4279,0.1161,1.0365,-0.8965,56.49,-142.52,2293.48
2.4303,0.1264,1.0443,-0.8794,57.05,-141.75,2293.48
2.4327,0.1113,1.0516,-0.8789,57.61,-142.66,2293.48
2.4351,0.1035,1.0570,-0.8872,58.66,-144.13,2293.48
2.4375,0.0952,1.0726,-0.9062,59.64,-144.83,2293.48
2.4399,0.0864,1.0824,-0.9252,60.76,-147.14,2293.48
2.4423,0.0849,1.0980,-0.9311,63.35,-148.47,2293.48
2.4447,0.0825,1.1165,-0.9184,64.47,-151.13,2293.48
2.4471,0.0898,1.1258,-0.9155,66.22,-152.81,2293.48
2.4495,0.0927,1.1361,-0.9228,68.67,-154.63,2293.48
2.4519,0.1049,1.1434,-0.9179,71.33,-157.22,2293.48
2.4543,0.1142,1.1541,-0.9048,73.50,-157.64,2293.48
2.4567,0.1157,1.1546,-0.9082,76.23,-160.09,2293.48
2.4591,0.1283,1.1580,-0.9140,79.73,-161.91,2293.48
2.4615,0.1386,1.1683,-0.9096,82.46,-162.96,2293.48
2.4639,0.1474,1.1644,-0.9145,84.77,-163.87,2293.48
2.4663,0.1625,1.1580,-0.9174,88.55,-165.20,2293.48
2.4688,0.1723,1.1624,-0.9165,91.98,-164.85,2293.48
2.4712,0.1801,1.1600,-0.9233,94.36,-165.48,2293.48
2.4736,0.1864,1.1468,-0.9204,97.79,-164.78,2293.48
2.4760,0.1898,1.1414,-0.9091,101.57,-165.48,2293.48
2.4784,0.2025,1.1385,-0.9028,105.14,-164.71,2293.48
2.4808,0.2001,1.1273,-0.9150,108.15,-163.59,2293.48
2.4832,0.2001,1.1209,-0.9160,111.93,-164.15,2293.48
2.4856,0.2147,1.1126,-0.8994,115.22,-162.40,2293.48
2.4880,0.2167,1.1063,-0.9023,118.44,-161.00,2293.48
2.4904,0.2181,1.0990,-0.9184,120.89,-160.16,2293.48
2.4928,0.2220,1.0868,-0.9306,123.62,-158.62,2293.48
2.4952,0.2313,1.0804,-0.9331,125.79,-156.87,2293.48
2.4976,0.2318,1.0716,-0.9277,127.40,-154.07,2293.48
2.5000,0.2269,1.0614,-0.9155,128.73,-153.02,2293.48
2.5024,0.2338,1.0463,-0.9087,129.85,-151.06,2293.48
2.5048,0.2362,1.0341,-0.9106,131.39,-147.35,2293.48
2.5072,0.2264,1.0253,-0.9243,131.88,-144.69,2293.48
2.5096,0.2172,1.0165,-0.9311,132.02,-142.59,2293.48
2.5120,0.2176,1.0053,-0.9204,131.88,-139.86,2293.48
2.5144,0.2094,0.9945,-0.8965,130.97,-137.20,2293.48
2.5168,0.1986,0.9877,-0.8750,129.57,-135.80,2293.48
2.5192,0.1981,0.9823,-0.8823,128.17,-133.07,2293.48
2.5216,0.1913,0.9736,-0.9038,126.77,-130.55,2293.48
2.5240,0.1801,0.9687,-0.9038,125.16,-128.59,2293.48
2.5264,0.1723,0.9604,-0.9008,121.94,-126.42,2293.48
2.5288,0.1630,0.9496,-0.9008,119.91,-124.11,2293.48
2.5313,0.1537,0.9487,-0.8886,117.46,-122.71,2293.48
2.5337,0.1493,0.9477,-0.8852,114.73,-121.45,2293.48
2.5361,0.1435,0.9496,-0.8916,111.79,-119.42,2293.48
2.5385,0.1332,0.9560,-0.8969,108.85,-118.23,2293.48
2.5409,0.1327,0.9565,-0.9043,105.28,-117.60,2293.48
2.5433,0.1279,0.9536,-0.9130,101.99,-115.57,2293.48
2.5457,0.1142,0.9536,-0.9087,98.56,-114.94,2293.48
2.5481,0.1088,0.9560,-0.8911,94.78,-114.52,2293.48
2.5505,0.1078,0.9579,-0.8818,91.49,-113.61,2293.48
2.5529,0.0976,0.9648,-0.8926,88.48,-112.84,2293.48
2.5553,0.0883,0.9726,-0.9043,84.49,-113.26,2293.48
2.5577,0.0903,0.9740,-0.9067,81.20,-113.75,2293.48
2.5601,0.0908,0.9794,-0.8965,78.47,-113.75,2293.48
2.5625,0.0883,0.9892,-0.8774,75.11,-114.31,2293.48
2.5649,0.0878,0.9936,-0.8638,72.03,-115.22,2293.48
2.5673,0.0893,0.9965,-0.8652,69.58,-115.92,2293.48
2.5697,0.0917,1.0067,-0.8696,67.41,-116.83,2293.48
2.5721,0.0917,1.0175,-0.8701,65.38,-117.81,2293.48
2.5745,0.0956,1.0209,-0.8652,63.49,-119.28,2293.48
2.5769,0.0996,1.0287,-0.8657,62.51,-120.19,2293.48
2.5793,0.0917,1.0365,-0.8769,60.62,-121.66,2293.48
2.5817,0.0927,1.0380,-0.8877,59.99,-124.18,2293.48
2.5841,0.0952,1.0487,-0.8969,59.99,-125.30,2293.48
2.5865,0.0913,1.0570,-0.8916,59.22,-128.24,2293.48
2.5889,0.0991,1.0668,-0.8764,59.71,-130.97,2293.48
2.5913,0.0991,1.0780,-0.8838,60.13,-132.51,2293.48
2.5938,0.1039,1.0834,-0.8950,61.04,-135.94,2293.48
2.5962,0.1152,1.0897,-0.8984,61.95,-137.69,2293.48
2.5986,0.1186,1.0931,-0.8906,63.21,-140.07,2293.48
2.6010,0.1298,1.0936,-0.8608,65.31,-142.59,2293.48
2.6034,0.1376,1.0990,-0.8413,67.48,-144.55,2293.48
2.6058,0.1454,1.0975,-0.8340,69.09,-147.28,2293.48
2.6082,0.1527,1.0975,-0.8340,72.80,-148.75,2293.48
2.6106,0.1562,1.1024,-0.8355,74.83,-150.92,2293.48
2.6130,0.1659,1.1014,-0.8345,77.77,-152.60,2293.48
2.6154,0.1693,1.1000,-0.8355,80.71,-154.07,2293.48
2.6178,0.1762,1.0985,-0.8203,84.07,-156.03,2293.48
2.6202,0.1845,1.1019,-0.8003,87.36,-156.59,2293.48
2.6226,0.1859,1.0995,-0.8062,90.51,-157.57,2293.48
2.6250,0.1908,1.0990,-0.8242,93.73,-158.69,2293.48
2.6274,0.1996,1.1000,-0.8394,96.95,-158.97,2293.48
2.6298,0.1976,1.0941,-0.8389,100.03,-159.67,2293.48
2.6322,0.1981,1.0873,-0.8174,103.46,-160.65,2293.48
2.6346,0.2006,1.0780,-0.7940,106.89,-159.74,2293.48
2.6370,0.1913,1.0716,-0.7784,110.32,-159.67,2293.48
2.6394,0.1879,1.0619,-0.7842,112.98,-160.23,2293.48
2.6418,0.1957,1.0526,-0.7940,116.41,-159.95,2293.48
2.6442,0.1923,1.0541,-0.8047,118.79,-158.69,2293.48
2.6466,0.1835,1.0482,-0.8062,120.75,-159.53,2293.48
2.6490,0.1923,1.0414,-0.7925,123.90,-158.76,2293.48
2.6514,0.1923,1.0394,-0.7925,125.65,-156.59,2293.48
2.6538,0.1859,1.0346,-0.7950,127.12,-156.03,2293.48
2.6563,0.1918,1.0282,-0.8037,128.31,-155.12,2293.48
2.6587,0.1981,1.0214,-0.8091,129.29,-153.30,2293.48
2.6611,0.1923,1.0170,-0.8052,130.06,-150.85,2293.48
2.6635,0.1874,1.0111,-0.8072,130.27,-149.87,2293.48
2.6659,0.1884,1.0077,-0.7935,130.41,-147.77,2293.48
2.6683,0.1815,1.0028,-0.7798,129.85,-145.04,2293.48
2.6707,0.1732,0.9921,-0.7686,128.73,-143.85,2293.48
2.6731,0.1728,0.9887,-0.7476,128.03,-141.68,2293.48
2.6755,0.1723,0.9823,-0.7457,126.21,-138.60,2293.48
2.6779,0.1606,0.9750,-0.7564,124.81,-135.87,2293.48
2.6803,0.1523,0.9736,-0.7618,122.71,-134.40,2293.48
2.6827,0.1537,0.9662,-0.7627,120.26,-131.74,2293.48
2.6851,0.1469,0.9628,-0.7569,118.09,-128.66,2293.48
2.6875,0.1459,0.9618,-0.7559,115.71,-127.26,2293.48
2.6899,0.1464,0.9589,-0.7481,112.63,-124.60,2293.48
2.6923,0.1352,0.9540,-0.7447,110.04,-122.15,2293.48
2.6947,0.1259,0.9531,-0.7515,107.59,-120.61,2293.48
2.6971,0.1240,0.9555,-0.7530,104.65,-119.28,2293.48
2.6995,0.1225,0.9584,-0.7535,101.15,-117.32,2293.48
2.7019,0.1161,0.9618,-0.7432,98.14,-116.06,2293.48
2.7043,0.1161,0.9614,-0.7320,95.13,-115.15,2293.48
2.7067,0.1166,0.9628,-0.7198,92.05,-113.75,2293.48
2.7091,0.1098,0.9677,-0.7227,89.04,-112.56,2293.48
2.7115,0.1074,0.9731,-0.7388,86.03,-112.35,2293.48
2.7139,0.1122,0.9770,-0.7520,83.02,-112.00,2293.48
2.7163,0.1152,0.9823,-0.7549,79.94,-111.37,2293.48
2.7188,0.1147,0.9887,-0.7452,77.28,-111.16,2293.48
2.7212,0.1171,0.9911,-0.7305,74.62,-111.23,2293.48
2.7236,0.1171,0.9955,-0.7169,72.24,-111.37,2293.48
2.7260,0.1137,1.0067,-0.7213,69.79,-111.58,2293.48
2.7284,0.1166,1.0116,-0.7300,67.69,-112.70,2293.48
2.7308,0.1210,1.0165,-0.7281,66.15,-113.26,2293.48
2.7332,0.1220,1.0219,-0.7271,64.12,-114.31,2293.48
2.7356,0.1249,1.0199,-0.7261,62.79,-115.92,2293.48
2.7380,0.1249,1.0253,-0.7188,62.16,-116.83,2293.48
2.7404,0.1240,1.0355,-0.7096,61.46,-118.51,2293.48
2.7428,0.1303,1.0409,-0.6993,60.97,-121.03,2293.48
2.7452,0.1391,1.0463,-0.6983,61.32,-122.85,2293.48
2.7476,0.1430,1.0512,-0.6978,61.18,-124.88,2293.48
2.7500,0.1459,1.0512,-0.6930,61.88,-127.12,2293.48
2.7524,0.1469,1.0565,-0.6881,62.86,-129.36,2293.48
2.7548,0.1469,1.0614,-0.6808,63.70,-131.88,2293.48
2.7572,0.1493,1.0634,-0.6715,65.10,-134.75,2293.48
2.7596,0.1571,1.0692,-0.6612,66.78,-137.69,2293.48
2.7620,0.1630,1.0716,-0.6525,68.25,-140.00,2293.48
2.7644,0.1693,1.0702,-0.6598,70.21,-142.87,2293.48
2.7668,0.1776,1.0716,-0.6730,72.31,-145.39,2293.48
2.7692,0.1859,1.0712,-0.6754,74.41,-147.77,2293.48
2.7716,0.1908,1.0687,-0.6603,76.79,-150.08,2293.48
2.7740,0.1937,1.0658,-0.6364,79.31,-152.46,2293.48
2.7764,0.1962,1.0629,-0.6276,81.76,-154.28,2293.48
2.7788,0.1967,1.0590,-0.6378,84.42,-156.31,2293.48
2.7813,0.1986,1.0551,-0.6564,87.50,-158.13,2293.48
2.7837,0.1996,1.0512,-0.6676,90.37,-159.60,2293.48
2.7861,0.1976,1.0477,-0.6651,93.45,-160.93,2293.48
2.7885,0.1967,1.0458,-0.6481,96.32,-162.75,2293.48
2.7909,0.2006,1.0438,-0.6461,99.61,-163.52,2293.48
2.7933,0.1972,1.0409,-0.6578,102.83,-164.15,2293.48
2.7957,0.1981,1.0385,-0.6700,105.91,-165.13,2293.48
2.7981,0.2001,1.0336,-0.6812,108.36,-164.71,2293.48
2.8005,0.1947,1.0282,-0.6739,110.88,-164.78,2293.48
2.8029,0.1962,1.0224,-0.6637,113.19,-164.99,2293.48
2.8053,0.1991,1.0146,-0.6578,115.64,-164.29,2293.48
2.8077,0.1981,1.0111,-0.6695,118.02,-163.31,2293.48
2.8101,0.1923,1.0087,-0.6881,119.49,-161.84,2293.48
2.8125,0.1884,1.0082,-0.7013,121.10,-161.07,2293.48
2.8149,0.1850,1.0033,-0.6983,122.22,-159.32,2293.48
2.8173,0.1791,0.9945,-0.6778,123.48,-157.99,2293.48
2.8197,0.1757,0.9906,-0.6632,123.90,-156.31,2293.48
2.8221,0.1703,0.9858,-0.6651,123.97,-154.07,2293.48
2.8245,0.1635,0.9828,-0.6847,124.32,-151.97,2293.48
2.8269,0.1566,0.9858,-0.6969,123.83,-149.94,2293.48
2.8293,0.1513,0.9838,-0.7027,123.13,-147.84,2293.48
2.8317,0.1474,0.9828,-0.6978,122.36,-145.53,2293.48
2.8341,0.1440,0.9843,-0.6866,121.17,-143.22,2293.48
2.8365,0.1401,0.9809,-0.6793,119.42,-140.91,2293.48
2.8389,0.1386,0.9750,-0.6793,117.81,-138.46,2293.48
2.8413,0.1337,0.9740,-0.6856,116.06,-135.73,2293.48
2.8438,0.1283,0.9750,-0.6871,113.89,-133.77,2293.48
2.8462,0.1269,0.9731,-0.6856,111.37,-131.39,2293.48
2.8486,0.1244,0.9731,-0.6910,109.41,-129.08,2293.48
2.8510,0.1205,0.9745,-0.6969,107.17,-126.98,2293.48
2.8534,0.1186,0.9706,-0.7115,104.58,-125.30,2293.48
2.8558,0.1142,0.9706,-0.7218,102.34,-123.13,2293.48
2.8582,0.1127,0.9750,-0.7227,99.68,-121.66,2293.48
2.8606,0.1108,0.9760,-0.7198,97.16,-119.84,2293.48
2.8630,0.1064,0.9784,-0.7139,94.71,-118.58,2293.48
2.8654,0.1030,0.9858,-0.7203,92.68,-117.25,2293.48
2.8678,0.0986,0.9926,-0.7359,89.88,-116.13,2293.48
2.8702,0.1000,0.9955,-0.7530,87.50,-115.43,2293.48
2.8726,0.1025,1.0004,-0.7564,85.68,-114.73,2293.48
2.8750,0.1005,1.0053,-0.7501,83.16,-114.10,2293.48
2.8774,0.1020,1.0121,-0.7427,81.06,-113.75,2293.48
2.8798,0.1113,1.0185,-0.7418,79.17,-113.89,2293.48
2.8822,0.1200,1.0248,-0.7554,77.42,-113.33,2293.48
2.8846,0.1235,1.0302,-0.7735,75.39,-113.12,2293.48
2.8870,0.1279,1.0307,-0.7842,73.85,-113.75,2293.48
2.8894,0.1337,1.0321,-0.7847,72.80,-113.82,2293.48
2.8918,0.1391,1.0341,-0.7823,71.47,-114.24,2293.48
2.8942,0.1440,1.0355,-0.7798,70.63,-114.66,2293.48
2.8966,0.1484,1.0404,-0.7832,70.21,-115.22,2293.48
2.8990,0.1498,1.0448,-0.8018,69.44,-115.78,2293.48
2.9014,0.1523,1.0468,-0.8218,69.09,-117.11,2293.48
2.9038,0.1562,1.0424,-0.8233,68.88,-118.02,2293.48
2.9063,0.1542,1.0385,-0.8120,69.30,-119.14,2293.48
2.9087,0.1562,1.0375,-0.7954,69.65,-120.89,2293.48
2.9111,0.1610,1.0399,-0.7862,70.56,-122.29,2293.48
2.9135,0.1659,1.0443,-0.7925,71.33,-123.90,2293.48
2.9159,0.1688,1.0438,-0.8062,72.52,-125.44,2293.48
2.9183,0.1723,1.0448,-0.8262,73.92,-127.54,2293.48
2.9207,0.1752,1.0453,-0.8311,75.11,-129.22,2293.48
2.9231,0.1771,1.0438,-0.8228,76.65,-131.39,2293.48
2.9255,0.1806,1.0424,-0.8125,78.26,-133.42,2293.48
2.9279,0.1791,1.0399,-0.8086,80.01,-135.03,2293.48
2.9303,0.1815,1.0390,-0.8169,81.97,-137.55,2293.48
2.9327,0.1893,1.0394,-0.8364,83.93,-139.23,2293.48
2.9351,0.1864,1.0404,-0.8530,85.75,-140.49,2293.48
2.9375,0.1830,1.0360,-0.8467,87.50,-143.15,2293.48
2.9399,0.1869,1.0282,-0.8306,89.81,-145.67,2293.48
2.9423,0.1903,1.0238,-0.8130,92.05,-147.14,2293.48
2.9447,0.1869,1.0228,-0.8076,94.22,-148.68,2293.48
2.9471,0.1840,1.0155,-0.8189,96.11,-151.06,2293.48
2.9495,0.1845,1.0121,-0.8335,99.12,-152.46,2293.48
2.9519,0.1762,1.0131,-0.8369,100.59,-153.86,2293.48
2.9543,0.1728,1.0077,-0.8359,102.41,-156.10,2293.48
2.9567,0.1757,1.0043,-0.8218,104.79,-156.87,2293.48
2.9591,0.1737,1.0063,-0.8076,106.26,-157.92,2293.48
2.9615,0.1728,1.0048,-0.8086,107.45,-158.83,2293.48
2.9639,0.1747,0.9999,-0.8159,109.27,-159.04,2293.48
2.9663,0.1742,0.9994,-0.8330,110.46,-159.25,2293.48
2.9688,0.1703,1.0004,-0.8457,111.09,-159.11,2293.48
2.9712,0.1664,0.9994,-0.8320,112.00,-159.11,2293.48
2.9736,0.1664,0.9945,-0.8037,112.63,-158.76,2293.48
2.9760,0.1625,0.9926,-0.7862,113.05,-157.36,2293.48
2.9784,0.1566,0.9887,-0.7881,113.47,-156.87,2293.48
2.9808,0.1557,0.9853,-0.7998,114.03,-155.68,2293.48
2.9832,0.1503,0.9872,-0.8003,113.75,-154.21,2293.48
2.9856,0.1430,0.9872,-0.7950,113.33,-152.67,2293.48
2.9880,0.1391,0.9838,-0.7862,112.91,-151.69,2293.48
2.9904,0.1401,0.9809,-0.7730,112.49,-150.29,2293.48
2.9928,0.1366,0.9838,-0.7686,111.79,-147.56,2293.48
2.9952,0.1230,0.9858,-0.7715,110.74,-146.09,2293.48
2.9976,0.1210,0.9867,-0.7764,109.83,-144.97,2293.48
3.0000,0.1215,0.9902,-0.7823,108.57,-142.31,2293.48
3.0024,0.1127,0.9926,-0.7788,107.17,-140.00,2293.48
3.0048,0.1098,0.9926,-0.7642,105.77,-138.81,2293.48
3.0072,0.1181,0.9921,-0.7520,103.88,-136.85,2293.48
3.0096,0.1166,0.9936,-0.7584,102.48,-133.84,2293.48
3.0120,0.1103,0.9965,-0.7759,100.66,-132.30,2293.48
3.0144,0.1137,0.9980,-0.7842,98.77,-130.62,2293.48
3.0168,0.1161,0.9984,-0.7847,96.81,-128.24,2293.48
3.0192,0.1147,0.9999,-0.7808,95.41,-126.21,2293.48
3.0216,0.1137,1.0053,-0.7715,93.59,-124.81,2293.48
3.0240,0.1196,1.0063,-0.7627,91.84,-123.34,2293.48
3.0264,0.1249,1.0033,-0.7740,90.58,-121.10,2293.48
3.0288,0.1230,1.0067,-0.7862,88.90,-119.70,2293.48
3.0313,0.1259,1.0072,-0.7915,87.36,-118.30,2293.48
3.0337,0.1283,1.0058,-0.7876,86.17,-116.76,2293.48
3.0361,0.1279,1.0072,-0.7701,84.98,-115.85,2293.48
3.0385,0.1293,1.0067,-0.7657,83.72,-114.59,2293.48
3.0409,0.1308,1.0077,-0.7730,83.02,-113.96,2293.48
3.0433,0.1293,1.0111,-0.7793,82.25,-112.98,2293.48
3.0457,0.1274,1.0131,-0.7847,81.48,-113.26,2293.48
3.0481,0.1298,1.0131,-0.7891,80.85,-112.98,2293.48
3.0505,0.1322,1.0175,-0.7852,80.78,-113.33,2293.48
3.0529,0.1362,1.0228,-0.7774,80.15,-113.75,2293.48
3.0553,0.1381,1.0238,-0.7784,79.94,-114.03,2293.48
3.0577,0.1401,1.0214,-0.7857,80.01,-115.15,2293.48
3.0601,0.1469,1.0233,-0.7842,80.36,-116.20,2293.48
3.0625,0.1508,1.0228,-0.7798,80.36,-117.11,2293.48
3.0649,0.1488,1.0194,-0.7691,80.99,-118.65,2293.48
3.0673,0.1532,1.0228,-0.7623,81.34,-120.19,2293.48
3.0697,0.1586,1.0272,-0.7715,81.69,-121.31,2293.48
3.0721,0.1625,1.0297,-0.7837,82.60,-123.13,2293.48
3.0745,0.1679,1.0311,-0.7950,83.02,-124.88,2293.48
3.0769,0.1693,1.0326,-0.7920,83.65,-126.98,2293.48
3.0793,0.1723,1.0311,-0.7891,84.35,-128.87,2293.48
3.0817,0.1718,1.0302,-0.7803,84.98,-130.55,2293.48
3.0841,0.1698,1.0287,-0.7759,85.96,-133.35,2293.48
3.0865,0.1737,1.0214,-0.7808,86.59,-135.66,2293.48
3.0889,0.1786,1.0170,-0.7759,87.78,-137.55,2293.48
3.0913,0.1791,1.0136,-0.7740,88.83,-139.93,2293.48
3.0938,0.1796,1.0102,-0.7715,89.95,-142.59,2293.48
3.0962,0.1820,1.0082,-0.7691,90.86,-144.48,2293.48
3.0986,0.1767,1.0063,-0.7686,92.05,-146.51,2293.48
3.1010,0.1757,1.0038,-0.7657,93.24,-148.89,2293.48
3.1034,0.1781,1.0024,-0.7647,94.36,-150.57,2293.48
3.1058,0.1708,1.0033,-0.7618,95.20,-152.53,2293.48
3.1082,0.1669,1.0024,-0.7554,96.11,-155.05,2293.48
3.1106,0.1669,0.9994,-0.7491,96.95,-156.31,2293.48
3.1130,0.1654,0.9960,-0.7471,97.65,-157.78,2293.48
3.1154,0.1684,0.9936,-0.7544,98.42,-159.25,2293.48
3.1178,0.1684,0.9897,-0.7671,99.47,-160.09,2293.48
3.1202,0.1649,0.9862,-0.7745,100.45,-160.58,2293.48
3.1226,0.1610,0.9843,-0.7754,100.59,-161.00,2293.48
3.1250,0.1557,0.9814,-0.7769,101.43,-161.07,2293.48
3.1274,0.1508,0.9823,-0.7691,102.20,-161.14,2293.48
3.1298,0.1503,0.9858,-0.7554,102.41,-160.58,2293.48
3.1322,0.1454,0.9897,-0.7491,102.62,-159.81,2293.48
3.1346,0.1435,0.9906,-0.7442,102.83,-159.25,2293.48
3.1370,0.1425,0.9906,-0.7374,102.62,-157.71,2293.48
3.1394,0.1386,0.9911,-0.7388,102.20,-156.80,2293.48
3.1418,0.1415,0.9897,-0.7427,102.06,-155.12,2293.48
3.1442,0.1386,0.9916,-0.7462,101.99,-153.09,2293.48
3.1466,0.1318,0.9936,-0.7496,101.29,-151.69,2293.48
3.1490,0.1342,0.9941,-0.7457,100.87,-150.22,2293.48
3.1514,0.1342,0.9970,-0.7452,100.38,-147.35,2293.48
3.1538,0.1298,1.0024,-0.7442,99.54,-145.53,2293.48
3.1563,0.1322,1.0043,-0.7457,98.56,-143.36,2293.48
3.1587,0.1381,1.0019,-0.7481,97.72,-140.98,2293.48
3.1611,0.1405,1.0004,-0.7452,96.81,-138.25,2293.48
3.1635,0.1342,0.9999,-0.7462,95.69,-135.87,2293.48
3.1659,0.1313,0.9989,-0.7520,94.71,-134.12,2293.48
3.1683,0.1337,0.9970,-0.7662,93.94,-131.25,2293.48
3.1707,0.1298,1.0009,-0.7798,92.75,-128.80,2293.48
3.1731,0.1313,0.9984,-0.7837,91.42,-127.33,2293.48
3.1755,0.1391,0.9950,-0.7759,90.93,-124.88,2293.48
3.1779,0.1396,0.9970,-0.7710,90.16,-122.78,2293.48
3.1803,0.1405,0.9965,-0.7740,88.97,-121.10,2293.48
3.1827,0.1449,0.9965,-0.7832,88.20,-118.86,2293.48
3.1851,0.1440,0.9960,-0.7945,87.43,-116.90,2293.48
3.1875,0.1435,0.9970,-0.7945,86.45,-115.92,2293.48
3.1899,0.1454,0.9960,-0.7935,85.89,-114.52,2293.48
3.1923,0.1474,0.9970,-0.7935,85.54,-113.40,2293.48
3.1947,0.1484,0.9970,-0.7974,84.98,-112.35,2293.48
3.1971,0.1479,0.9941,-0.8086,84.28,-111.58,2293.48
3.1995,0.1498,0.9897,-0.8213,83.72,-111.30,2293.48
3.2019,0.1518,0.9862,-0.8252,83.72,-110.74,2293.48
3.2043,0.1518,0.9828,-0.8115,83.65,-110.88,2293.48
3.2067,0.1566,0.9794,-0.7969,84.07,-111.02,2293.48
3.2091,0.1542,0.9784,-0.7993,84.42,-110.88,2293.48
3.2115,0.1469,0.9760,-0.8115,85.19,-111.65,2293.48
3.2139,0.1435,0.9770,-0.8276,85.68,-112.70,2293.48
3.2163,0.1410,0.9775,-0.8325,86.03,-113.68,2293.48
3.2188,0.1410,0.9745,-0.8237,87.01,-115.01,2293.48
3.2212,0.1396,0.9736,-0.8130,87.92,-116.34,2293.48
3.2236,0.1381,0.9770,-0.8086,88.97,-117.88,2293.48
3.2260,0.1376,0.9789,-0.8247,89.95,-119.49,2293.48
3.2284,0.1347,0.9799,-0.8452,90.93,-121.24,2293.48
3.2308,0.1303,0.9823,-0.8506,92.12,-123.34,2293.48
3.2332,0.1283,0.9828,-0.8433,92.89,-125.72,2293.48
3.2356,0.1264,0.9828,-0.8286,93.80,-128.31,2293.48
3.2380,0.1269,0.9838,-0.8257,95.13,-130.48,2293.48
3.2404,0.1249,0.9853,-0.8428,96.18,-132.72,2293.48
3.2428,0.1215,0.9872,-0.8628,96.81,-135.52,2293.48
3.2452,0.1205,0.9897,-0.8750,97.79,-138.04,2293.48
3.2476,0.1166,0.9911,-0.8735,98.56,-140.56,2293.48
3.2500,0.1132,0.9965,-0.8633,99.54,-143.36,2293.48
3.2524,0.1108,0.9984,-0.8589,100.03,-145.81,2293.48
3.2548,0.1127,1.0024,-0.8682,101.29,-148.40,2293.48
3.2572,0.1113,1.0126,-0.8847,101.64,-150.22,2293.48
3.2596,0.1074,1.0155,-0.9018,102.20,-153.16,2293.48
3.2620,0.1059,1.0199,-0.9028,102.48,-155.40,2293.48
3.2644,0.1054,1.0282,-0.8916,102.76,-157.78,2293.48
3.2668,0.1083,1.0346,-0.8896,102.83,-159.60,2293.48
3.2692,0.1093,1.0380,-0.9048,102.83,-161.42,2293.48
3.2716,0.1103,1.0419,-0.9287,102.97,-163.24,2293.48
3.2740,0.1147,1.0468,-0.9472,102.62,-164.85,2293.48
3.2764,0.1191,1.0507,-0.9521,102.27,-165.83,2293.48
3.2788,0.1205,1.0516,-0.9399,101.78,-166.60,2293.48
3.2813,0.1244,1.0531,-0.9257,101.29,-167.58,2293.48
3.2837,0.1313,1.0560,-0.9267,100.66,-167.58,2293.48
3.2861,0.1327,1.0599,-0.9448,99.68,-167.30,2293.48
3.2885,0.1342,1.0614,-0.9667,98.84,-167.44,2293.48
3.2909,0.1401,1.0575,-0.9750,97.93,-167.16,2293.48
3.2933,0.1464,1.0546,-0.9682,97.09,-166.25,2293.48
3.2957,0.1513,1.0541,-0.9589,95.83,-165.41,2293.48
3.2981,0.1527,1.0512,-0.9496,94.71,-164.08,2293.48
3.3005,0.1552,1.0477,-0.9570,93.94,-162.61,2293.48
3.3029,0.1571,1.0482,-0.9736,92.96,-160.30,2293.48
3.3053,0.1576,1.0492,-0.9867,92.05,-158.27,2293.48
3.3077,0.1581,1.0458,-0.9936,90.72,-156.17,2293.48
3.3101,0.1645,1.0409,-0.9892,89.74,-153.86,2293.48
3.3125,0.1659,1.0370,-0.9838,89.18,-150.64,2293.48
3.3149,0.1645,1.0341,-0.9814,88.20,-148.12,2293.48
3.3173,0.1684,1.0307,-0.9936,87.64,-144.90,2293.48
3.3197,0.1645,1.0277,-1.0175,87.01,-141.75,2293.48
3.3221,0.1645,1.0209,-1.0346,86.52,-139.44,2293.48
3.3245,0.1703,1.0121,-1.0316,86.38,-136.01,2293.48
3.3269,0.1708,1.0072,-1.0077,86.31,-132.86,2293.48
3.3293,0.1688,1.0033,-0.9877,85.47,-129.78,2293.48
3.3317,0.1713,0.9945,-0.9960,85.40,-127.12,2293.48
3.3341,0.1723,0.9877,-1.0189,85.82,-123.48,2293.48
3.3365,0.1669,0.9862,-1.0316,85.61,-120.96,2293.48
3.3389,0.1679,0.9804,-1.0258,85.47,-118.58,2293.48
3.3413,0.1688,0.9765,-1.0004,86.10,-115.99,2293.48
3.3438,0.1640,0.9799,-0.9848,86.31,-114.03,2293.48
3.3462,0.1591,0.9775,-0.9926,86.10,-112.07,2293.48
3.3486,0.1571,0.9726,-1.0116,86.59,-110.74,2293.48
3.3510,0.1596,0.9740,-1.0224,86.87,-109.27,2293.48
3.3534,0.1562,0.9736,-1.0170,87.01,-108.29,2293.48
3.3558,0.1547,0.9716,-1.0048,87.36,-107.87,2293.48
3.3582,0.1581,0.9726,-0.9872,87.85,-107.31,2293.48
3.3606,0.1537,0.9726,-0.9819,88.13,-106.75,2293.48
3.3630,0.1493,0.9701,-0.9799,88.62,-106.82,2293.48
3.3654,0.1464,0.9731,-0.9799,89.18,-107.10,2293.48
3.3678,0.1454,0.9775,-0.9784,89.39,-107.73,2293.48
3.3702,0.1454,0.9765,-0.9687,89.53,-108.50,2293.48
3.3726,0.1469,0.9760,-0.9555,90.16,-109.83,2293.48
3.3750,0.1484,0.9799,-0.9477,90.86,-110.74,2293.48
3.3774,0.1430,0.9814,-0.9467,90.65,-112.42,2293.48
3.3798,0.1469,0.9799,-0.9472,91.21,-114.87,2293.48
3.3822,0.1498,0.9789,-0.9428,91.35,-116.13,2293.48
3.3846,0.1454,0.9789,-0.9399,91.70,-118.30,2293.48
3.3870,0.1449,0.9799,-0.9379,91.77,-120.68,2293.48
3.3894,0.1469,0.9828,-0.9335,92.26,-122.99,2293.48
3.3918,0.1449,0.9882,-0.9379,92.26,-124.74,2293.48
3.3942,0.1386,0.9853,-0.9404,92.05,-127.68,2293.48
3.3966,0.1420,0.9838,-0.9404,92.47,-130.27,2293.48
3.3990,0.1386,0.9872,-0.9316,92.47,-132.23,2293.48
3.4014,0.1279,0.9887,-0.9170,92.12,-135.38,2293.48
3.4038,0.1279,0.9867,-0.9116,91.91,-138.60,2293.48
3.4063,0.1293,0.9877,-0.9150,92.33,-140.91,2293.48
3.4087,0.1244,0.9921,-0.9282,91.77,-143.01,2293.48
3.4111,0.1186,0.9945,-0.9389,90.86,-145.95,2293.48
3.4135,0.1200,0.9960,-0.9335,90.44,-148.54,2293.48
3.4159,0.1215,0.9955,-0.9130,90.23,-150.15,2293.48
3.4183,0.1176,0.9999,-0.9004,89.60,-152.04,2293.48
3.4207,0.1157,1.0058,-0.8989,88.97,-154.14,2293.48
3.4231,0.1191,1.0106,-0.9077,88.83,-155.61,2293.48
3.4255,0.1200,1.0170,-0.9101,88.27,-156.94,2293.48
3.4279,0.1210,1.0165,-0.8974,87.36,-158.62,2293.48
3.4303,0.1230,1.0116,-0.8833,86.87,-159.46,2293.48
3.4327,0.1264,1.0106,-0.8769,87.01,-160.16,2293.48
3.4351,0.1259,1.0150,-0.8882,86.80,-160.58,2293.48
3.4375,0.1259,1.0180,-0.9028,86.45,-161.49,2293.48
3.4399,0.1318,1.0204,-0.9096,86.45,-161.35,2293.48
3.4423,0.1293,1.0238,-0.8999,86.38,-161.14,2293.48
3.4447,0.1303,1.0258,-0.8828,86.10,-161.84,2293.48
3.4471,0.1391,1.0253,-0.8725,86.03,-161.28,2293.48
3.4495,0.1420,1.0268,-0.8647,86.17,-160.30,2293.48
3.4519,0.1454,1.0287,-0.8716,86.17,-159.67,2293.48
3.4543,0.1479,1.0307,-0.8847,86.03,-158.34,2293.48
3.4567,0.1523,1.0311,-0.8847,86.10,-157.29,2293.48
3.4591,0.1591,1.0282,-0.8730,86.17,-155.61,2293.48
3.4615,0.1635,1.0233,-0.8603,86.31,-153.86,2293.48
3.4639,0.1684,1.0189,-0.8564,86.59,-151.62,2293.48
3.4663,0.1703,1.0214,-0.8642,87.15,-149.03,2293.48
3.4688,0.1708,1.0214,-0.8872,87.08,-146.72,2293.48
3.4712,0.1732,1.0160,-0.8994,87.29,-144.41,2293.48
3.4736,0.1776,1.0106,-0.8921,87.92,-142.03,2293.48
3.4760,0.1786,1.0053,-0.8735,88.55,-139.44,2293.48
3.4784,0.1806,0.9975,-0.8652,89.04,-136.92,2293.48
3.4808,0.1835,0.9945,-0.8779,89.95,-133.77,2293.48
3.4832,0.1796,0.9984,-0.8999,90.30,-131.04,2293.48
3.4856,0.1786,0.9911,-0.9218,90.37,-128.59,2293.48
3.4880,0.1762,0.9809,-0.9292,91.00,-126.00,2293.48
3.4904,0.1728,0.9765,-0.9204,91.84,-123.97,2293.48
3.4928,0.1728,0.9736,-0.9057,92.75,-121.52,2293.48
3.4952,0.1723,0.9726,-0.9072,93.52,-119.49,2293.48
3.4976,0.1693,0.9692,-0.9248,94.22,-117.46,2293.48
3.5000,0.1649,0.9658,-0.9414,94.71,-115.78,2293.48
3.5024,0.1601,0.9609,-0.9438,95.13,-114.17,2293.48
3.5048,0.1557,0.9536,-0.9321,96.04,-113.05,2293.48
3.5072,0.1557,0.9487,-0.9126,97.09,-112.00,2293.48
3.5096,0.1547,0.9453,-0.9013,97.58,-110.95,2293.48
3.5120,0.1498,0.9414,-0.9077,98.28,-110.04,2293.48
3.5144,0.1444,0.9414,-0.9174,99.26,-109.69,2293.48
3.5168,0.1401,0.9433,-0.9199,99.75,-109.34,2293.48
3.5192,0.1352,0.9409,-0.9111,100.10,-109.41,2293.48
3.5216,0.1298,0.9355,-0.8965,100.94,-109.97,2293.48
3.5240,0.1259,0.9355,-0.8823,101.50,-110.67,2293.48
3.5264,0.1249,0.9370,-0.8833,102.20,-111.44,2293.48
3.5288,0.1196,0.9384,-0.9023,102.69,-111.93,2293.48
3.5313,0.1113,0.9399,-0.9189,102.90,-113.05,2293.48
3.5337,0.1078,0.9423,-0.9213,103.11,-114.59,2293.48
3.5361,0.1054,0.9467,-0.9111,103.18,-116.13,2293.48
3.5385,0.0996,0.9482,-0.8960,103.25,-117.81,2293.48
3.5409,0.0917,0.9526,-0.8872,103.39,-119.70,2293.48
3.5433,0.0859,0.9594,-0.8872,103.18,-121.94,2293.48
3.5457,0.0830,0.9662,-0.8989,102.83,-124.39,2293.48
3.5481,0.0805,0.9750,-0.9077,102.48,-127.05,2293.48
3.5505,0.0810,0.9799,-0.9033,102.13,-130.06,2293.48
3.5529,0.0815,0.9862,-0.8886,101.50,-132.58,2293.48
3.5553,0.0805,0.9941,-0.8764,100.66,-135.17,2293.48
3.5577,0.0839,1.0009,-0.8725,99.96,-137.90,2293.48
3.5601,0.0908,1.0077,-0.8755,98.91,-140.28,2293.48
3.5625,0.0942,1.0111,-0.8906,97.72,-142.59,2293.48
3.5649,0.0956,1.0146,-0.9062,96.67,-145.04,2293.48
3.5673,0.1010,1.0175,-0.9072,95.41,-147.42,2293.48
3.5697,0.1054,1.0214,-0.8930,94.08,-149.10,2293.48
3.5721,0.1083,1.0224,-0.8804,92.96,-150.99,2293.48
3.5745,0.1122,1.0243,-0.8769,91.98,-152.67,2293.48
3.5769,0.1196,1.0302,-0.8862,90.72,-154.00,2293.48
3.5793,0.1235,1.0336,-0.8960,89.39,-155.05,2293.48
3.5817,0.1259,1.0336,-0.8960,88.13,-156.17,2293.48
3.5841,0.1327,1.0360,-0.8896,87.22,-156.94,2293.48
3.5865,0.1347,1.0385,-0.8847,86.24,-157.57,2293.48
3.5889,0.1327,1.0365,-0.8823,84.91,-158.06,2293.48
3.5913,0.1362,1.0355,-0.8843,84.14,-158.13,2293.48
3.5938,0.1405,1.0399,-0.8921,83.44,-158.13,2293.48
3.5962,0.1454,1.0448,-0.8935,82.46,-158.06,2293.48
3.5986,0.1513,1.0453,-0.8926,81.55,-157.36,2293.48
3.6010,0.1537,1.0438,-0.8847,81.13,-156.87,2293.48
3.6034,0.1581,1.0443,-0.8691,80.78,-155.82,2293.48
3.6058,0.1635,1.0453,-0.8628,80.15,-154.49,2293.48
3.6082,0.1684,1.0438,-0.8691,79.87,-152.88,2293.48
3.6106,0.1703,1.0414,-0.8804,79.87,-151.20,2293.48
3.6130,0.1708,1.0399,-0.8882,79.45,-149.87,2293.48
3.6154,0.1767,1.0365,-0.8886,79.31,-148.54,2293.48
3.6178,0.1825,1.0311,-0.8867,79.66,-146.37,2293.48
3.6202,0.1835,1.0248,-0.8828,80.08,-144.55,2293.48
3.6226,0.1874,1.0204,-0.8769,80.71,-142.73,2293.48
3.6250,0.1903,1.0150,-0.8691,81.20,-140.56,2293.48
3.6274,0.1928,1.0058,-0.8652,82.25,-138.46,2293.48
3.6298,0.1957,0.9989,-0.8672,83.09,-135.94,2293.48
3.6322,0.1962,0.9945,-0.8691,84.07,-133.70,2293.48
3.6346,0.1957,0.9892,-0.8686,85.19,-131.32,2293.48
3.6370,0.1923,0.9833,-0.8696,86.45,-129.22,2293.48
3.6394,0.1893,0.9770,-0.8774,87.64,-127.19,2293.48
3.6418,0.1859,0.9726,-0.8911,88.90,-125.16,2293.48
3.6442,0.1830,0.9711,-0.9057,90.16,-123.34,2293.48
3.6466,0.1820,0.9692,-0.9072,91.28,-121.52,2293.48
3.6490,0.1796,0.9667,-0.8906,92.47,-120.26,2293.48
3.6514,0.1752,0.9618,-0.8804,93.38,-118.65,2293.48
3.6538,0.1703,0.9560,-0.8852,94.50,-117.67,2293.48
3.6563,0.1669,0.9521,-0.8891,96.18,-117.18,2293.48
3.6587,0.1659,0.9472,-0.8789,97.44,-116.55,2293.48
3.6611,0.1620,0.9418,-0.8623,98.56,-115.64,2293.48
3.6635,0.1532,0.9374,-0.8564,99.89,-115.22,2293.48
3.6659,0.1503,0.9340,-0.8589,101.15,-115.50,2293.48
3.6683,0.1498,0.9335,-0.8652,102.27,-115.01,2293.48
3.6707,0.1449,0.9335,-0.8672,103.32,-115.01,2293.48
3.6731,0.1386,0.9355,-0.8550,104.23,-115.50,2293.48
3.6755,0.1386,0.9374,-0.8335,104.93,-115.99,2293.48
3.6779,0.1410,0.9389,-0.8096,105.28,-116.27,2293.48
3.6803,0.1381,0.9394,-0.7969,105.49,-116.90,2293.48
3.6827,0.1366,0.9399,-0.7945,105.77,-117.95,2293.48
3.6851,0.1371,0.9409,-0.7935,105.56,-118.65,2293.48
3.6875,0.1371,0.9418,-0.7930,105.42,-119.35,2293.48
3.6899,0.1352,0.9477,-0.7871,104.79,-120.40,2293.48
3.6923,0.1332,0.9506,-0.7769,103.74,-122.01,2293.48
3.6947,0.1347,0.9477,-0.7671,102.83,-123.13,2293.48
3.6971,0.1337,0.9501,-0.7637,102.13,-124.32,2293.48
3.6995,0.1308,0.9565,-0.7623,100.52,-126.07,2293.48
3.7019,0.1327,0.9550,-0.7627,98.98,-127.61,2293.48
3.7043,0.1352,0.9526,-0.7613,97.93,-128.80,2293.48
3.7067,0.1347,0.9555,-0.7481,96.25,-130.69,2293.48
3.7091,0.1366,0.9536,-0.7359,94.50,-132.23,2293.48
3.7115,0.1366,0.9506,-0.7266,93.03,-133.42,2293.48
3.7139,0.1366,0.9560,-0.7232,91.84,-134.89,2293.48
3.7163,0.1371,0.9623,-0.7305,89.74,-135.94,2293.48
3.7188,0.1342,0.9609,-0.7369,88.20,-137.13,2293.48
3.7212,0.1332,0.9643,-0.7315,86.45,-138.46,2293.48
3.7236,0.1366,0.9716,-0.7164,84.28,-139.86,2293.48
3.7260,0.1396,0.9755,-0.7125,82.46,-140.42,2293.48
3.7284,0.1405,0.9828,-0.7198,80.92,-141.05,2293.48
3.7308,0.1401,0.9906,-0.7266,78.68,-141.96,2293.48
3.7332,0.1415,0.9921,-0.7374,76.44,-142.66,2293.48
3.7356,0.1440,0.9984,-0.7481,74.90,-143.15,2293.48
3.7380,0.1474,1.0053,-0.7481,72.87,-143.99,2293.48
3.7404,0.1537,1.0072,-0.7383,70.91,-144.48,2293.48
3.7428,0.1566,1.0087,-0.7300,69.30,-144.76,2293.48
3.7452,0.1620,1.0092,-0.7222,67.97,-145.46,2293.48
3.7476,0.1679,1.0082,-0.7237,66.57,-145.53,2293.48
3.7500,0.1703,1.0048,-0.7383,65.52,-145.39,2293.48
3.7524,0.1713,1.0028,-0.7554,64.82,-145.53,2293.48
3.7548,0.1708,1.0009,-0.7647,63.98,-145.74,2293.48
3.7572,0.1747,0.9960,-0.7632,63.49,-145.95,2293.48
3.7596,0.1747,0.9936,-0.7627,63.91,-145.46,2293.48
3.7620,0.1732,0.9941,-0.7647,64.26,-145.46,2293.48
3.7644,0.1747,0.9936,-0.7730,64.75,-145.25,2293.48
3.7668,0.1767,0.9906,-0.7823,65.80,-144.55,2293.48
3.7692,0.1786,0.9887,-0.7857,67.06,-144.13,2293.48
3.7716,0.1776,0.9882,-0.7906,68.32,-143.57,2293.48
3.7740,0.1767,0.9833,-0.7901,69.93,-143.08,2293.48
3.7764,0.1762,0.9823,-0.7867,72.17,-142.10,2293.48
3.7788,0.1723,0.9862,-0.7847,74.27,-141.26,2293.48
3.7813,0.1684,0.9892,-0.7881,76.65,-140.28,2293.48
3.7837,0.1645,0.9945,-0.7886,78.96,-139.51,2293.48
3.7861,0.1620,1.0004,-0.7871,81.34,-139.44,2293.48
3.7885,0.1630,0.9960,-0.7813,83.30,-138.88,2293.48
3.7909,0.1664,0.9911,-0.7662,86.10,-138.25,2293.48
3.7933,0.1693,0.9921,-0.7559,88.62,-137.41,2293.48
3.7957,0.1698,0.9872,-0.7486,91.14,-136.71,2293.48
3.7981,0.1693,0.9814,-0.7520,94.08,-135.73,2293.48
3.8005,0.1703,0.9804,-0.7584,96.74,-134.89,2293.48
3.8029,0.1703,0.9789,-0.7559,99.19,-133.56,2293.48
3.8053,0.1693,0.9765,-0.7515,101.71,-132.51,2293.48
3.8077,0.1698,0.9721,-0.7471,104.09,-131.39,2293.48
3.8101,0.1703,0.9653,-0.7520,106.19,-130.13,2293.48
3.8125,0.1645,0.9609,-0.7681,108.50,-128.87,2293.48
3.8149,0.1571,0.9584,-0.7818,110.46,-128.17,2293.48
3.8173,0.1547,0.9550,-0.7842,112.35,-127.40,2293.48
3.8197,0.1474,0.9536,-0.7837,114.03,-126.28,2293.48
3.8221,0.1401,0.9516,-0.7832,115.50,-125.86,2293.48
3.8245,0.1342,0.9496,-0.7798,116.76,-125.72,2293.48
3.8269,0.1283,0.9492,-0.7793,117.88,-125.44,2293.48
3.8293,0.1244,0.9496,-0.7847,118.86,-125.37,2293.48
3.8317,0.1196,0.9560,-0.7935,119.56,-125.16,2293.48
3.8341,0.1142,0.9623,-0.8072,119.35,-125.51,2293.48
3.8365,0.1127,0.9638,-0.8184,119.42,-126.07,2293.48
3.8389,0.1103,0.9682,-0.8135,118.93,-126.07,2293.48
3.8413,0.1054,0.9721,-0.8042,117.74,-126.63,2293.48
3.8438,0.1039,0.9750,-0.8076,116.69,-127.12,2293.48
3.8462,0.1015,0.9804,-0.8101,115.29,-127.96,2293.48
3.8486,0.1000,0.9877,-0.8111,113.61,-128.80,2293.48
3.8510,0.0996,0.9906,-0.8174,111.23,-129.78,2293.48
3.8534,0.1000,0.9916,-0.8174,109.76,-130.97,2293.48
3.8558,0.1000,0.9960,-0.8150,107.38,-131.88,2293.48
3.8582,0.1035,0.9975,-0.8208,104.72,-132.86,2293.48
3.8606,0.1059,0.9984,-0.8340,102.83,-133.63,2293.48
3.8630,0.1098,1.0033,-0.8413,100.38,-135.17,2293.48
3.8654,0.1186,1.0087,-0.8530,97.86,-135.73,2293.48
3.8678,0.1200,1.0102,-0.8696,95.41,-136.43,2293.48
3.8702,0.1235,1.0116,-0.8789,93.24,-137.41,2293.48
3.8726,0.1249,1.0146,-0.8760,90.65,-137.76,2293.48
3.8750,0.1244,1.0141,-0.8647,88.27,-138.88,2293.48
3.8774,0.1293,1.0189,-0.8589,86.17,-139.86,2293.48
3.8798,0.1347,1.0263,-0.8603,83.86,-140.77,2293.48
3.8822,0.1405,1.0258,-0.8725,81.48,-141.26,2293.48
3.8846,0.1430,1.0263,-0.8823,79.66,-141.54,2293.48
3.8870,0.1454,1.0268,-0.8764,77.84,-142.59,2293.48
3.8894,0.1537,1.0297,-0.8618,75.81,-143.36,2293.48
3.8918,0.1610,1.0326,-0.8472,74.06,-143.50,2293.48
3.8942,0.1669,1.0326,-0.8379,72.52,-143.78,2293.48
3.8966,0.1732,1.0316,-0.8355,71.19,-143.71,2293.48
3.8990,0.1752,1.0297,-0.8408,69.58,-143.64,2293.48
3.9014,0.1815,1.0248,-0.8438,68.39,-143.92,2293.48
3.9038,0.1893,1.0214,-0.8389,67.69,-143.50,2293.48
3.9063,0.1928,1.0165,-0.8364,67.13,-143.22,2293.48
3.9087,0.1976,1.0097,-0.8320,66.92,-142.66,2293.48
3.9111,0.1996,1.0063,-0.8208,66.99,-141.89,2293.48
3.9135,0.1991,1.0024,-0.8120,66.78,-141.26,2293.48
3.9159,0.2020,0.9960,-0.8052,66.85,-140.56,2293.48
3.9183,0.2020,0.9902,-0.7993,67.62,-139.58,2293.48
3.9207,0.2001,0.9853,-0.7989,68.32,-138.81,2293.48
3.9231,0.1986,0.9814,-0.8018,69.51,-137.97,2293.48
3.9255,0.2001,0.9770,-0.8003,70.56,-136.78,2293.48
3.9279,0.1957,0.9721,-0.7940,71.96,-135.17,2293.48
3.9303,0.1893,0.9697,-0.7915,73.78,-134.47,2293.48
3.9327,0.1889,0.9672,-0.7920,75.39,-133.63,2293.48
3.9351,0.1850,0.9618,-0.7925,77.28,-132.16,2293.48
3.9375,0.1791,0.9565,-0.7910,79.59,-131.25,2293.48
3.9399,0.1791,0.9531,-0.7862,81.76,-130.90,2293.48
3.9423,0.1806,0.9536,-0.7764,84.07,-129.64,2293.48
3.9447,0.1732,0.9506,-0.7720,86.45,-128.59,2293.48
3.9471,0.1645,0.9457,-0.7788,89.32,-128.45,2293.48
3.9495,0.1649,0.9457,-0.7823,91.77,-128.10,2293.48
3.9519,0.1635,0.9418,-0.7725,94.01,-127.26,2293.48
3.9543,0.1562,0.9394,-0.7588,96.95,-126.56,2293.48
3.9567,0.1513,0.9389,-0.7481,99.47,-126.49,2293.48
3.9591,0.1527,0.9379,-0.7491,101.78,-126.07,2293.48
3.9615,0.1508,0.9365,-0.7613,104.02,-125.44,2293.48
3.9639,0.1391,0.9399,-0.7710,106.19,-125.37,2293.48
3.9663,0.1352,0.9433,-0.7706,107.59,-126.21,2293.48
3.9688,0.1405,0.9389,-0.7564,109.55,-125.65,2293.48
3.9712,0.1337,0.9374,-0.7383,111.65,-124.81,2293.48
3.9736,0.1274,0.9384,-0.7276,112.77,-125.86,2293.48
3.9760,0.1288,0.9379,-0.7344,114.10,-125.37,2293.48
3.9784,0.1200,0.9423,-0.7486,115.36,-125.65,2293.48
3.9808,0.1196,0.9482,-0.7505,115.85,-126.63,2293.48
3.9832,0.1235,0.9477,-0.7393,116.20,-126.07,2293.48
3.9856,0.1176,0.9462,-0.7218,116.83,-126.35,2293.48
3.9880,0.1152,0.9482,-0.7017,116.97,-126.63,2293.48
3.9904,0.1152,0.9482,-0.6983,116.69,-127.05,2293.48
3.9928,0.1152,0.9501,-0.7139,116.97,-127.19,2293.48
3.9952,0.1127,0.9575,-0.7276,116.41,-127.33,2293.48
3.9976,0.1137,0.9599,-0.7276,115.22,-128.17,2293.48
4.0000,0.1161,0.9594,-0.7174,114.45,-128.24,2293.48
4.0024,0.1103,0.9633,-0.7047,113.61,-128.73,2293.48
4.0048,0.1113,0.9677,-0.6978,111.79,-129.92,2293.48
4.0072,0.1171,0.9667,-0.7081,110.11,-130.20,2293.48
4.0096,0.1171,0.9682,-0.7222,108.85,-130.62,2293.48
4.0120,0.1176,0.9736,-0.7266,106.82,-131.60,2293.48
4.0144,0.1225,0.9721,-0.7276,104.44,-132.09,2293.48
4.0168,0.1293,0.9716,-0.7271,102.83,-132.30,2293.48
4.0192,0.1318,0.9789,-0.7291,100.73,-132.51,2293.48
4.0216,0.1332,0.9814,-0.7320,97.93,-133.07,2293.48
4.0240,0.1376,0.9799,-0.7261,95.76,-133.63,2293.48
4.0264,0.1415,0.9848,-0.7154,93.45,-133.84,2293.48
4.0288,0.1440,0.9897,-0.7086,90.93,-134.68,2293.48
4.0313,0.1484,0.9882,-0.7056,88.27,-135.24,2293.48
4.0337,0.1547,0.9877,-0.7056,86.24,-135.94,2293.48
4.0361,0.1610,0.9902,-0.7086,83.79,-136.36,2293.48
4.0385,0.1669,0.9906,-0.7105,81.13,-136.36,2293.48
4.0409,0.1718,0.9872,-0.7193,78.82,-136.64,2293.48
4.0433,0.1771,0.9853,-0.7261,77.07,-136.64,2293.48
4.0457,0.1791,0.9867,-0.7271,74.83,-136.71,2293.48
4.0481,0.1806,0.9828,-0.7315,72.52,-137.20,2293.48
4.0505,0.1864,0.9770,-0.7388,71.19,-136.71,2293.48
4.0529,0.1854,0.9770,-0.7496,69.72,-136.15,2293.48
4.0553,0.1850,0.9736,-0.7593,68.32,-136.29,2293.48
4.0577,0.1879,0.9697,-0.7632,67.55,-135.59,2293.48
4.0601,0.1830,0.9711,-0.7598,66.50,-135.17,2293.48
4.0625,0.1830,0.9682,-0.7486,65.52,-135.59,2293.48
4.0649,0.1884,0.9618,-0.7427,65.10,-135.10,2293.48
4.0673,0.1874,0.9579,-0.7481,64.96,-134.54,2293.48
4.0697,0.1869,0.9540,-0.7657,64.89,-134.47,2293.48
4.0721,0.1889,0.9521,-0.7847,65.17,-134.12,2293.48
4.0745,0.1884,0.9506,-0.7940,65.52,-133.98,2293.48
4.0769,0.1898,0.9448,-0.7993,66.15,-133.56,2293.48
4.0793,0.1903,0.9433,-0.7974,67.13,-132.93,2293.48
4.0817,0.1879,0.9438,-0.7876,67.83,-132.16,2293.48
4.0841,0.1830,0.9374,-0.7847,68.88,-131.39,2293.48
4.0865,0.1806,0.9311,-0.7925,70.84,-131.60,2293.48
4.0889,0.1810,0.9296,-0.8130,72.31,-131.11,2293.48
4.0913,0.1752,0.9292,-0.8403,73.78,-130.20,2293.48
4.0938,0.1684,0.9282,-0.8560,76.16,-130.62,2293.48
4.0962,0.1684,0.9296,-0.8477,78.40,-130.13,2293.48
4.0986,0.1615,0.9272,-0.8276,80.50,-129.01,2293.48
4.1010,0.1508,0.9243,-0.8237,83.30,-129.22,2293.48
4.1034,0.1488,0.9262,-0.8374,86.24,-129.57,2293.48
4.1058,0.1469,0.9282,-0.8642,88.69,-128.73,2293.48
4.1082,0.1357,0.9287,-0.8911,91.21,-128.73,2293.48
4.1106,0.1362,0.9272,-0.8862,93.73,-129.78,2293.48
4.1130,0.1430,0.9213,-0.8540,96.39,-128.73,2293.48
4.1154,0.1308,0.9174,-0.8286,99.40,-127.33,2293.48
4.1178,0.1157,0.9184,-0.8359,102.13,-128.17,2293.48
4.1202,0.1152,0.9184,-0.8867,104.72,-128.24,2293.48
4.1226,0.1069,0.9209,-0.9506,107.24,-127.05,2293.48
4.1250,0.0917,0.9272,-0.9833,109.55,-127.40,2293.48
4.1274,0.0844,0.9340,-0.9721,111.09,-128.45,2293.48
4.1298,0.0810,0.9355,-0.9560,112.56,-128.45,2293.48
4.1322,0.0717,0.9360,-0.9828,114.80,-127.75,2293.48
4.1346,0.0571,0.9433,-1.0560,116.69,-127.96,2293.48
4.1370,0.0600,0.9838,-1.1175,118.51,-128.24,2293.48
4.1394,0.0522,1.0492,-1.1956,117.88,-129.15,2293.48
4.1418,0.0732,1.0516,-1.2873,112.42,-132.72,2293.48
4.1442,0.1566,1.0853,-1.3420,113.82,-135.45,2293.48
4.1466,0.2474,1.2083,-1.5767,98.91,-132.37,2293.48
4.1490,0.4377,1.3103,-1.8856,81.13,-141.05,2293.48
4.1514,0.8111,1.4089,-2.3063,48.30,-137.62,2293.48
4.1538,0.8838,1.5348,-3.8791,-8.40,-135.03,2293.48
4.1563,2.4058,1.3381,-4.1358,-68.18,-182.49,2265.27
4.1587,3.9391,1.8739,-4.7926,-120.12,-41.23,2228.80
4.1611,4.6375,2.3995,-8.1516,-425.11,38.57,2214.38
4.1635,5.5852,2.6201,-12.6490,-659.96,198.31,2181.83
4.1659,5.4666,2.2824,-15.5994,-907.06,310.45,2149.91
4.1683,5.1181,0.6983,-14.2481,-1127.56,458.22,2133.46
4.1707,3.6971,-0.6783,-8.3809,-1282.12,592.13,2112.32
4.1731,2.6069,-1.5274,-0.5534,-1340.08,499.52,2083.55
4.1755,2.7035,-1.0912,2.8406,-1317.47,556.08,2055.97
4.1779,0.7749,-0.5295,-1.3825,-1287.51,714.56,1999.90
4.1803,0.4480,-0.8062,-10.7550,-913.15,632.10,1882.79
4.1827,0.3436,0.4285,-15.9820,-429.73,851.55,1815.45
4.1851,0.2367,4.1251,-15.9820,-194.25,716.10,1721.79
4.1875,2.7089,6.2464,-14.8274,-83.37,630.21,1628.34
4.1899,4.0006,6.3821,-6.9067,333.76,347.34,1513.19
4.1923,6.0424,6.3606,3.4223,547.05,120.68,1393.28
4.1947,6.7115,5.5183,6.5075,364.91,435.19,1372.28
4.1971,3.9733,3.1774,2.3883,306.81,457.66,1340.64
4.1995,3.3023,2.5654,-4.1451,531.86,176.96,1279.95
4.2019,3.8196,3.4482,-7.8836,395.22,262.22,1278.48
4.2043,2.2131,1.8061,-6.4904,239.96,371.42,1288.35
4.2067,0.2030,0.1879,-0.6368,338.38,318.36,1288.63
4.2091,0.2572,0.5217,5.8863,383.11,138.60,1263.71
4.2115,1.8373,0.1518,7.7948,247.52,281.96,1256.22
4.2139,0.8579,-0.6456,2.7635,335.02,472.43,1257.69
4.2163,-0.0854,0.1942,-3.9167,357.49,250.81,1244.18
4.2188,1.0863,0.9594,-6.1898,251.51,293.86,1256.71
4.2212,0.5636,0.4475,-4.2676,173.74,415.87,1268.75
4.2236,0.0444,-0.1991,1.3161,216.58,280.77,1264.69
4.2260,1.1195,-0.0415,6.3225,225.26,290.50,1244.81
4.2284,1.5074,-0.2240,5.4217,164.15,388.15,1235.99
4.2308,1.0590,-0.3411,0.3396,212.24,411.53,1224.16
4.2332,0.6754,0.2786,-4.3344,193.62,380.87,1225.21
4.2356,0.6295,0.4807,-4.9386,102.69,376.46,1230.25
4.2380,0.4504,-0.1693,-1.7968,69.86,407.75,1235.57
4.2404,0.3250,-0.4221,2.8987,107.66,368.83,1228.78
4.2428,0.7828,-0.1523,5.2587,84.70,372.26,1215.27
4.2452,0.9516,-0.2601,3.0280,59.08,432.81,1208.13
4.2476,0.4870,-0.0791,-1.3581,82.60,444.43,1206.31
4.2500,0.1518,0.4246,-4.0460,40.74,414.19,1210.09
4.2524,0.1064,0.3235,-3.3360,-28.07,410.48,1216.25
4.2548,0.0498,-0.1508,-0.0942,-38.85,410.62,1218.98
4.2572,0.1488,-0.1991,3.2247,-21.35,394.03,1212.54
4.2596,0.4080,-0.0068,3.7073,-51.24,401.80,1203.72
4.2620,0.4499,-0.0434,0.9960,-67.13,422.80,1199.87
4.2644,0.2079,0.1371,-2.2765,-64.54,419.30,1201.48
4.2668,0.0102,0.3880,-3.4555,-111.79,394.03,1206.03
4.2692,-0.0117,0.1459,-1.9344,-160.51,382.90,1210.79
4.2716,0.0195,-0.1664,0.9565,-159.81,372.54,1210.58
4.2740,0.1591,-0.0698,2.9187,-158.62,358.75,1204.56
4.2764,0.2977,0.0834,2.2224,-186.06,363.79,1198.75
4.2788,0.2264,0.1122,-0.3762,-196.21,364.00,1197.49
4.2813,0.0605,0.2723,-2.4873,-207.55,345.52,1199.87
4.2837,-0.0185,0.3167,-2.5342,-249.90,323.75,1204.21
4.2861,-0.0010,0.0483,-0.7110,-279.02,306.39,1206.38
4.2885,0.0874,-0.1078,1.5026,-274.82,289.38,1204.28
4.2909,0.2074,0.0434,2.3053,-279.86,279.79,1198.82
4.2933,0.2274,0.1693,1.0224,-300.72,276.85,1195.25
4.2957,0.1288,0.2128,-1.0785,-308.21,261.59,1194.90
4.2981,0.0459,0.2957,-2.1770,-324.31,238.07,1197.35
4.3005,0.0312,0.2294,-1.5411,-355.04,216.16,1200.08
4.3029,0.0703,0.0190,0.1869,-368.27,195.44,1200.43
4.3053,0.1596,-0.0142,1.6260,-362.67,176.89,1197.07
4.3077,0.2211,0.1396,1.5962,-369.11,167.37,1192.80
4.3101,0.1723,0.2289,0.1854,-381.57,154.98,1190.56
4.3125,0.0937,0.2640,-1.2991,-386.82,131.53,1190.77
4.3149,0.0678,0.2874,-1.6455,-401.03,106.96,1192.66
4.3173,0.0849,0.1884,-0.7096,-419.23,84.42,1193.92
4.3197,0.1322,0.0620,0.6891,-420.49,62.58,1192.59
4.3221,0.1903,0.1064,1.4347,-414.33,44.59,1189.02
4.3245,0.1903,0.2362,0.9277,-418.53,32.06,1185.80
4.3269,0.1200,0.2908,-0.3328,-423.22,12.81,1184.33
4.3293,0.0800,0.3026,-1.2293,-425.46,-13.79,1184.75
4.3317,0.0961,0.2782,-1.0707,-433.58,-37.94,1185.94
4.3341,0.1259,0.1801,-0.0839,-439.11,-59.99,1186.08
4.3365,0.1601,0.1225,0.9072,-431.83,-81.34,1183.84
4.3389,0.1815,0.1937,1.1117,-423.50,-97.86,1180.55
4.3413,0.1464,0.2840,0.3938,-422.31,-113.26,1178.10
4.3438,0.0908,0.3099,-0.5871,-419.93,-135.80,1177.19
4.3462,0.0888,0.3040,-0.9994,-417.13,-161.21,1177.61
4.3486,0.1249,0.2616,-0.5632,-417.13,-182.84,1178.03
4.3510,0.1508,0.1898,0.3001,-411.53,-202.58,1177.19
4.3534,0.1635,0.1830,0.8730,-398.09,-221.20,1174.74
4.3558,0.1552,0.2552,0.7056,-386.89,-236.04,1171.94
4.3582,0.1088,0.3104,-0.0273,-379.47,-252.42,1170.26
4.3606,0.0766,0.3167,-0.6871,-370.86,-274.26,1169.77
4.3630,0.0986,0.3030,-0.7427,-362.81,-295.89,1170.12
4.3654,0.1327,0.2625,-0.2079,-354.76,-313.46,1169.91
4.3678,0.1449,0.2191,0.4363,-340.97,-329.70,1168.37
4.3702,0.1391,0.2367,0.6588,-323.40,-344.33,1165.99
4.3726,0.1137,0.2933,0.2962,-308.91,-356.79,1164.03
4.3750,0.0776,0.3245,-0.3201,-296.38,-371.84,1163.12
4.3774,0.0742,0.3221,-0.6720,-282.73,-389.76,1162.91
4.3798,0.1039,0.3035,-0.4982,-269.43,-405.72,1162.91
4.3822,0.1235,0.2718,0.0142,-254.38,-418.39,1162.07
4.3846,0.1196,0.2552,0.4216,-235.27,-429.73,1160.53
4.3870,0.1000,0.2796,0.3953,-215.32,-439.74,1158.64
4.3894,0.0698,0.3182,-0.0200,-197.82,-449.12,1157.31
4.3918,0.0508,0.3348,-0.4587,-180.95,-460.53,1156.75
4.3942,0.0615,0.3299,-0.5661,-163.87,-472.78,1156.68
4.3966,0.0869,0.3143,-0.2850,-146.30,-482.37,1156.54
4.3990,0.0971,0.2904,0.1196,-126.77,-489.44,1155.63
4.4014,0.0854,0.2869,0.3035,-104.86,-495.25,1154.16
4.4038,0.0644,0.3128,0.1240,-83.58,-500.01,1152.83
4.4063,0.0468,0.3382,-0.2518,-64.19,-504.70,1152.34
4.4087,0.0439,0.3470,-0.5085,-45.08,-510.93,1152.13
4.4111,0.0590,0.3436,-0.4504,-25.83,-516.25,1152.13
4.4135,0.0766,0.3294,-0.1542,-5.95,-518.84,1151.92
4.4159,0.0752,0.3152,0.1103,15.82,-519.54,1151.15
4.4183,0.0610,0.3182,0.1235,38.15,-519.33,1150.03
4.4207,0.0459,0.3387,-0.1166,59.08,-518.21,1149.47
4.4231,0.0346,0.3567,-0.4021,78.75,-517.58,1149.26
4.4255,0.0395,0.3636,-0.4997,98.00,-517.23,1149.54
4.4279,0.0527,0.3606,-0.3445,117.46,-515.20,1149.75
4.4303,0.0581,0.3479,-0.0917,137.41,-510.93,1149.40
4.4327,0.0503,0.3401,0.0449,158.41,-505.54,1148.70
4.4351,0.0356,0.3475,-0.0361,178.92,-499.17,1148.42
4.4375,0.0190,0.3626,-0.2552,197.68,-492.17,1148.49
4.4399,0.0098,0.3719,-0.4260,215.74,-485.94,1148.84
4.4423,0.0132,0.3719,-0.4065,233.31,-479.08,1149.19
4.4447,0.0224,0.3650,-0.2206,250.88,-470.61,1149.40
4.4471,0.0229,0.3533,-0.0356,268.73,-460.32,1149.47
4.4495,0.0102,0.3489,0.0024,286.72,-449.33,1149.47
4.4519,-0.0039,0.3572,-0.1269,303.73,-437.71,1149.47
4.4543,-0.0132,0.3704,-0.3045,319.20,-425.88,1149.75
4.4567,-0.0166,0.3772,-0.3762,333.83,-414.19,1150.66
4.4591,-0.0142,0.3762,-0.2869,348.04,-401.66,1151.29
4.4615,-0.0107,0.3694,-0.1191,361.97,-387.94,1151.64
4.4639,-0.0146,0.3572,-0.0132,375.97,-373.03,1151.92
4.4663,-0.0239,0.3670,-0.0400,389.48,-357.42,1152.34
4.4688,-0.0410,0.3606,-0.1874,400.96,-341.53,1152.41
4.4712,-0.0444,0.3767,-0.3543,415.66,-326.83,1153.18
4.4736,-0.0351,0.3982,-0.3357,422.38,-310.73,1154.37
4.4760,-0.0337,0.3738,-0.1791,431.48,-292.95,1154.93
4.4784,-0.0400,0.3504,-0.0337,441.63,-276.36,1155.70
4.4808,-0.0312,0.3509,0.0161,451.78,-259.00,1155.84
4.4832,-0.0386,0.3562,-0.0956,456.75,-237.51,1156.54
4.4856,-0.0595,0.3436,-0.2660,463.96,-220.85,1157.38
4.4880,-0.0547,0.3562,-0.3338,469.91,-203.00,1158.36
4.4904,-0.0556,0.3606,-0.2494,472.36,-183.54,1159.41
4.4928,-0.0590,0.3318,-0.1113,475.72,-164.71,1160.32
4.4952,-0.0586,0.3167,-0.0200,480.62,-145.95,1160.88
4.4976,-0.0586,0.3196,-0.0522,482.37,-125.51,1161.58
4.5000,-0.0683,0.3148,-0.1776,482.58,-105.21,1162.49
4.5024,-0.0776,0.3128,-0.2874,483.14,-87.01,1163.54
4.5048,-0.0732,0.3162,-0.2850,482.16,-68.46,1164.59
4.5072,-0.0722,0.3084,-0.1869,479.29,-48.79,1165.71
4.5096,-0.0678,0.2884,-0.0893,477.19,-30.38,1166.55
4.5120,-0.0566,0.2699,-0.0600,474.95,-12.04,1167.32
4.5144,-0.0742,0.2830,-0.1654,472.15,7.14,1168.09
4.5168,-0.0722,0.2835,-0.2869,464.17,22.96,1169.00
4.5192,-0.0537,0.2713,-0.3192,459.69,43.12,1170.05
4.5216,-0.0576,0.2723,-0.2635,451.85,58.17,1171.24
4.5240,-0.0293,0.2533,-0.1898,444.29,73.43,1171.59
4.5264,0.0356,0.2518,-0.1830,436.38,90.58,1172.08
4.5288,0.1732,0.1718,-0.2601,423.71,100.73,1171.10
4.5313,0.2948,0.0727,-0.4670,415.31,111.30,1171.10
4.5337,0.3948,0.0820,-1.0175,395.78,119.91,1167.39
4.5361,0.8150,-0.1581,-1.1893,366.73,104.16,1166.62
4.5385,1.6089,-0.3645,-1.3200,370.58,100.31,1154.79
4.5409,2.7670,-0.5866,-2.1745,312.90,40.95,1137.15
4.5433,5.1596,-1.3869,-4.0602,248.01,-59.43,1100.54
4.5457,8.0520,-2.2619,-6.9667,187.74,-143.50,1057.00
4.5481,9.7615,-3.1208,-10.0943,78.89,-283.08,999.18
4.5505,9.1422,-3.8166,-13.0394,-72.03,-387.94,950.25
4.5529,7.6357,-4.8351,-11.2645,-176.61,-506.24,919.80
4.5553,6.3572,-5.5876,-2.5888,-119.91,-439.81,907.34
4.5577,3.7322,-4.5794,6.8740,-74.41,-399.00,886.69
4.5601,2.0945,-3.7381,8.9519,-114.38,-521.71,846.51
4.5625,1.8510,-3.3106,1.9442,-21.70,-399.49,833.21
4.5649,0.1118,-1.8993,-6.6827,-4.90,-352.17,840.21
4.5673,-0.3182,-0.9409,-9.4731,-100.52,-540.68,841.19
4.5697,0.6529,-1.5352,-6.1239,-162.61,-499.87,848.61
4.5721,0.6549,-2.2009,1.0692,-116.97,-497.21,850.29
4.5745,0.4416,-1.8993,7.4283,-67.34,-483.21,834.89
4.5769,0.0122,-1.4269,6.3718,-71.68,-463.54,813.40
4.5793,-0.3040,-1.2947,-0.7349,-56.21,-431.90,806.19
4.5817,-0.7910,-0.8725,-6.7490,-38.85,-427.28,813.40
4.5841,-0.8057,-0.6671,-7.3581,-104.23,-497.21,818.58
4.5865,-0.3167,-1.4220,-3.0788,-134.19,-483.84,822.22
4.5889,-0.4753,-1.9954,3.0837,-84.56,-455.14,817.67
4.5913,-0.9965,-1.8837,6.1996,-50.47,-443.03,797.79
4.5938,-1.5387,-1.8232,2.6850,-64.54,-397.18,777.28
4.5962,-2.2697,-1.8285,-3.7137,-52.71,-360.71,770.98
4.5986,-2.7616,-1.5806,-7.3454,-49.42,-383.53,765.17
4.6010,-2.8260,-1.5889,-6.1781,-97.86,-369.04,761.25
4.6034,-2.8367,-2.1169,-1.9969,-112.35,-322.49,748.72
4.6058,-3.2750,-2.3536,2.1945,-64.26,-263.76,732.27
4.6082,-3.6288,-1.8110,3.1090,-38.08,-267.40,701.75
4.6106,-3.4668,-1.4625,-0.1723,-59.71,-226.80,683.20
4.6130,-3.4741,-1.1873,-4.3534,-31.57,-173.81,672.28
4.6154,-3.2447,-0.5734,-6.2000,-33.81,-169.82,667.87
4.6178,-2.7782,-0.3187,-4.3671,-65.45,-135.87,664.86
4.6202,-2.6103,-0.4714,-0.5134,-65.38,-109.62,657.79
4.6226,-2.4307,-0.4265,2.7806,-22.54,-101.15,644.35
4.6250,-2.1862,0.0249,2.9207,-6.51,-77.00,628.53
4.6274,-2.0769,0.3182,-0.1659,-18.62,-52.08,619.22
4.6298,-1.9486,0.4377,-3.4126,-3.43,-48.16,616.00
4.6322,-1.7129,0.6251,-4.1021,-9.24,-50.68,617.96
4.6346,-1.3244,0.4616,-2.0452,-31.50,-54.67,616.98
4.6370,-1.0336,0.0942,1.0531,-17.43,-35.28,614.46
4.6394,-0.9043,0.1210,2.9343,14.42,-33.46,604.73
4.6418,-0.7798,0.3035,1.9740,9.24,-16.38,597.03
4.6442,-0.7701,0.3172,-0.7857,7.84,-9.80,593.95
4.6466,-0.7232,0.3684,-2.8065,14.07,-18.06,595.35
4.6490,-0.6417,0.4465,-2.5366,1.33,-17.43,598.50
4.6514,-0.5563,0.2679,-0.5109,-14.14,-23.80,598.01
4.6538,-0.4333,0.0259,1.6987,1.89,-23.52,594.58
4.6563,-0.3299,0.0869,2.3741,20.65,-15.61,587.93
4.6587,-0.3118,0.2030,0.8921,13.79,-3.08,584.22
4.6611,-0.3621,0.2103,-1.3156,12.60,-4.69,583.66
4.6635,-0.3582,0.2508,-2.3312,12.74,-12.95,586.39
4.6659,-0.2845,0.2425,-1.4699,0.07,-17.71,588.63
4.6683,-0.2255,0.0839,0.4158,-6.30,-15.89,588.49
4.6707,-0.1771,-0.0264,1.8559,6.79,-19.32,584.36
4.6731,-0.1264,0.0512,1.6675,15.47,-10.50,579.95
4.6755,-0.1976,0.1527,0.0815,9.87,-1.54,578.27
4.6779,-0.2957,0.2040,-1.4796,7.00,-9.52,578.76
4.6803,-0.2694,0.2323,-1.7383,1.54,-19.25,580.93
4.6827,-0.1981,0.1801,-0.6198,-7.28,-20.30,581.91
4.6851,-0.1796,0.0630,0.8764,-7.07,-18.90,580.44
4.6875,-0.1469,0.0234,1.5309,4.27,-20.79,576.24
4.6899,-0.1088,0.1000,0.8452,6.72,-12.88,573.79
4.6923,-0.1566,0.1640,-0.5309,2.24,-9.66,573.16
4.6947,-0.2094,0.2006,-1.4186,0.00,-16.38,574.56
4.6971,-0.1913,0.2059,-1.1273,-5.46,-22.68,575.82
4.6995,-0.1464,0.1449,-0.0166,-10.01,-22.40,575.96
4.7019,-0.1303,0.0722,0.9902,-6.02,-22.05,573.86
4.7043,-0.1205,0.0917,1.0921,0.98,-20.58,570.99
4.7067,-0.1376,0.1762,0.2435,0.77,-15.68,569.38
4.7091,-0.1893,0.2133,-0.8174,-1.82,-15.54,569.52
4.7115,-0.2113,0.2206,-1.1932,-4.97,-21.77,570.85
4.7139,-0.1723,0.1879,-0.6471,-9.24,-25.90,571.34
4.7163,-0.1313,0.1078,0.2948,-9.52,-23.80,570.71
4.7188,-0.1161,0.1044,0.8589,-3.36,-22.33,568.47
4.7212,-0.1283,0.2191,0.6481,0.49,-19.95,566.09
4.7236,-0.1562,0.2513,-0.2845,3.22,-16.17,563.64
4.7260,-0.1850,0.2206,-1.1692,7.35,-19.60,564.41
4.7284,-0.1918,0.2411,-1.1053,2.03,-24.64,565.25
4.7308,-0.1571,0.1884,-0.3030,-4.27,-23.24,565.04
4.7332,-0.1283,0.1283,0.5597,3.43,-23.24,563.43
4.7356,-0.1088,0.1884,0.7886,13.79,-20.37,560.14
4.7380,-0.1132,0.2406,0.1337,13.58,-14.28,557.97
4.7404,-0.1493,0.2552,-0.7505,14.63,-14.28,557.83
4.7428,-0.1728,0.2806,-1.1165,14.63,-16.66,558.11
4.7452,-0.1537,0.3143,-0.6852,12.60,-19.53,558.32
4.7476,-0.1088,0.2718,0.0600,11.55,-16.03,556.71
4.7500,-0.1230,0.2162,0.4675,21.77,-10.29,554.40
4.7524,-0.1254,0.2904,0.2752,27.72,-11.27,551.67
4.7548,-0.1113,0.3640,-0.3611,26.81,-3.71,550.20
4.7572,-0.1581,0.4158,-0.9091,30.45,-0.98,549.22
4.7596,-0.1698,0.4656,-0.9116,31.08,-5.53,548.31
4.7620,-0.1088,0.4626,-0.4377,31.08,-6.23,546.28
4.7644,-0.0590,0.4382,0.0649,36.47,-0.21,543.83
4.7668,-0.0595,0.4758,0.2420,43.75,2.52,540.26
4.7692,-0.0532,0.5470,-0.1015,47.60,4.48,536.41
4.7716,-0.0610,0.5885,-0.6910,52.64,6.23,533.40
4.7740,-0.0737,0.7056,-1.0736,61.18,4.48,530.74
4.7764,-0.0512,0.7681,-0.9414,60.20,2.45,527.73
4.7788,-0.0449,0.7110,-0.5290,67.55,3.29,523.53
4.7813,-0.0395,0.7037,-0.1898,79.31,1.82,518.63
4.7837,-0.0366,0.6974,-0.2489,92.68,5.18,512.33
4.7861,-0.0742,0.7871,-0.5827,96.46,6.93,509.32
4.7885,-0.0254,0.8618,-0.8926,101.50,2.24,503.65
4.7909,0.0166,0.8926,-0.9706,113.47,7.84,500.29
4.7933,0.0317,0.9238,-0.6705,113.61,2.52,494.97
4.7957,0.0927,0.8350,-0.4148,117.60,0.77,489.58
4.7981,0.1547,0.8408,-0.3792,136.85,-1.61,483.35
4.8005,0.2582,0.9457,-0.6110,144.69,0.00,478.10
4.8029,0.2430,0.9721,-0.9438,144.34,6.02,473.69
4.8053,0.2084,0.8608,-1.1990,154.42,-4.34,468.51
4.8077,0.2689,0.7535,-1.0790,167.51,-7.91,464.80
4.8101,0.2718,0.8306,-0.7818,174.79,-5.04,460.95
4.8125,0.3431,0.7676,-0.6856,180.88,-18.20,454.23
4.8149,0.4797,0.7720,-0.6183,195.86,-19.60,449.26
4.8173,0.4870,0.8813,-0.8564,194.25,-15.33,443.59
4.8197,0.5529,0.8037,-1.1146,205.24,-32.69,438.27
4.8221,0.6154,0.7374,-1.1683,211.61,-24.99,432.88
4.8245,0.5763,0.6564,-1.4986,231.49,-48.58,424.62
4.8269,0.7964,0.6764,-1.1805,217.28,-65.59,421.89
4.8293,0.8784,0.6803,-1.1117,237.44,-46.41,410.69
4.8317,0.7525,0.5646,-1.1732,237.30,-76.09,408.45
4.8341,1.0155,0.5749,-0.8916,246.12,-95.55,395.29
4.8365,1.0721,0.4690,-1.2268,234.08,-71.40,393.12
4.8389,1.0360,0.3094,-1.4050,255.01,-102.90,381.50
4.8413,1.1727,0.4246,-1.4093,249.06,-116.62,378.07
4.8438,1.3034,0.3528,-1.7461,218.26,-114.03,367.92
4.8462,1.2566,0.2484,-2.2360,253.05,-135.59,359.94
4.8486,1.4093,0.4011,-2.0657,262.15,-177.80,349.09
4.8510,1.6177,0.4475,-2.0272,214.34,-134.05,343.42
4.8534,1.2439,0.1161,-2.7582,189.56,-136.85,333.13
4.8558,1.1448,-0.1327,-2.6401,202.65,-185.71,328.86
4.8582,1.3630,0.2123,-1.6153,201.25,-177.87,316.68
4.8606,1.3278,-0.1200,-1.3488,141.05,-147.63,310.73
4.8630,1.1263,-0.4587,-1.7792,194.95,-154.63,299.46
4.8654,1.1707,-0.1039,-2.3663,182.35,-169.26,291.20
4.8678,1.4054,-0.0908,-2.7821,145.74,-155.61,281.33
4.8702,1.4123,-0.4158,-2.8675,119.35,-136.71,273.42
4.8726,1.2517,-0.5978,-2.1999,137.62,-145.11,263.13
4.8750,1.4874,-0.5202,-1.3820,118.65,-157.01,247.45
4.8774,1.6763,-0.7876,-1.4147,87.71,-118.37,234.43
4.8798,1.5880,-0.8555,-2.2175,92.19,-112.84,217.14
4.8822,1.3396,-0.7745,-2.7875,62.16,-93.66,206.85
4.8846,1.0180,-0.7793,-2.6303,46.13,-110.46,193.62
4.8870,1.3015,-0.8042,-2.0955,26.25,-113.82,180.88
4.8894,1.2727,-0.8755,-1.2039,19.88,-35.49,175.00
4.8918,0.8516,-0.8350,-0.7559,11.62,-61.60,159.81
4.8942,1.2019,-0.8467,-0.6134,11.48,-78.75,147.84
4.8966,1.0751,-0.6856,-0.9150,18.83,-6.09,140.49
4.8990,0.6388,-0.5963,-1.4430,2.59,-26.81,128.94
4.9014,0.7793,-0.5778,-1.5045,4.48,-42.35,121.45
4.9038,0.8506,-0.5041,-1.1302,-3.78,-20.72,115.92
4.9063,0.7076,-0.5378,-0.5046,-1.26,11.55,108.85
4.9087,0.4372,-0.5285,-0.1928,1.33,1.82,101.29
4.9111,0.5226,-0.4704,-0.1810,3.78,-15.40,93.45
4.9135,0.5749,-0.4143,-0.5217,4.76,23.24,87.08
4.9159,0.3148,-0.3645,-0.9472,-3.92,12.95,83.72
4.9183,0.3987,-0.3138,-0.8857,0.14,-6.23,77.42
4.9207,0.4651,-0.2938,-0.5217,0.49,26.81,74.06
4.9231,0.2660,-0.2835,-0.1659,-0.91,20.79,68.81
4.9255,0.2396,-0.2830,-0.0976,0.56,11.97,63.42
4.9279,0.2855,-0.2416,-0.3445,3.22,17.36,59.78
4.9303,0.2259,-0.1835,-0.7013,-0.77,30.24,57.05
4.9327,0.0688,-0.1659,-0.9248,-4.20,23.59,54.25
4.9351,0.1410,-0.1732,-0.7462,-7.63,3.64,50.26
4.9375,0.2298,-0.1869,-0.4055,-9.31,23.87,48.86
4.9399,0.0703,-0.1679,-0.2352,-10.64,23.80,45.50
4.9423,0.0664,-0.1620,-0.2865,-12.53,7.28,42.00
4.9447,0.1152,-0.1318,-0.5348,-13.86,17.85,40.53
4.9471,0.0283,-0.1093,-0.8311,-18.83,17.43,38.99
4.9495,0.0166,-0.1293,-0.8833,-21.84,7.21,37.80
4.9519,0.0625,-0.1357,-0.6578,-23.45,8.47,36.82
4.9543,0.0590,-0.1166,-0.3558,-25.27,14.42,35.70
4.9567,-0.0054,-0.1264,-0.3440,-28.21,16.87,33.53
4.9591,-0.0478,-0.0834,-0.6637,-26.95,10.64,31.78
4.9615,-0.0444,-0.0166,-1.0399,-33.25,17.99,31.57
4.9639,-0.1240,0.0020,-1.2903,-39.41,21.07,31.64
4.9663,-0.1137,0.0034,-1.1771,-46.41,8.12,31.36
4.9688,-0.0488,-0.0332,-0.8774,-48.58,16.24,30.94
4.9712,-0.0781,-0.0517,-0.6183,-48.86,14.98,30.52
4.9736,-0.0376,-0.0449,-0.5583,-45.57,19.11,28.91
4.9760,-0.1396,-0.0381,-1.0448,-39.97,27.72,27.65
4.9784,-0.1010,0.0254,-1.3654,-51.10,4.34,28.07
4.9808,0.0005,-0.0171,-1.3976,-58.10,32.55,28.21
4.9832,-0.1830,-0.0425,-1.3244,-47.88,22.47,28.98
4.9856,-0.0913,0.0390,-0.9814,-50.33,7.98,26.25
4.9880,-0.0034,-0.0254,-0.9218,-53.48,31.08,26.18
4.9904,-0.1527,-0.0371,-1.1395,-43.40,27.23,25.20
4.9928,-0.1732,0.0425,-1.4357,-44.94,11.83,23.59
4.9952,-0.0708,0.0527,-1.6773,-50.26,8.68,22.82
4.9976,-0.0454,-0.0020,-1.6167,-46.55,18.83,23.24
5.0000,-0.0991,0.0078,-1.2010,-42.56,13.65,22.61
5.0024,-0.0551,0.0200,-0.8950,-43.33,8.33,19.81
5.0048,-0.0395,0.0127,-1.0228,-36.75,17.71,18.69
5.0072,-0.1127,0.0615,-1.3386,-35.35,16.87,17.22
5.0096,-0.1171,0.0834,-1.4874,-37.03,11.06,16.31
5.0120,-0.0859,0.0542,-1.3474,-34.65,13.51,15.26
5.0144,-0.1225,0.0415,-1.0643,-31.50,14.07,14.07
5.0168,-0.1874,0.0581,-0.9179,-29.82,6.86,11.20
5.0192,-0.1552,0.0844,-1.0321,-24.85,-1.89,9.03
5.0216,-0.1127,0.1200,-1.1409,-23.87,9.73,8.75
5.0240,-0.2123,0.1122,-1.2366,-20.86,13.65,6.58
5.0264,-0.2206,0.1220,-1.1888,-17.29,2.94,4.83
5.0288,-0.2015,0.1176,-1.0409,-14.84,9.80,3.64
5.0313,-0.2094,0.1196,-0.8691,-16.66,-3.71,2.52
5.0337,-0.1074,0.0942,-0.7818,-13.58,1.75,0.07
5.0361,-0.1474,0.0859,-0.9418,-8.89,11.48,0.56
5.0385,-0.1850,0.1513,-1.0233,-9.38,3.22,-0.63
5.0409,-0.1566,0.1264,-1.0834,-9.80,8.61,-1.05
5.0433,-0.2069,0.1381,-1.0502,-5.04,3.71,-1.47
5.0457,-0.1723,0.1815,-0.9082,-8.61,-0.84,-2.45
5.0481,-0.1523,0.1527,-0.8755,-10.01,6.65,-2.87
5.0505,-0.1952,0.1557,-0.9267,-6.09,3.99,-3.85
5.0529,-0.1737,0.1967,-0.9623,-5.04,1.89,-4.48
5.0553,-0.1693,0.1996,-0.9682,-7.07,7.00,-4.62
5.0577,-0.1874,0.1854,-1.0082,-6.09,3.64,-5.18
5.0601,-0.1718,0.2054,-1.0106,-4.76,1.96,-5.11
5.0625,-0.1615,0.2181,-0.9823,-5.11,3.78,-5.67
5.0649,-0.1479,0.2054,-0.9594,-6.30,4.27,-5.39
5.0673,-0.1527,0.1981,-0.9072,-4.83,4.55,-5.53
5.0697,-0.1435,0.2011,-0.8965,-3.92,0.84,-5.81
5.0721,-0.1098,0.1864,-0.9453,-3.78,2.38,-5.60
5.0745,-0.1083,0.1884,-0.9892,-2.52,3.08,-5.04
5.0769,-0.1078,0.1962,-0.9726,-2.80,1.75,-4.69
5.0793,-0.0805,0.1684,-0.9448,-2.03,0.63,-4.27
5.0817,-0.0542,0.1698,-0.9272,-1.19,1.96,-3.15
5.0841,-0.0542,0.1444,-0.9589,-2.31,2.24,-2.87
5.0865,-0.0376,0.1132,-1.0175,2.31,-1.68,-2.24
5.0889,0.0049,0.1152,-0.9916,1.82,-2.10,-1.33
5.0913,0.0224,0.0927,-0.9643,0.84,-0.07,-0.56
5.0938,0.0268,0.0610,-0.9614,0.63,-2.24,0.35
5.0962,0.0566,0.0459,-0.9701,2.17,-3.99,0.77
5.0986,0.0742,0.0390,-1.0024,0.35,-1.54,1.54
5.1010,0.0669,0.0190,-1.0185,0.21,-1.82,1.89
5.1034,0.0683,0.0083,-1.0131,0.56,-2.73,2.17
5.1058,0.0703,0.0088,-0.9936,0.98,-2.94,2.17
5.1082,0.0615,0.0093,-0.9911,-0.07,-2.17,2.10
5.1106,0.0547,0.0024,-1.0028,-0.14,-2.94,1.75
5.1130,0.0542,0.0039,-1.0028,0.70,-2.73,1.26
5.1154,0.0429,0.0171,-1.0063,0.42,-2.03,0.77
5.1178,0.0366,0.0249,-1.0048,-0.35,-3.15,0.21
