# throw_id=95,class=backhand,name=,samples=2063,sample_rate_hz=416.0,dropped=0,peak_accel_g=16.7884,peak_gyro_dps=2366.24
time_s,ax_g,ay_g,az_g,gx_dps,gy_dps,gz_dps
0.0000,-0.0063,0.0634,-0.9882,0.56,-2.24,-0.63
0.0024,-0.0049,0.0625,-0.9897,0.56,-2.31,-0.70
0.0048,-0.0059,0.0615,-0.9892,0.56,-2.17,-0.63
0.0072,-0.0059,0.0620,-0.9892,0.63,-2.10,-0.63
0.0096,-0.0059,0.0615,-0.9897,0.63,-2.31,-0.63
0.0120,-0.0059,0.0605,-0.9892,0.56,-2.17,-0.56
0.0144,-0.0044,0.0610,-0.9892,0.63,-2.24,-0.63
0.0168,-0.0063,0.0610,-0.9887,0.63,-2.24,-0.63
0.0192,-0.0073,0.0615,-0.9872,0.56,-2.17,-0.56
0.0216,-0.0068,0.0620,-0.9862,0.63,-2.24,-0.56
0.0240,-0.0068,0.0620,-0.9872,0.49,-2.38,-0.56
0.0264,-0.0063,0.0615,-0.9877,0.49,-2.31,-0.63
0.0288,-0.0068,0.0620,-0.9877,0.56,-2.17,-0.63
0.0313,-0.0063,0.0620,-0.9882,0.56,-2.17,-0.70
0.0337,-0.0049,0.0605,-0.9892,0.56,-2.24,-0.70
0.0361,-0.0039,0.0615,-0.9882,0.63,-2.17,-0.56
0.0385,-0.0044,0.0625,-0.9872,0.56,-2.24,-0.70
0.0409,-0.0054,0.0620,-0.9887,0.56,-2.17,-0.63
0.0433,-0.0044,0.0600,-0.9902,0.56,-2.17,-0.70
0.0457,-0.0029,0.0595,-0.9911,0.56,-2.17,-0.63
0.0481,-0.0063,0.0610,-0.9887,0.63,-2.45,-0.77
0.0505,-0.0063,0.0610,-0.9887,0.56,-2.17,-0.56
0.0529,-0.0059,0.0625,-0.9882,0.49,-2.03,-0.70
0.0553,-0.0068,0.0620,-0.9877,0.56,-2.17,-0.63
0.0577,-0.0068,0.0615,-0.9872,0.56,-2.24,-0.56
0.0601,-0.0073,0.0620,-0.9877,0.63,-2.17,-0.63
0.0625,-0.0073,0.0605,-0.9872,0.56,-2.17,-0.56
0.0649,-0.0054,0.0586,-0.9853,0.49,-2.31,-0.63
0.0673,-0.0073,0.0590,-0.9858,0.70,-2.17,-0.56
0.0697,-0.0083,0.0590,-0.9867,0.63,-2.17,-0.56
0.0721,-0.0083,0.0586,-0.9897,0.56,-2.10,-0.63
0.0745,-0.0044,0.0634,-0.9916,0.63,-2.31,-0.63
0.0769,-0.0020,0.0659,-0.9858,0.49,-2.31,-0.70
0.0793,-0.0078,0.0571,-0.9765,-0.07,-1.75,-0.56
0.0817,-0.0112,0.0547,-0.9804,0.56,-2.59,-0.70
0.0841,-0.0063,0.0610,-0.9926,0.91,-2.59,-0.77
0.0865,-0.0083,0.0654,-0.9975,0.49,-1.61,-0.70
0.0889,-0.0098,0.0634,-0.9906,0.28,-2.52,-0.70
0.0913,0.0034,0.0610,-0.9819,0.56,-3.01,-0.70
0.0938,0.0049,0.0605,-0.9833,0.63,-1.40,-0.56
0.0962,-0.0102,0.0600,-0.9921,0.49,-1.68,-0.63
0.0986,-0.0078,0.0576,-1.0009,0.63,-3.01,-0.70
0.1010,0.0020,0.0551,-0.9994,0.56,-2.17,-0.56
0.1034,-0.0044,0.0581,-0.9897,0.56,-1.61,-0.56
0.1058,-0.0093,0.0600,-0.9828,0.56,-2.52,-0.63
0.1082,-0.0039,0.0630,-0.9775,0.63,-2.66,-0.63
0.1106,-0.0034,0.0669,-0.9799,0.49,-1.89,-0.63
0.1130,-0.0093,0.0669,-0.9882,0.56,-2.17,-0.63
0.1154,-0.0059,0.0649,-0.9936,0.56,-2.59,-0.63
0.1178,-0.0034,0.0600,-0.9911,0.35,-1.96,-0.56
0.1202,-0.0107,0.0595,-0.9828,0.35,-2.10,-0.63
0.1226,-0.0137,0.0620,-0.9833,0.77,-2.52,-0.77
0.1250,-0.0137,0.0625,-0.9960,0.63,-2.03,-0.77
0.1274,-0.0142,0.0634,-1.0043,0.56,-2.10,-0.70
0.1298,-0.0093,0.0654,-0.9955,0.70,-2.52,-0.63
0.1322,-0.0005,0.0649,-0.9848,0.56,-2.31,-0.77
0.1346,0.0034,0.0615,-0.9823,0.49,-1.89,-0.63
0.1370,0.0029,0.0547,-0.9853,0.42,-2.10,-0.63
0.1394,0.0024,0.0522,-0.9887,0.56,-2.17,-0.49
0.1418,-0.0020,0.0547,-0.9877,0.63,-2.10,-0.63
0.1442,-0.0063,0.0571,-0.9858,0.56,-2.24,-0.56
0.1466,-0.0073,0.0610,-0.9838,0.63,-2.31,-0.56
0.1490,-0.0073,0.0634,-0.9819,0.63,-2.03,-0.63
0.1514,-0.0107,0.0669,-0.9833,0.63,-2.03,-0.70
0.1538,-0.0117,0.0678,-0.9906,0.49,-2.24,-0.70
0.1563,-0.0083,0.0634,-0.9960,0.42,-2.24,-0.77
0.1587,-0.0029,0.0600,-0.9950,0.56,-2.03,-0.70
0.1611,-0.0020,0.0586,-0.9916,0.56,-2.03,-0.63
0.1635,-0.0020,0.0590,-0.9902,0.63,-2.24,-0.63
0.1659,-0.0034,0.0586,-0.9897,0.56,-2.24,-0.63
0.1683,-0.0088,0.0586,-0.9862,0.56,-2.24,-0.63
0.1707,-0.0107,0.0605,-0.9858,0.63,-2.31,-0.63
0.1731,-0.0083,0.0630,-0.9887,0.56,-2.24,-0.63
0.1755,-0.0054,0.0639,-0.9911,0.63,-2.17,-0.63
0.1779,-0.0054,0.0639,-0.9941,0.56,-2.17,-0.77
0.1803,-0.0063,0.0630,-0.9945,0.49,-2.17,-0.70
0.1827,-0.0073,0.0615,-0.9936,0.49,-2.17,-0.70
0.1851,-0.0068,0.0595,-0.9902,0.56,-2.38,-0.63
0.1875,-0.0054,0.0590,-0.9843,0.56,-2.24,-0.56
0.1899,-0.0059,0.0581,-0.9819,0.56,-2.17,-0.63
0.1923,-0.0068,0.0590,-0.9828,0.63,-2.24,-0.70
0.1947,-0.0054,0.0610,-0.9853,0.56,-2.24,-0.77
0.1971,-0.0034,0.0600,-0.9867,0.56,-2.24,-0.70
0.1995,-0.0039,0.0615,-0.9872,0.56,-2.17,-0.70
0.2019,-0.0039,0.0605,-0.9872,0.56,-2.45,-0.84
0.2043,-0.0034,0.0581,-0.9877,0.49,-2.24,-0.70
0.2067,-0.0044,0.0595,-0.9897,0.49,-2.17,-0.63
0.2091,-0.0049,0.0600,-0.9902,0.56,-2.17,-0.63
0.2115,-0.0059,0.0605,-0.9882,0.63,-2.17,-0.63
0.2139,-0.0044,0.0605,-0.9872,0.63,-2.24,-0.70
0.2163,-0.0029,0.0595,-0.9853,0.63,-2.24,-0.70
0.2188,-0.0024,0.0600,-0.9848,0.63,-2.17,-0.63
0.2212,-0.0029,0.0610,-0.9872,0.63,-2.24,-0.63
0.2236,-0.0024,0.0630,-0.9887,0.56,-2.10,-0.70
0.2260,-0.0029,0.0610,-0.9887,0.49,-2.17,-0.63
0.2284,-0.0039,0.0620,-0.9897,0.56,-2.17,-0.63
0.2308,-0.0059,0.0644,-0.9892,0.56,-2.24,-0.63
0.2332,-0.0073,0.0634,-0.9892,0.56,-2.10,-0.56
0.2356,-0.0063,0.0605,-0.9906,0.49,-2.17,-0.70
0.2380,-0.0059,0.0581,-0.9882,0.56,-2.10,-0.63
0.2404,-0.0059,0.0576,-0.9862,0.49,-2.10,-0.70
0.2428,-0.0059,0.0605,-0.9867,0.49,-2.24,-0.70
0.2452,-0.0054,0.0610,-0.9853,0.63,-2.17,-0.63
0.2476,-0.0044,0.0595,-0.9858,0.49,-2.24,-0.63
0.2500,-0.0024,0.0610,-0.9882,0.56,-2.24,-0.77
0.2524,-0.0034,0.0620,-0.9882,0.56,-2.17,-0.70
0.2548,-0.0044,0.0620,-0.9867,0.56,-2.17,-0.63
0.2572,-0.0044,0.0634,-0.9877,0.63,-2.31,-0.70
0.2596,-0.0068,0.0630,-0.9892,0.49,-2.24,-0.63
0.2620,-0.0068,0.0610,-0.9887,0.49,-2.24,-0.70
0.2644,-0.0044,0.0595,-0.9877,0.49,-2.24,-0.70
0.2668,-0.0059,0.0600,-0.9867,0.56,-2.17,-0.63
0.2692,-0.0073,0.0605,-0.9872,0.56,-2.10,-0.70
0.2716,-0.0063,0.0605,-0.9867,0.63,-2.17,-0.63
0.2740,-0.0049,0.0625,-0.9872,0.56,-2.24,-0.63
0.2764,-0.0039,0.0600,-0.9887,0.63,-2.17,-0.70
0.2788,-0.0039,0.0595,-0.9887,0.56,-2.24,-0.70
0.2813,-0.0044,0.0615,-0.9872,0.63,-2.24,-0.63
0.2837,-0.0054,0.0605,-0.9882,0.63,-2.17,-0.63
0.2861,-0.0068,0.0615,-0.9897,0.63,-2.24,-0.63
0.2885,-0.0054,0.0625,-0.9892,0.63,-2.17,-0.56
0.2909,-0.0059,0.0590,-0.9887,0.56,-2.24,-0.63
0.2933,-0.0063,0.0576,-0.9872,0.56,-2.24,-0.70
0.2957,-0.0068,0.0600,-0.9862,0.56,-2.17,-0.63
0.2981,-0.0054,0.0595,-0.9887,0.56,-2.24,-0.70
0.3005,-0.0039,0.0586,-0.9902,0.56,-2.17,-0.63
0.3029,-0.0054,0.0610,-0.9916,0.56,-2.17,-0.56
0.3053,-0.0059,0.0625,-0.9911,0.56,-2.17,-0.56
0.3077,-0.0059,0.0625,-0.9892,0.49,-2.17,-0.70
0.3101,-0.0044,0.0615,-0.9892,0.49,-2.17,-0.70
0.3125,-0.0044,0.0610,-0.9887,0.56,-2.17,-0.70
0.3149,-0.0068,0.0610,-0.9911,0.56,-2.24,-0.63
0.3173,-0.0063,0.0620,-0.9897,0.56,-2.31,-0.70
0.3197,-0.0034,0.0610,-0.9892,0.63,-2.24,-0.70
0.3221,-0.0049,0.0605,-0.9877,0.56,-2.10,-0.56
0.3245,-0.0073,0.0620,-0.9867,0.49,-2.17,-0.70
0.3269,-0.0083,0.0634,-0.9887,0.56,-2.24,-0.56
0.3293,-0.0078,0.0649,-0.9882,0.63,-2.24,-0.63
0.3317,-0.0068,0.0620,-0.9892,0.49,-2.17,-0.63
0.3341,-0.0049,0.0605,-0.9887,0.49,-2.17,-0.63
0.3365,-0.0034,0.0610,-0.9872,0.56,-2.17,-0.63
0.3389,-0.0029,0.0625,-0.9877,0.56,-2.17,-0.63
0.3413,-0.0034,0.0625,-0.9877,0.49,-2.24,-0.70
0.3438,-0.0034,0.0605,-0.9887,0.56,-2.31,-0.70
0.3462,-0.0059,0.0605,-0.9887,0.63,-2.10,-0.63
0.3486,-0.0073,0.0605,-0.9882,0.63,-2.24,-0.63
0.3510,-0.0059,0.0600,-0.9882,0.56,-2.31,-0.70
0.3534,-0.0054,0.0595,-0.9858,0.56,-2.10,-0.70
0.3558,-0.0049,0.0605,-0.9858,0.49,-2.17,-0.63
0.3582,-0.0029,0.0605,-0.9897,0.56,-2.24,-0.63
0.3606,-0.0039,0.0586,-0.9911,0.56,-2.10,-0.63
0.3630,-0.0059,0.0605,-0.9892,0.56,-2.10,-0.63
0.3654,-0.0059,0.0625,-0.9877,0.56,-2.31,-0.63
0.3678,-0.0059,0.0620,-0.9872,0.56,-2.24,-0.63
0.3702,-0.0063,0.0610,-0.9882,0.56,-2.31,-0.63
0.3726,-0.0063,0.0610,-0.9906,0.49,-2.24,-0.63
0.3750,-0.0049,0.0605,-0.9902,0.56,-2.24,-0.70
0.3774,-0.0049,0.0600,-0.9882,0.63,-2.10,-0.56
0.3798,-0.0068,0.0605,-0.9877,0.63,-2.17,-0.70
0.3822,-0.0068,0.0610,-0.9892,0.56,-2.31,-0.63
0.3846,-0.0059,0.0610,-0.9897,0.63,-2.31,-0.70
0.3870,-0.0059,0.0586,-0.9882,0.63,-2.17,-0.63
0.3894,-0.0049,0.0581,-0.9877,0.56,-2.24,-0.63
0.3918,-0.0044,0.0595,-0.9877,0.63,-2.17,-0.63
0.3942,-0.0049,0.0595,-0.9872,0.56,-2.17,-0.63
0.3966,-0.0044,0.0605,-0.9867,0.56,-2.24,-0.56
0.3990,-0.0059,0.0610,-0.9862,0.56,-2.31,-0.70
0.4014,-0.0054,0.0605,-0.9872,0.56,-2.10,-0.63
0.4038,-0.0049,0.0600,-0.9877,0.49,-2.24,-0.63
0.4063,-0.0044,0.0600,-0.9902,0.56,-2.31,-0.77
0.4087,-0.0049,0.0620,-0.9911,0.56,-2.17,-0.63
0.4111,-0.0044,0.0610,-0.9892,0.49,-2.24,-0.63
0.4135,-0.0029,0.0590,-0.9867,0.56,-2.31,-0.70
0.4159,-0.0034,0.0595,-0.9848,0.63,-2.24,-0.63
0.4183,-0.0054,0.0600,-0.9867,0.63,-2.24,-0.70
0.4207,-0.0078,0.0581,-0.9882,0.49,-2.24,-0.70
0.4231,-0.0078,0.0581,-0.9902,0.56,-2.38,-0.70
0.4255,-0.0054,0.0615,-0.9887,0.49,-2.17,-0.63
0.4279,-0.0034,0.0620,-0.9843,0.42,-2.17,-0.63
0.4303,-0.0039,0.0600,-0.9867,0.56,-2.31,-0.70
0.4327,-0.0044,0.0600,-0.9911,0.49,-2.24,-0.63
0.4351,-0.0059,0.0615,-0.9926,0.49,-2.24,-0.70
0.4375,-0.0063,0.0620,-0.9911,0.56,-2.31,-0.70
0.4399,-0.0068,0.0630,-0.9887,0.70,-2.24,-0.70
0.4423,-0.0078,0.0620,-0.9877,0.63,-2.24,-0.56
0.4447,-0.0054,0.0595,-0.9867,0.56,-2.24,-0.70
0.4471,-0.0034,0.0595,-0.9872,0.49,-2.17,-0.70
0.4495,-0.0029,0.0590,-0.9902,0.49,-2.17,-0.63
0.4519,-0.0049,0.0605,-0.9906,0.56,-2.10,-0.63
0.4543,-0.0059,0.0625,-0.9897,0.63,-2.17,-0.63
0.4567,-0.0044,0.0625,-0.9882,0.56,-2.24,-0.63
0.4591,-0.0054,0.0615,-0.9858,0.56,-2.17,-0.56
0.4615,-0.0078,0.0620,-0.9872,0.42,-2.17,-0.63
0.4639,-0.0078,0.0625,-0.9902,0.49,-2.24,-0.63
0.4663,-0.0063,0.0625,-0.9892,0.56,-2.31,-0.77
0.4688,-0.0039,0.0605,-0.9877,0.49,-2.17,-0.63
0.4712,-0.0010,0.0590,-0.9867,0.49,-2.38,-0.63
0.4736,-0.0024,0.0605,-0.9838,0.70,-2.10,-0.56
0.4760,-0.0068,0.0625,-0.9853,0.56,-2.10,-0.63
0.4784,-0.0078,0.0625,-0.9862,0.28,-2.24,-0.63
0.4808,-0.0068,0.0615,-0.9897,0.28,-2.17,-0.70
0.4832,-0.0059,0.0625,-0.9960,0.70,-2.31,-0.77
0.4856,-0.0034,0.0649,-0.9975,0.63,-2.17,-0.70
0.4880,-0.0054,0.0644,-0.9911,0.56,-1.82,-0.70
0.4904,-0.0190,0.0683,-0.9833,0.63,-2.45,-0.77
0.4928,-0.1249,0.0834,-1.3464,5.11,0.42,-2.45
0.4952,0.5090,0.9984,-0.8462,21.35,-32.97,-1.26
0.4976,1.4328,0.2411,4.7785,-272.02,84.91,27.37
0.5000,0.1469,-1.1161,4.9542,-69.44,271.60,2.59
0.5024,-0.6329,0.0283,0.1908,-24.01,4.90,-0.70
0.5048,1.1922,0.8916,-2.6006,-123.48,102.97,-6.72
0.5072,-0.5080,-0.0029,-6.7612,-156.59,299.88,14.21
0.5096,-1.0892,-0.3323,-5.9931,-11.55,-114.66,-2.80
0.5120,0.8081,0.5373,-1.7949,-32.06,60.27,7.98
0.5144,-0.2865,-0.0551,0.5685,-102.13,87.43,2.17
0.5168,-0.2259,-0.4943,0.9179,23.80,-59.57,-11.20
0.5192,0.6188,0.2806,0.4309,15.75,-0.07,-8.96
0.5216,0.1615,0.3489,-2.1443,-31.92,66.64,-9.52
0.5240,-0.6002,-0.0264,-4.4359,12.53,-6.65,-5.53
0.5264,-0.5222,0.3514,-4.0914,63.63,-70.21,-10.15
0.5288,-0.1947,0.7798,-1.4337,-9.66,-5.53,-0.91
0.5313,-0.0034,-0.0878,3.0476,-66.43,31.29,-4.90
0.5337,-0.0439,-0.4865,3.6210,64.89,53.20,-20.86
0.5361,0.2494,0.2416,-0.0996,63.63,-41.86,-25.06
0.5385,0.8628,0.3733,-4.1046,13.93,34.65,-14.49
0.5409,-0.2020,0.0317,-6.1698,21.77,73.71,1.12
0.5433,-0.5080,0.1488,-4.3452,55.86,-113.05,0.07
0.5457,0.5026,0.3792,-0.2704,22.26,-73.50,6.30
0.5481,0.3704,0.0908,2.4883,15.19,-12.11,4.06
0.5505,-0.0200,0.0878,2.3741,54.95,-36.82,-3.85
0.5529,0.1459,0.4065,0.0908,33.67,-49.56,-8.82
0.5553,0.2211,0.2855,-2.4341,-2.66,12.11,-2.94
0.5577,-0.2689,0.0712,-3.2193,7.56,15.26,0.84
0.5601,-0.2601,0.1137,-1.8505,5.81,-47.46,0.35
0.5625,0.1435,-0.0400,0.2108,-16.38,-18.62,0.77
0.5649,-0.0244,-0.2747,0.9506,2.66,17.01,-1.61
0.5673,-0.2294,-0.1147,0.0913,22.89,-11.27,-6.23
0.5697,-0.0473,0.0795,-1.4860,5.25,-15.82,-6.93
0.5721,-0.0434,-0.0029,-2.6035,-4.48,10.22,-2.66
0.5745,-0.2074,-0.0468,-2.2956,6.30,-5.11,-0.91
0.5769,-0.1005,-0.0161,-0.9267,0.28,-23.24,-1.19
0.5793,0.0459,-0.1420,0.1274,-4.06,-9.38,-2.80
0.5817,-0.0342,-0.1747,0.0054,16.03,3.22,-4.76
0.5841,-0.1127,0.0337,-0.9487,19.95,-9.73,-6.37
0.5865,-0.0239,0.1318,-1.9071,4.90,-13.02,-5.18
0.5889,-0.0073,0.0786,-2.1126,4.62,-4.76,-2.45
0.5913,-0.0356,0.0952,-1.3859,8.89,-13.93,-1.54
0.5938,0.0512,0.1069,-0.4041,1.82,-17.57,-2.03
0.5962,0.1010,0.0390,-0.0386,2.24,-7.77,-3.22
0.5986,0.0512,0.0615,-0.4734,12.11,-2.03,-4.20
0.6010,0.0059,0.1630,-1.2288,7.98,-4.55,-4.06
0.6034,0.0176,0.1640,-1.6738,-0.63,-7.28,-2.87
0.6058,0.0361,0.1035,-1.4420,-0.56,-5.60,-1.47
0.6082,0.0322,0.0874,-0.7686,0.98,-5.88,-1.54
0.6106,0.0522,0.0634,-0.2874,-1.82,-6.30,-2.80
0.6130,0.0673,0.0278,-0.4006,1.61,-0.98,-3.85
0.6154,0.0244,0.0766,-0.9135,5.18,2.03,-4.06
0.6178,0.0005,0.1264,-1.3469,-0.07,-2.45,-3.92
0.6202,0.0229,0.0986,-1.4074,-2.38,-3.92,-3.22
0.6226,0.0288,0.0805,-1.0907,0.91,-3.08,-3.01
0.6250,0.0171,0.0961,-0.6974,1.47,-3.08,-3.78
0.6274,0.0171,0.0937,-0.6061,1.68,-3.78,-5.04
0.6298,0.0273,0.1020,-0.8647,5.60,-2.80,-5.88
0.6322,0.0176,0.1547,-1.2024,7.07,-2.03,-5.95
0.6346,0.0102,0.1845,-1.3581,3.78,-4.48,-6.02
0.6370,0.0312,0.1728,-1.2371,3.85,-6.58,-6.16
0.6394,0.0478,0.1757,-0.9550,6.44,-6.16,-6.72
0.6418,0.0473,0.2025,-0.7662,7.56,-5.95,-7.98
0.6442,0.0566,0.2289,-0.8316,7.63,-6.37,-9.38
0.6466,0.0932,0.2625,-1.0516,9.73,-6.79,-10.36
0.6490,0.1601,0.3240,-1.2332,11.06,-10.22,-11.13
0.6514,0.2850,0.3806,-1.2869,11.06,-14.63,-11.69
0.6538,0.4470,0.4138,-1.1741,12.81,-16.87,-11.48
0.6563,0.5939,0.4490,-1.0111,15.96,-18.76,-11.06
0.6587,0.7096,0.4646,-0.8989,16.94,-19.32,-9.94
0.6611,0.7666,0.4685,-0.8877,20.16,-15.47,-8.33
0.6635,0.7793,0.4714,-1.0629,24.29,-17.01,-6.72
0.6659,0.8052,0.4807,-1.3454,31.29,-25.69,-4.41
0.6683,0.8657,0.5061,-1.5797,37.59,-35.28,-1.05
0.6707,0.9170,0.5124,-1.6616,42.77,-40.53,3.15
0.6731,0.9243,0.4924,-1.5406,47.81,-50.19,7.56
0.6755,0.9687,0.4709,-1.3303,55.86,-63.35,11.27
0.6779,1.0297,0.4646,-1.1985,63.77,-68.67,15.47
0.6803,1.0165,0.4738,-1.2161,70.42,-72.66,19.67
0.6827,0.9653,0.4431,-1.3479,73.71,-79.03,24.08
0.6851,0.9277,0.4011,-1.3986,81.06,-85.61,28.56
0.6875,0.8891,0.3987,-1.3576,84.98,-88.90,32.62
0.6899,0.8086,0.3860,-1.2786,88.13,-93.73,36.19
0.6923,0.7520,0.3831,-1.2342,94.08,-99.82,38.43
0.6947,0.7003,0.4221,-1.2556,99.40,-103.67,40.32
0.6971,0.6163,0.4377,-1.3562,101.50,-110.25,40.81
0.6995,0.5378,0.4187,-1.4762,104.72,-118.23,41.44
0.7019,0.4919,0.4046,-1.4996,108.08,-128.45,41.51
0.7043,0.4685,0.3977,-1.3825,111.30,-132.09,41.58
0.7067,0.4636,0.4475,-1.2229,115.50,-141.33,40.04
0.7091,0.4587,0.3953,-1.3239,115.64,-148.75,38.29
0.7115,0.4270,0.2616,-1.5928,122.71,-161.21,38.08
0.7139,0.4724,0.2303,-1.7080,126.84,-174.23,38.85
0.7163,0.4475,0.1669,-1.6377,130.62,-167.72,40.81
0.7188,0.3826,0.0854,-1.5030,134.33,-186.41,43.19
0.7212,0.4250,0.0634,-1.3259,143.22,-197.54,45.22
0.7236,0.3782,0.0561,-1.3083,146.93,-202.93,47.25
0.7260,0.2513,0.0420,-1.4811,151.55,-214.13,49.21
0.7284,0.1615,0.0195,-1.6875,157.01,-225.12,50.47
0.7308,0.0903,0.0049,-1.7949,163.31,-238.00,50.82
0.7332,0.0293,-0.0268,-1.7534,164.08,-243.04,51.45
0.7356,-0.0844,-0.0366,-1.6319,173.81,-245.42,49.84
0.7380,-0.1728,-0.0132,-1.4718,171.22,-259.84,49.84
0.7404,-0.2162,-0.0278,-1.3849,171.36,-261.59,48.65
0.7428,-0.3445,-0.0395,-1.4308,175.63,-260.40,47.32
0.7452,-0.5231,-0.0659,-1.3947,172.48,-246.89,46.27
0.7476,-0.7725,-0.0473,-1.1810,173.25,-239.33,44.73
0.7500,-0.8247,-0.0498,-0.8613,168.28,-253.05,40.18
0.7524,-0.7369,-0.1596,-0.5480,161.35,-227.64,38.08
0.7548,-0.9145,-0.2435,-0.6139,156.52,-201.95,35.77
0.7572,-1.0853,-0.3050,-0.9755,152.46,-208.81,32.76
0.7596,-1.0599,-0.3567,-1.2893,148.33,-204.40,30.38
0.7620,-1.0917,-0.4455,-1.4391,141.40,-188.79,29.61
0.7644,-1.2098,-0.5666,-1.3440,140.28,-190.82,27.86
0.7668,-1.1985,-0.6564,-1.1170,141.89,-202.93,24.99
0.7692,-1.1439,-0.7183,-0.9838,141.96,-196.91,24.15
0.7716,-1.2146,-0.7730,-1.0702,144.90,-194.04,22.61
0.7740,-1.2590,-0.7876,-1.2576,149.45,-209.30,20.72
0.7764,-1.1629,-0.7613,-1.3688,150.78,-215.67,18.90
0.7788,-1.1019,-0.7261,-1.3664,151.13,-211.54,17.78
0.7813,-1.0531,-0.6476,-1.2132,154.21,-222.25,14.98
0.7837,-0.8769,-0.5192,-1.0014,154.42,-227.01,11.62
0.7861,-0.7515,-0.3904,-0.8955,150.15,-215.95,8.75
0.7885,-0.7296,-0.2972,-0.9316,147.98,-213.50,5.95
0.7909,-0.6651,-0.2098,-0.9960,147.14,-219.31,3.71
0.7933,-0.5758,-0.1659,-1.0424,141.26,-217.00,2.80
0.7957,-0.5797,-0.2030,-1.0824,137.27,-212.80,2.80
0.7981,-0.6178,-0.2567,-1.0912,137.06,-220.99,2.73
0.8005,-0.5832,-0.3011,-1.0463,136.08,-230.79,3.08
0.8029,-0.5495,-0.3470,-1.0033,134.89,-232.75,3.64
0.8053,-0.5783,-0.3797,-0.9902,135.59,-238.42,3.99
0.8077,-0.5851,-0.3836,-0.9740,136.01,-249.76,3.78
0.8101,-0.5592,-0.3841,-0.9536,134.12,-254.45,4.06
0.8125,-0.5802,-0.3948,-0.9067,133.21,-257.25,3.99
0.8149,-0.6076,-0.3977,-0.8184,133.28,-266.35,3.71
0.8173,-0.5905,-0.3924,-0.7442,131.46,-273.14,3.43
0.8197,-0.5851,-0.3992,-0.7135,128.38,-273.70,3.71
0.8221,-0.6100,-0.4197,-0.6881,126.70,-277.62,3.71
0.8245,-0.6178,-0.4236,-0.6510,125.02,-284.41,3.92
0.8269,-0.6251,-0.4285,-0.6593,122.36,-286.72,4.13
0.8293,-0.6710,-0.4363,-0.7071,121.24,-291.06,4.55
0.8317,-0.7032,-0.4294,-0.7300,120.26,-299.46,4.27
0.8341,-0.7305,-0.4309,-0.7510,118.93,-304.50,3.85
0.8365,-0.6944,-0.3240,-0.7408,119.42,-314.30,3.36
0.8389,-0.6529,-0.2982,-0.6769,111.51,-318.22,2.94
0.8413,-0.8711,-0.5373,-1.7954,155.47,-321.72,-3.08
0.8438,-0.8613,-0.3299,-2.2136,171.08,-363.65,3.08
0.8462,-0.6105,-0.2162,-1.1473,136.36,-329.14,2.94
0.8486,-0.8916,-0.6969,-0.5056,136.36,-309.54,6.86
0.8510,-0.8340,-0.7608,0.3450,173.88,-357.77,4.83
0.8534,-0.6056,-0.5998,0.4368,157.36,-291.69,8.61
0.8558,-1.0150,-0.7588,-0.4802,145.74,-275.17,11.62
0.8582,-1.1131,-0.8359,-1.3093,181.16,-300.02,11.62
0.8606,-1.1204,-0.7232,-1.6924,197.19,-281.75,14.28
0.8630,-1.0926,-0.4846,-1.8207,217.49,-301.84,13.58
0.8654,-0.9048,-0.6163,-1.4967,212.80,-281.40,15.82
0.8678,-1.1004,-0.7462,-0.8169,253.96,-263.06,14.91
0.8702,-1.1780,-0.6051,-0.0566,251.16,-272.51,13.30
0.8726,-1.1136,-0.7530,0.2791,254.59,-234.01,9.24
0.8750,-1.3498,-0.8520,-0.2074,274.40,-209.37,7.56
0.8774,-1.3976,-0.8194,-0.7759,292.67,-224.07,2.73
0.8798,-1.3503,-0.8799,-1.7866,310.66,-210.21,-1.19
0.8822,-1.1619,-0.7447,-2.5581,346.57,-256.48,-2.24
0.8846,-0.6007,-0.5680,-1.5191,326.97,-229.11,1.54
0.8870,-1.0834,-0.8589,-0.1703,332.29,-133.77,1.26
0.8894,-1.8022,-0.9853,0.2259,379.68,-214.13,-8.68
0.8918,-1.1531,-0.7227,0.0088,395.01,-228.62,-17.78
0.8942,-0.9823,-0.6603,-1.1312,384.51,-120.96,-16.94
0.8966,-1.3352,-0.7052,-1.9554,399.77,-155.40,-19.46
0.8990,-0.8847,-0.6115,-1.4050,408.31,-162.26,-22.47
0.9014,-0.6983,-0.6983,-0.5412,402.01,-100.52,-22.61
0.9038,-0.9155,-0.9043,-0.1366,418.95,-97.93,-25.90
0.9063,-0.8628,-0.9052,-0.2396,433.72,-91.28,-29.26
0.9087,-0.8213,-0.8682,-0.9228,424.83,-54.25,-29.96
0.9111,-0.9135,-0.9335,-1.5392,424.13,-31.36,-28.77
0.9135,-0.9121,-0.8833,-1.3913,427.14,-20.51,-28.84
0.9159,-0.8520,-0.8613,-0.8672,415.03,2.52,-29.89
0.9183,-0.8647,-0.9448,-0.5949,419.02,17.08,-32.97
0.9207,-0.9091,-0.8267,-0.9023,429.94,24.92,-37.66
0.9231,-0.9526,-0.6764,-1.4860,415.73,36.96,-41.93
0.9255,-1.0409,-0.6739,-1.8207,404.46,52.36,-46.62
0.9279,-1.1395,-0.6603,-1.5196,393.82,57.68,-52.57
0.9303,-1.1219,-0.6993,-0.8433,376.53,60.97,-61.53
0.9327,-1.0756,-0.8076,-0.5124,360.29,70.84,-70.91
0.9351,-1.0824,-0.8935,-0.7510,346.64,74.34,-80.99
0.9375,-1.1229,-0.9106,-1.3132,323.89,79.45,-88.97
0.9399,-1.1361,-0.9794,-1.6397,290.50,77.63,-95.76
0.9423,-1.0453,-1.1229,-1.3864,261.31,79.17,-100.73
0.9447,-0.9326,-1.2444,-0.7208,233.87,85.75,-104.93
0.9471,-0.8472,-1.3498,-0.3030,206.92,91.84,-109.13
0.9495,-0.7969,-1.3825,-0.4919,183.40,97.65,-112.07
0.9519,-0.7803,-1.3113,-1.0355,156.66,103.95,-113.54
0.9543,-0.7910,-1.2122,-1.4372,123.55,107.52,-113.75
0.9567,-0.7837,-1.1761,-1.3347,89.18,104.23,-114.03
0.9591,-0.7530,-1.1858,-0.8725,61.88,104.44,-114.52
0.9615,-0.7637,-1.1814,-0.5046,36.68,103.46,-115.57
0.9639,-0.7862,-1.1673,-0.5690,11.41,99.33,-116.41
0.9663,-0.8096,-1.1356,-0.9706,-12.81,96.60,-115.64
0.9688,-0.8350,-1.0795,-1.2912,-38.85,92.12,-113.47
0.9712,-0.8340,-1.0453,-1.2180,-66.15,87.08,-110.81
0.9736,-0.8145,-1.0414,-0.8452,-87.78,82.67,-108.36
0.9760,-0.7862,-1.0287,-0.5036,-105.35,78.68,-106.19
0.9784,-0.7730,-1.0033,-0.4860,-120.89,78.47,-103.88
0.9808,-0.7862,-0.9692,-0.7681,-136.50,77.28,-100.59
0.9832,-0.7915,-0.9428,-1.0228,-151.83,75.32,-96.32
0.9856,-0.8003,-0.9365,-1.0087,-166.46,76.23,-91.56
0.9880,-0.8081,-0.9526,-0.7427,-178.36,74.41,-87.08
0.9904,-0.7881,-0.9736,-0.4646,-185.50,73.78,-83.23
0.9928,-0.7837,-0.9750,-0.4211,-190.19,76.09,-79.38
0.9952,-0.7959,-0.9643,-0.6354,-194.74,76.86,-75.39
0.9976,-0.7989,-0.9584,-0.8750,-198.94,76.86,-70.70
1.0000,-0.7998,-0.9623,-0.9218,-201.95,77.98,-66.08
1.0024,-0.7974,-0.9736,-0.7535,-202.79,77.91,-62.02
1.0048,-0.7735,-0.9862,-0.5329,-200.69,77.14,-58.73
1.0072,-0.7486,-0.9970,-0.4646,-196.07,79.17,-55.79
1.0096,-0.7471,-0.9980,-0.5963,-190.47,81.27,-52.92
1.0120,-0.7491,-0.9921,-0.7901,-185.22,82.11,-49.98
1.0144,-0.7481,-0.9999,-0.8603,-180.04,83.58,-47.11
1.0168,-0.7608,-1.0248,-0.7603,-172.55,86.17,-45.01
1.0192,-0.7720,-1.0521,-0.5851,-163.80,86.73,-43.54
1.0216,-0.7730,-1.0814,-0.4856,-153.79,89.11,-42.63
1.0240,-0.7950,-1.1073,-0.5549,-142.52,93.59,-41.86
1.0264,-0.8311,-1.1209,-0.7144,-131.81,95.13,-41.30
1.0288,-0.8481,-1.1341,-0.8130,-122.29,96.95,-40.74
1.0313,-0.8574,-1.1551,-0.7706,-112.14,100.24,-40.39
1.0337,-0.8711,-1.1712,-0.6329,-100.52,103.04,-40.60
1.0361,-0.8789,-1.1732,-0.5251,-88.76,105.70,-41.58
1.0385,-0.8760,-1.1692,-0.5378,-77.35,109.27,-42.98
1.0409,-0.8764,-1.1595,-0.6461,-65.94,113.61,-44.52
1.0433,-0.8823,-1.1478,-0.7374,-56.07,117.04,-46.20
1.0457,-0.8847,-1.1502,-0.7281,-46.90,120.96,-48.16
1.0481,-0.8896,-1.1600,-0.6276,-37.17,125.16,-50.33
1.0505,-0.8935,-1.1697,-0.5163,-27.37,129.64,-53.13
1.0529,-0.9018,-1.1668,-0.4939,-17.78,134.96,-56.14
1.0553,-0.9082,-1.1400,-0.5724,-7.91,138.81,-59.57
1.0577,-0.8886,-1.1039,-0.6549,-0.07,142.52,-63.07
1.0601,-0.8657,-1.0741,-0.6734,7.28,147.77,-66.71
1.0625,-0.8628,-1.0560,-0.6212,14.35,151.48,-70.63
1.0649,-0.8647,-1.0243,-0.5495,22.54,155.26,-75.18
1.0673,-0.8662,-0.9653,-0.5168,29.61,158.90,-80.08
1.0697,-0.8481,-0.9160,-0.5358,35.28,160.93,-85.61
1.0721,-0.8135,-0.8823,-0.5954,40.67,163.66,-91.00
1.0745,-0.7837,-0.8433,-0.6354,46.06,165.20,-96.25
1.0769,-0.7652,-0.8154,-0.6227,49.91,166.04,-101.50
1.0793,-0.7745,-0.8047,-0.6105,54.81,166.60,-106.89
1.0817,-0.7788,-0.7886,-0.5549,56.98,164.29,-112.07
1.0841,-0.7779,-0.7950,-0.4943,57.26,165.48,-117.46
1.0865,-0.8076,-0.8154,-0.5183,58.38,163.80,-122.57
1.0889,-0.8047,-0.8169,-0.5431,59.29,158.34,-127.54
1.0913,-0.7813,-0.8189,-0.5656,56.84,159.18,-131.81
1.0938,-0.7696,-0.8335,-0.5632,54.04,154.49,-135.87
1.0962,-0.7208,-0.8457,-0.5080,51.80,150.08,-139.37
1.0986,-0.7130,-0.8862,-0.4436,48.09,151.27,-142.10
1.1010,-0.7183,-0.8955,-0.4172,44.87,146.86,-144.41
1.1034,-0.6212,-0.8525,-0.3357,39.55,141.26,-146.02
1.1058,-0.5446,-0.7959,-0.2811,35.56,145.81,-147.77
1.1082,-0.5417,-0.7501,-0.3401,28.14,142.24,-149.52
1.1106,-0.4943,-0.7125,-0.4187,24.50,134.82,-151.62
1.1130,-0.4421,-0.6637,-0.4490,16.03,134.61,-152.74
1.1154,-0.4143,-0.6378,-0.4153,9.10,130.27,-154.49
1.1178,-0.3606,-0.5978,-0.3270,2.87,124.60,-155.75
1.1202,-0.2752,-0.5500,-0.2347,-4.06,119.84,-157.64
1.1226,-0.2030,-0.5231,-0.2367,-11.48,118.86,-158.48
1.1250,-0.1757,-0.5051,-0.2894,-17.71,113.96,-159.39
1.1274,-0.1479,-0.4914,-0.3558,-24.85,108.92,-159.67
1.1298,-0.1449,-0.5051,-0.3855,-32.41,105.35,-159.46
1.1322,-0.1606,-0.5397,-0.3660,-38.57,99.54,-159.11
1.1346,-0.1576,-0.5719,-0.2948,-44.66,93.80,-158.27
1.1370,-0.1484,-0.6066,-0.2357,-50.96,89.32,-157.01
1.1394,-0.1401,-0.6373,-0.2377,-56.49,85.26,-155.05
1.1418,-0.1235,-0.6466,-0.2723,-61.81,80.57,-153.02
1.1442,-0.1103,-0.6373,-0.3128,-67.90,77.07,-150.43
1.1466,-0.1078,-0.6207,-0.3192,-73.71,73.01,-148.12
1.1490,-0.1005,-0.5915,-0.2796,-78.82,69.37,-145.88
1.1514,-0.1005,-0.5592,-0.2323,-84.07,66.22,-144.13
1.1538,-0.1088,-0.5334,-0.2313,-88.69,63.21,-142.66
1.1563,-0.1186,-0.5031,-0.2684,-92.82,59.92,-141.33
1.1587,-0.1322,-0.4729,-0.3157,-97.16,57.26,-140.35
1.1611,-0.1513,-0.4543,-0.3382,-101.50,54.53,-139.37
1.1635,-0.1669,-0.4490,-0.3177,-105.00,51.59,-138.74
1.1659,-0.1820,-0.4441,-0.2733,-108.22,49.35,-138.18
1.1683,-0.2001,-0.4441,-0.2411,-111.02,47.25,-137.76
1.1707,-0.2128,-0.4485,-0.2474,-113.33,45.64,-137.34
1.1731,-0.2176,-0.4421,-0.2801,-115.29,44.03,-136.64
1.1755,-0.2211,-0.4299,-0.3152,-117.25,42.84,-136.08
1.1779,-0.2250,-0.4168,-0.3289,-118.58,41.16,-135.45
1.1803,-0.2230,-0.4006,-0.3172,-119.35,39.76,-135.03
1.1827,-0.2230,-0.3865,-0.2943,-119.77,38.85,-134.54
1.1851,-0.2274,-0.3723,-0.2830,-119.84,38.22,-133.98
1.1875,-0.2333,-0.3572,-0.2933,-119.14,37.80,-133.63
1.1899,-0.2313,-0.3455,-0.3133,-118.51,37.03,-133.28
1.1923,-0.2196,-0.3382,-0.3255,-117.60,36.68,-132.79
1.1947,-0.2006,-0.3279,-0.3182,-116.13,36.68,-132.30
1.1971,-0.1664,-0.3123,-0.2957,-114.38,36.26,-131.81
1.1995,-0.1244,-0.2982,-0.2704,-112.42,36.89,-130.97
1.2019,-0.0883,-0.2874,-0.2591,-110.11,38.36,-130.13
1.2043,-0.0610,-0.2738,-0.2630,-107.45,39.41,-129.22
1.2067,-0.0395,-0.2645,-0.2723,-104.65,41.16,-128.10
1.2091,-0.0215,-0.2640,-0.2786,-101.71,42.63,-126.77
1.2115,-0.0024,-0.2694,-0.2762,-98.42,43.96,-125.23
1.2139,0.0127,-0.2777,-0.2674,-95.06,45.57,-123.48
1.2163,0.0307,-0.2835,-0.2616,-91.49,46.69,-121.73
1.2188,0.0532,-0.2801,-0.2645,-87.43,47.95,-119.70
1.2212,0.0752,-0.2625,-0.2747,-83.44,49.35,-117.53
1.2236,0.1064,-0.2381,-0.2796,-79.52,50.19,-115.50
1.2260,0.1401,-0.2152,-0.2752,-75.46,51.38,-113.40
1.2284,0.1684,-0.1952,-0.2630,-71.54,52.64,-111.44
1.2308,0.1859,-0.1767,-0.2508,-67.34,53.90,-109.55
1.2332,0.1928,-0.1674,-0.2460,-63.63,54.81,-107.80
1.2356,0.1918,-0.1615,-0.2450,-59.50,56.00,-105.98
1.2380,0.1854,-0.1518,-0.2425,-55.72,56.91,-104.44
1.2404,0.1845,-0.1493,-0.2333,-52.22,57.12,-102.83
1.2428,0.1810,-0.1449,-0.2186,-48.72,58.03,-101.43
1.2452,0.1732,-0.1376,-0.2040,-45.57,58.80,-100.10
1.2476,0.1664,-0.1332,-0.1957,-42.35,59.08,-99.05
1.2500,0.1620,-0.1313,-0.1962,-39.55,59.22,-98.07
1.2524,0.1488,-0.1274,-0.2025,-36.61,60.20,-97.16
1.2548,0.1293,-0.1274,-0.2098,-34.16,60.41,-96.53
1.2572,0.1186,-0.1366,-0.2059,-31.78,59.64,-96.04
1.2596,0.1137,-0.1498,-0.1986,-29.68,60.27,-95.41
1.2620,0.1020,-0.1688,-0.1957,-27.58,60.62,-94.92
1.2644,0.0874,-0.1781,-0.1928,-25.62,60.20,-94.36
1.2668,0.0752,-0.1825,-0.1918,-24.29,60.34,-93.94
1.2692,0.0581,-0.1869,-0.1937,-22.47,60.97,-93.66
1.2716,0.0366,-0.1957,-0.1991,-21.49,60.55,-93.45
1.2740,0.0190,-0.2050,-0.2020,-20.16,59.71,-93.31
1.2764,0.0000,-0.2191,-0.2079,-19.74,59.99,-93.31
1.2788,-0.0298,-0.2406,-0.2176,-18.76,59.43,-93.45
1.2813,-0.0508,-0.2601,-0.2328,-18.62,57.61,-93.59
1.2837,-0.0634,-0.2718,-0.2362,-18.27,57.12,-93.59
1.2861,-0.0830,-0.2674,-0.2338,-18.13,56.35,-93.73
1.2885,-0.0956,-0.2635,-0.2357,-18.55,54.25,-94.22
1.2909,-0.0961,-0.2528,-0.2411,-18.69,53.27,-94.57
1.2933,-0.1049,-0.2259,-0.2562,-19.53,52.85,-94.92
1.2957,-0.1376,-0.0752,-0.2176,-18.83,52.85,-95.41
1.2981,-0.1571,-0.0034,-0.1947,-24.64,52.99,-98.00
1.3005,-0.1186,-0.0849,-0.2567,-20.93,48.65,-99.75
1.3029,-0.0332,-0.1298,-0.3157,-21.42,43.61,-99.89
1.3053,0.0459,-0.1947,-0.3484,-25.55,47.11,-98.56
1.3077,0.0366,-0.2357,-0.3387,-26.18,49.63,-96.46
1.3101,0.0195,-0.2386,-0.2533,-27.72,43.40,-94.71
1.3125,0.0137,-0.2230,-0.1596,-31.43,47.95,-92.40
1.3149,-0.0600,-0.2167,-0.1859,-33.60,49.91,-91.07
1.3173,-0.0956,-0.2201,-0.2899,-34.09,43.12,-89.81
1.3197,-0.0630,-0.2103,-0.3909,-37.38,41.79,-88.06
1.3221,-0.0478,-0.2206,-0.4602,-41.65,42.56,-86.10
1.3245,-0.0342,-0.2352,-0.4158,-43.40,38.50,-84.00
1.3269,0.0015,-0.2303,-0.3274,-46.13,37.10,-82.04
1.3293,0.0234,-0.2191,-0.2918,-49.98,37.03,-79.87
1.3317,0.0449,-0.2045,-0.2938,-52.36,36.68,-78.12
1.3341,0.0571,-0.1781,-0.3309,-54.88,37.80,-76.23
1.3365,0.0605,-0.1537,-0.3733,-59.50,36.40,-74.55
1.3389,0.0776,-0.1430,-0.3967,-62.23,36.40,-72.80
1.3413,0.0810,-0.1244,-0.3987,-63.91,36.54,-71.26
1.3438,0.0781,-0.1083,-0.3977,-66.43,34.72,-70.14
1.3462,0.0732,-0.1059,-0.4211,-68.18,34.23,-69.02
1.3486,0.0571,-0.1044,-0.4509,-68.53,33.25,-68.04
1.3510,0.0395,-0.0986,-0.4651,-69.37,32.06,-67.13
1.3534,0.0171,-0.1039,-0.4548,-70.49,30.66,-66.22
1.3558,-0.0039,-0.1196,-0.4285,-70.56,29.40,-65.66
1.3582,-0.0298,-0.1327,-0.4002,-70.14,28.91,-65.10
1.3606,-0.0610,-0.1523,-0.4050,-69.72,27.44,-64.75
1.3630,-0.0839,-0.1757,-0.4475,-68.04,25.69,-64.12
1.3654,-0.1025,-0.1967,-0.4914,-66.22,24.29,-63.28
1.3678,-0.1298,-0.2230,-0.5104,-64.40,22.75,-62.37
1.3702,-0.2948,-0.3494,-0.4929,-63.07,23.87,-61.11
1.3726,-1.0614,-0.8779,-0.4753,-63.63,42.77,-56.63
1.3750,-1.9408,-1.2771,-0.4568,-48.23,29.47,-47.32
1.3774,-1.6343,-0.7681,-0.2323,-2.59,-73.29,-45.78
1.3798,-0.6983,-0.0659,0.0932,-8.47,-60.06,-40.53
1.3822,-0.5441,0.0259,0.4963,-29.54,0.56,-33.53
1.3846,-0.7135,0.0468,0.9492,3.36,-38.50,-34.51
1.3870,-0.3030,0.2933,1.1673,9.59,-74.69,-35.42
1.3894,-0.0639,0.3431,0.4382,8.68,-29.40,-33.32
1.3918,-0.4958,0.3172,-0.8111,31.29,-37.03,-30.03
1.3942,-0.6344,0.3592,-1.3200,46.27,-92.05,-29.89
1.3966,-0.5217,0.1581,-0.9555,31.92,-73.71,-23.17
1.3990,-0.5510,-0.1171,0.2728,63.49,-80.71,-19.18
1.4014,-0.2450,0.0532,1.4625,99.47,-95.06,-22.61
1.4038,-0.0849,0.0473,0.9145,63.56,-47.39,-22.96
1.4063,-0.2572,-0.3289,-1.0268,75.39,-53.48,-24.57
1.4087,-0.1200,-0.2869,-2.3883,99.75,-71.40,-23.87
1.4111,0.0254,-0.1640,-2.4010,68.88,-52.43,-20.86
1.4135,-0.0132,-0.5104,-1.5577,50.40,-52.22,-21.35
1.4159,0.0400,-0.7666,-0.3797,79.24,-58.52,-24.22
1.4183,0.1196,-0.6720,0.2596,78.89,-47.67,-28.63
1.4207,0.0722,-0.7715,-0.3684,61.11,-33.18,-32.20
1.4231,0.0439,-0.9023,-1.4630,77.07,-42.77,-35.07
1.4255,0.1435,-0.7681,-1.8969,79.87,-41.44,-35.91
1.4279,0.1552,-0.7681,-1.5313,58.17,-33.53,-37.59
1.4303,0.1430,-0.9687,-0.8023,61.11,-40.32,-42.00
1.4327,0.2206,-0.9765,-0.1547,76.93,-39.83,-47.88
1.4351,0.2255,-0.8740,-0.1928,69.72,-26.04,-53.83
1.4375,0.1542,-0.9013,-0.9257,64.89,-26.88,-59.29
1.4399,0.1762,-0.8716,-1.5723,72.87,-31.64,-63.35
1.4423,0.2186,-0.8355,-1.6089,64.40,-25.13,-65.80
1.4447,0.1396,-1.0531,-0.6686,74.48,-46.90,-68.25
1.4471,0.2308,-0.8594,0.9780,126.56,-91.35,-77.07
1.4495,0.5958,-0.2518,0.8613,84.14,-36.61,-87.01
1.4519,0.0371,-0.6188,-1.4294,15.75,61.39,-80.78
1.4543,-0.5300,-0.9130,-2.8709,91.07,-44.66,-86.73
1.4567,0.2064,-0.3680,-1.9325,83.93,-76.79,-84.98
1.4591,0.3753,-0.4763,-0.2547,34.23,1.96,-83.58
1.4615,-0.0332,-0.8130,0.3431,65.94,-26.25,-90.16
1.4639,0.1074,-0.6090,0.0351,84.07,-43.05,-94.01
1.4663,0.1059,-0.5202,-0.9345,56.77,-11.83,-93.45
1.4688,-0.1015,-0.6847,-1.8276,59.29,-25.62,-93.10
1.4712,-0.0327,-0.6300,-1.7095,67.27,-38.15,-92.05
1.4736,0.0195,-0.5700,-0.8779,46.83,-26.95,-90.30
1.4760,0.0005,-0.6949,-0.2264,44.31,-31.29,-92.19
1.4784,0.0542,-0.6700,-0.2430,55.44,-28.98,-93.38
1.4808,0.0342,-0.5436,-0.8154,48.09,-22.61,-93.52
1.4832,-0.0068,-0.5324,-1.5221,39.55,-27.86,-93.10
1.4856,0.0303,-0.5456,-1.7578,37.03,-31.36,-91.98
1.4880,0.0434,-0.5529,-1.3615,30.10,-26.53,-90.86
1.4904,0.0181,-0.6085,-0.7413,23.73,-29.96,-91.77
1.4928,0.0459,-0.6695,-0.3982,24.36,-32.41,-93.59
1.4952,0.0478,-0.6749,-0.5373,26.11,-26.53,-94.85
1.4976,-0.0068,-0.6481,-0.9955,23.73,-28.28,-95.69
1.5000,-0.0137,-0.6412,-1.3727,18.69,-34.02,-95.62
1.5024,0.0083,-0.6481,-1.3766,14.91,-33.32,-95.13
1.5048,-0.0039,-0.6534,-1.0624,10.57,-33.18,-95.13
1.5072,-0.0068,-0.6661,-0.7232,7.14,-35.84,-95.90
1.5096,0.0024,-0.6783,-0.6617,6.79,-35.35,-96.81
1.5120,-0.0132,-0.6603,-0.9062,7.14,-35.98,-97.37
1.5144,-0.0342,-0.6388,-1.2737,4.69,-39.90,-97.58
1.5168,-0.0015,-0.6246,-1.4142,0.07,-46.27,-96.95
1.5192,0.0395,-0.6359,-1.1863,-4.90,-41.51,-96.25
1.5216,0.0059,-0.6564,-0.8516,-6.58,-40.04,-96.39
1.5240,0.0088,-0.6622,-0.6603,-9.38,-46.48,-97.30
1.5264,0.0473,-0.6812,-0.7379,-9.59,-43.89,-97.58
1.5288,0.0298,-0.6651,-0.9775,-9.66,-43.12,-97.23
1.5313,0.0176,-0.6393,-1.1331,-14.35,-46.27,-96.53
1.5337,0.0229,-0.6427,-1.0926,-18.55,-47.11,-95.90
1.5361,0.0166,-0.6495,-0.9052,-20.72,-46.90,-95.62
1.5385,-0.0034,-0.6446,-0.7227,-22.26,-47.39,-95.90
1.5409,-0.0190,-0.6383,-0.6969,-24.50,-49.49,-96.39
1.5433,-0.0220,-0.6344,-0.8213,-25.41,-50.26,-96.74
1.5457,-0.0337,-0.6207,-0.9765,-27.16,-50.40,-96.60
1.5481,-0.0410,-0.6129,-1.0355,-30.66,-52.57,-96.18
1.5505,-0.0322,-0.6168,-0.9745,-33.18,-53.76,-95.90
1.5529,-0.0307,-0.6168,-0.8647,-34.09,-53.76,-95.69
1.5553,-0.0390,-0.6105,-0.7998,-35.00,-54.53,-95.83
1.5577,-0.0434,-0.6027,-0.8355,-35.77,-55.23,-95.62
1.5601,-0.0454,-0.5915,-0.9340,-35.98,-55.51,-95.20
1.5625,-0.0508,-0.5802,-1.0058,-36.68,-55.65,-94.71
1.5649,-0.0571,-0.5768,-1.0067,-37.52,-56.49,-94.22
1.5673,-0.0571,-0.5729,-0.9536,-37.66,-56.91,-93.73
1.5697,-0.0532,-0.5641,-0.8930,-36.75,-56.42,-93.24
1.5721,-0.0488,-0.5544,-0.8784,-35.70,-55.93,-92.96
1.5745,-0.0361,-0.5485,-0.9238,-34.58,-56.00,-92.47
1.5769,-0.0181,-0.5427,-0.9970,-33.11,-55.86,-91.77
1.5793,-0.0063,-0.5358,-1.0248,-32.13,-55.16,-90.65
1.5817,-0.0063,-0.5348,-0.9775,-31.08,-54.04,-89.67
1.5841,-0.0156,-0.5339,-0.8999,-29.54,-52.64,-88.69
1.5865,-0.0254,-0.5290,-0.8550,-27.51,-51.45,-87.85
1.5889,-0.0361,-0.5192,-0.8662,-25.62,-50.12,-86.80
1.5913,-0.0512,-0.5065,-0.9067,-23.94,-48.44,-85.75
1.5938,-0.0664,-0.5012,-0.9326,-22.96,-46.97,-84.70
1.5962,-0.0605,-0.5051,-0.9331,-21.21,-46.48,-83.72
1.5986,-0.0356,-0.5075,-0.9121,-19.46,-46.27,-82.60
1.6010,-0.0122,-0.5100,-0.8764,-17.78,-44.87,-81.34
1.6034,0.0020,-0.5158,-0.8667,-15.61,-43.54,-80.15
1.6058,0.0127,-0.5226,-0.8847,-13.72,-43.26,-78.82
1.6082,0.0234,-0.5285,-0.9023,-12.11,-42.07,-77.42
1.6106,0.0210,-0.5383,-0.9018,-10.50,-40.81,-76.02
1.6130,0.0093,-0.5510,-0.8740,-8.75,-40.32,-74.90
1.6154,0.0049,-0.5646,-0.8355,-7.28,-39.76,-73.85
1.6178,0.0039,-0.5841,-0.8145,-5.46,-39.27,-72.87
1.6202,0.0039,-0.6022,-0.8237,-3.15,-39.20,-71.75
1.6226,0.0059,-0.6149,-0.8545,-1.40,-39.55,-70.70
1.6250,0.0005,-0.6056,-0.8779,0.28,-39.34,-69.44
1.6274,-0.0132,-0.6090,-0.8857,1.26,-38.71,-68.46
1.6298,-0.0132,-0.6378,-0.8867,3.22,-40.32,-67.55
1.6322,0.0029,-0.6539,-0.9013,5.32,-41.37,-66.50
1.6346,0.0254,-0.6749,-0.9321,6.65,-42.98,-65.17
1.6370,0.0386,-0.6925,-0.9604,9.03,-43.33,-63.56
1.6394,0.0351,-0.7013,-0.9697,10.15,-44.73,-62.09
1.6418,0.0298,-0.7130,-0.9565,11.13,-45.92,-60.76
1.6442,0.0151,-0.7120,-0.9384,12.67,-46.27,-59.43
1.6466,-0.0063,-0.7130,-0.9331,13.58,-47.60,-58.52
1.6490,-0.0249,-0.7247,-0.9409,14.42,-48.79,-57.61
1.6514,-0.0386,-0.7383,-0.9565,15.47,-50.26,-56.70
1.6538,-0.0425,-0.7457,-0.9731,16.52,-51.87,-55.72
1.6563,-0.0405,-0.7447,-0.9780,16.87,-53.62,-54.46
1.6587,-0.0395,-0.7437,-0.9662,16.87,-54.88,-53.20
1.6611,-0.0400,-0.7418,-0.9540,16.87,-56.07,-52.01
1.6635,-0.0425,-0.7403,-0.9472,16.52,-57.33,-50.75
1.6659,-0.0429,-0.7427,-0.9472,16.17,-58.87,-49.35
1.6683,-0.0371,-0.7413,-0.9477,15.75,-59.99,-47.74
1.6707,-0.0283,-0.7364,-0.9360,15.19,-61.11,-45.85
1.6731,-0.0181,-0.7320,-0.9126,14.77,-62.16,-43.82
1.6755,-0.0068,-0.7281,-0.8838,14.21,-63.28,-41.72
1.6779,-0.0044,-0.7296,-0.8613,13.58,-64.12,-39.48
1.6803,-0.0088,-0.7379,-0.8535,12.81,-65.24,-37.31
1.6827,-0.0176,-0.7510,-0.8584,11.76,-66.22,-34.72
1.6851,-0.0312,-0.7671,-0.8647,10.85,-68.04,-32.20
1.6875,-0.0434,-0.7842,-0.8657,9.66,-70.63,-29.54
1.6899,-0.0508,-0.8037,-0.8540,8.26,-73.71,-27.09
1.6923,-0.0556,-0.8286,-0.8389,6.93,-76.65,-24.50
1.6947,-0.0664,-0.8550,-0.8296,5.46,-79.45,-21.91
1.6971,-0.0874,-0.8823,-0.8364,3.85,-82.46,-19.60
1.6995,-0.1200,-0.9150,-0.8520,2.10,-85.68,-17.22
1.7019,-0.1542,-0.9545,-0.8608,0.56,-89.39,-15.05
1.7043,-0.1810,-0.9999,-0.8647,-0.77,-93.45,-12.88
1.7067,-0.1942,-1.0448,-0.8696,-1.75,-97.93,-10.57
1.7091,-0.1932,-1.0863,-0.8813,-2.38,-101.78,-8.12
1.7115,-0.1825,-1.1380,-0.9013,-2.80,-105.49,-5.67
1.7139,-0.1698,-1.2049,-0.9174,-2.52,-108.71,-3.01
1.7163,-0.1654,-1.2849,-0.9145,-2.03,-111.65,-0.35
1.7188,-0.1713,-1.3791,-0.8877,-1.33,-114.24,2.66
1.7212,-0.1893,-1.4855,-0.8442,-0.28,-116.06,5.81
1.7236,-0.2220,-1.6050,-0.8106,1.19,-118.23,8.75
1.7260,-0.2743,-1.7641,-0.7686,2.59,-121.03,12.25
1.7284,-0.3104,-1.9842,-0.6998,4.20,-127.82,16.52
1.7308,-0.3611,-2.2306,-0.6749,7.21,-131.46,22.54
1.7332,-0.5719,-2.4439,-0.6861,12.74,-130.34,30.03
1.7356,-0.8682,-2.6547,-0.6891,16.59,-141.61,36.61
1.7380,-1.1117,-2.9143,-0.6773,19.46,-157.15,43.40
1.7404,-1.4547,-3.2223,-0.7100,23.94,-164.78,50.89
1.7428,-1.9998,-3.5009,-0.8398,29.19,-176.05,59.99
1.7452,-2.5503,-3.7015,-0.9784,31.01,-206.36,68.60
1.7476,-3.0456,-3.9206,-1.0516,29.89,-232.89,77.14
1.7500,-3.6659,-4.1851,-1.0795,31.64,-255.71,84.70
1.7524,-4.3983,-4.4330,-1.0224,34.72,-294.42,90.93
1.7548,-5.1079,-4.6072,-0.8979,38.99,-344.33,94.43
1.7572,-5.7769,-4.7419,-0.8750,39.76,-393.54,96.18
1.7596,-6.3977,-4.8249,-0.9545,41.16,-449.19,96.11
1.7620,-6.8603,-4.8312,-1.0673,37.66,-510.93,95.06
1.7644,-7.1721,-4.8712,-1.2093,27.79,-558.18,94.85
1.7668,-7.4684,-4.9781,-1.2522,16.38,-595.00,96.95
1.7692,-7.6748,-4.9703,-0.9130,9.73,-646.10,100.66
1.7716,-7.5801,-4.8332,-0.4104,-0.91,-686.07,105.77
1.7740,-7.4620,-4.6472,-0.1645,-4.27,-684.39,115.36
1.7764,-7.4688,-4.2978,-0.3406,-6.30,-687.89,127.33
1.7788,-7.0862,-3.9845,0.3523,-44.52,-682.15,147.35
1.7813,-7.6030,-4.1285,-0.6076,4.48,-578.41,157.99
1.7837,-8.0920,-3.2613,-1.7792,4.27,-707.56,188.79
1.7861,-6.4392,-2.5981,-1.1536,-40.88,-668.29,204.12
1.7885,-7.0399,-2.9431,-1.3293,16.24,-399.63,249.48
1.7909,-8.0881,-1.8651,-0.2835,56.35,-602.21,274.68
1.7933,-6.7632,-1.7387,-0.1010,12.11,-480.69,309.33
1.7957,-7.4508,-1.7773,-1.2747,113.89,-305.76,365.75
1.7981,-7.8041,-0.9511,-1.7534,129.57,-388.15,409.85
1.8005,-7.2585,-0.7950,-1.8529,143.57,-244.30,474.88
1.8029,-7.8490,-0.7950,-1.5045,183.40,-172.83,538.16
1.8053,-7.9559,-0.7105,-0.9252,251.79,-130.90,606.41
1.8077,-8.0842,-0.3889,-0.5324,270.41,-32.27,678.37
1.8101,-8.3184,-0.5895,-1.0453,290.92,21.42,751.38
1.8125,-8.4214,-0.5588,-1.2454,354.83,121.59,831.32
1.8149,-8.9353,-0.4475,-0.7832,342.44,215.32,908.11
1.8173,-9.4233,-1.0243,-0.3274,342.51,277.34,984.27
1.8197,-9.7390,-1.4694,0.2464,370.93,354.90,1060.08
1.8221,-10.2016,-1.6621,0.4031,365.54,442.40,1133.65
1.8245,-10.7858,-2.1589,-0.0259,345.73,500.64,1205.96
1.8269,-11.1137,-2.7738,-0.2767,348.04,551.81,1278.62
1.8293,-11.5383,-3.3169,-0.0044,336.00,644.28,1352.12
1.8317,-12.1878,-4.0602,0.4514,311.99,685.72,1422.75
1.8341,-12.4269,-4.9371,0.8716,298.83,713.65,1491.77
1.8365,-12.6329,-5.6735,0.9882,290.71,789.74,1560.65
1.8389,-13.0179,-6.3147,0.9165,255.92,836.99,1627.57
1.8413,-13.0062,-6.9896,0.9828,216.58,857.43,1690.36
1.8438,-12.8046,-7.6026,1.0765,188.72,902.09,1752.59
1.8462,-12.7119,-8.0637,1.1683,154.49,928.13,1813.07
1.8486,-12.4952,-8.4512,1.0975,110.67,931.84,1870.47
1.8510,-12.1351,-8.7874,0.8389,68.81,925.82,1927.24
1.8534,-11.7554,-8.8840,0.5114,32.76,908.46,1980.93
1.8558,-11.5837,-8.9729,0.3196,-19.18,882.14,2031.75
1.8582,-11.5510,-9.1822,0.2699,-68.53,837.34,2080.96
1.8606,-11.5798,-9.2496,0.3387,-111.37,782.74,2125.76
1.8630,-11.3602,-8.9021,0.1898,-140.70,681.03,2161.74
1.8654,-9.1480,-7.6596,0.1767,-203.91,513.80,2201.15
1.8678,-7.2800,-6.9481,0.5353,-244.09,519.96,2236.78
1.8702,-8.9333,-6.7627,0.8242,-278.53,591.64,2274.09
1.8726,-9.0519,-5.6881,-0.0820,-285.60,296.59,2284.94
1.8750,-6.7134,-5.0362,-1.2127,-295.89,166.11,2289.49
1.8774,-8.0598,-5.9878,-1.3518,-319.69,360.85,2293.48
1.8798,-8.9011,-4.7434,-2.3024,-233.59,98.56,2293.48
1.8822,-3.0778,-1.4655,-1.8446,-204.47,-363.44,2293.48
1.8846,1.7222,0.1103,-0.2860,-168.14,-101.43,2293.20
1.8870,0.5563,0.3645,0.3850,-169.47,93.52,2293.48
1.8894,-0.8838,0.5544,0.3806,-119.21,-119.98,2293.48
1.8918,0.5173,0.5344,1.1390,-163.10,-259.00,2293.48
1.8942,1.3601,0.2352,1.2068,-97.79,-31.64,2293.48
1.8966,-0.6749,0.7413,-0.5632,-63.28,-28.14,2293.48
1.8990,-0.6056,0.7418,-0.5012,-104.16,-336.56,2293.48
1.9014,1.0853,0.2928,0.8228,-65.66,-197.40,2293.48
1.9038,-0.0234,0.5324,0.8325,-1.05,-100.66,2293.48
1.9063,-0.6588,0.8638,0.4475,-10.78,-285.95,2293.48
1.9087,0.3382,0.7008,0.5022,-13.86,-287.63,2293.48
1.9111,0.2494,0.6237,-0.1362,36.05,-197.54,2293.48
1.9135,-0.4670,0.8965,-0.2015,55.09,-262.50,2293.48
1.9159,-0.1781,0.8799,1.0004,39.27,-349.02,2293.48
1.9183,0.3343,0.5768,1.6514,74.76,-299.88,2293.48
1.9207,-0.0947,0.7930,0.9701,132.86,-262.85,2293.48
1.9231,-0.3884,1.1029,0.1801,116.13,-333.41,2293.48
1.9255,0.0351,0.8730,-0.2987,121.52,-335.86,2293.48
1.9279,-0.0098,0.8569,-0.3924,168.49,-291.90,2293.48
1.9303,-0.2943,1.0663,0.6246,175.49,-333.83,2293.48
1.9327,-0.0581,0.9267,1.8256,172.13,-356.09,2293.48
1.9351,0.1054,0.7603,1.6514,213.36,-316.05,2293.48
1.9375,-0.1318,1.0077,0.5700,243.18,-298.27,2293.48
1.9399,-0.2323,1.1727,-0.2440,225.75,-320.60,2293.48
1.9423,-0.0273,0.9902,-0.5104,234.92,-312.34,2293.48
1.9447,-0.0176,0.9960,0.0976,265.86,-286.79,2293.48
1.9471,-0.1210,1.1058,1.3820,264.60,-294.98,2293.48
1.9495,0.0083,0.9404,1.9071,265.16,-291.27,2293.48
1.9519,0.0849,0.8818,1.0414,297.08,-255.71,2293.48
1.9543,-0.0610,1.1122,-0.1806,302.05,-236.04,2293.48
1.9567,-0.0883,1.1590,-0.7613,285.18,-236.81,2293.48
1.9591,0.0254,1.0277,-0.4587,292.32,-218.68,2293.48
1.9615,0.0390,1.0385,0.6734,304.22,-199.71,2293.48
1.9639,0.0332,1.0394,1.7051,297.85,-188.51,2293.48
1.9663,0.0937,0.9213,1.4577,299.74,-168.77,2293.48
1.9688,0.1152,0.9589,0.2230,311.01,-139.23,2293.48
1.9712,0.0420,1.1112,-0.7842,300.72,-117.11,2293.48
1.9736,0.0156,1.0853,-0.9067,284.48,-107.59,2293.48
1.9760,0.0849,0.9623,-0.1103,282.94,-94.99,2293.48
1.9784,0.1362,0.9174,1.0516,282.10,-75.95,2293.48
1.9808,0.1449,0.8745,1.4728,274.05,-57.54,2293.48
1.9832,0.1645,0.8374,0.6754,270.97,-38.71,2293.48
1.9856,0.1547,0.9296,-0.4909,264.95,-17.71,2293.48
1.9880,0.1044,1.0072,-1.0102,243.74,-4.41,2293.48
1.9904,0.1078,0.9335,-0.5788,225.61,2.03,2293.48
1.9928,0.1723,0.8418,0.4831,216.86,11.48,2293.48
1.9952,0.2323,0.8037,1.3357,205.17,25.55,2293.48
1.9976,0.2591,0.7793,1.1668,191.24,40.88,2293.48
2.0000,0.2630,0.8023,0.1693,178.36,53.69,2293.48
2.0024,0.2455,0.8721,-0.6573,157.99,63.77,2293.48
2.0048,0.2206,0.8711,-0.6749,131.60,68.11,2293.48
2.0072,0.2430,0.7759,0.0678,111.93,68.46,2293.48
2.0096,0.3118,0.6959,0.9814,99.05,72.59,2293.48
2.0120,0.3567,0.6783,1.2786,85.05,80.92,2293.48
2.0144,0.3558,0.6871,0.6798,69.51,87.50,2293.48
2.0168,0.3333,0.7276,-0.2372,52.92,89.39,2293.48
2.0192,0.3021,0.7579,-0.6510,31.43,88.69,2293.48
2.0216,0.2830,0.7139,-0.2762,10.50,83.02,2293.48
2.0240,0.3118,0.6432,0.5592,-4.27,74.90,2293.48
2.0264,0.3650,0.6144,1.1888,-14.56,71.19,2293.48
2.0288,0.3767,0.6373,1.0609,-25.55,70.49,2293.48
2.0313,0.3343,0.6856,0.2991,-38.85,64.19,2293.48
2.0337,0.3001,0.7183,-0.3889,-54.11,52.71,2293.48
2.0361,0.2811,0.7130,-0.4333,-70.28,40.53,2293.48
2.0385,0.2777,0.6700,0.1313,-83.86,23.73,2293.48
2.0409,0.3104,0.6305,0.8028,-90.58,9.24,2293.48
2.0433,0.3274,0.6437,0.9887,-94.15,-1.75,2293.48
2.0457,0.3011,0.6978,0.5022,-99.54,-13.30,2293.48
2.0481,0.2518,0.7349,-0.2323,-107.52,-29.33,2293.48
2.0505,0.2279,0.7364,-0.6022,-114.31,-49.49,2293.48
2.0529,0.2206,0.7203,-0.3484,-119.84,-68.53,2293.48
2.0553,0.2191,0.6915,0.2411,-122.08,-87.92,2293.48
2.0577,0.2323,0.6808,0.6481,-119.00,-106.61,2293.48
2.0601,0.2250,0.7237,0.5275,-114.03,-121.17,2293.48
2.0625,0.1893,0.7915,-0.0161,-112.28,-137.97,2293.48
2.0649,0.1625,0.8306,-0.4924,-110.81,-157.15,2293.48
2.0673,0.1635,0.8311,-0.4958,-108.08,-176.47,2293.48
2.0697,0.1771,0.8169,-0.0410,-102.76,-195.09,2293.48
2.0721,0.1972,0.8018,0.4729,-94.64,-211.26,2293.48
2.0745,0.2040,0.8086,0.6188,-82.18,-223.51,2293.48
2.0769,0.1762,0.8555,0.3104,-70.49,-234.92,2293.48
2.0793,0.1479,0.8940,-0.1440,-61.67,-248.85,2293.48
2.0817,0.1401,0.9028,-0.3479,-51.73,-262.08,2293.48
2.0841,0.1449,0.8935,-0.1386,-39.97,-275.38,2293.48
2.0865,0.1591,0.8794,0.3035,-25.62,-285.67,2293.48
2.0889,0.1523,0.8745,0.5900,-9.24,-292.53,2293.48
2.0913,0.1225,0.8901,0.5051,8.54,-299.04,2293.48
2.0938,0.0913,0.9272,0.1532,24.99,-305.34,2293.48
2.0962,0.0678,0.9536,-0.1547,39.13,-311.50,2293.48
2.0986,0.0639,0.9579,-0.1581,54.39,-318.08,2293.48
2.1010,0.0766,0.9526,0.4538,88.48,-324.80,2293.48
2.1034,0.0683,0.9579,0.5339,106.61,-324.31,2293.48
2.1058,0.0527,0.9838,0.3182,123.69,-322.63,2293.48
2.1082,0.0439,1.0141,0.0044,138.25,-321.09,2293.48
2.1106,0.0439,1.0282,-0.1440,151.90,-318.57,2293.48
2.1130,0.0532,1.0302,-0.0293,165.55,-315.14,2293.48
2.1154,0.0698,1.0228,0.2313,179.41,-309.12,2293.48
2.1178,0.0800,1.0170,0.3919,193.76,-300.72,2293.48
2.1202,0.0786,1.0243,0.2996,206.99,-290.43,2293.48
2.1226,0.0771,1.0404,0.0381,218.05,-279.72,2293.48
2.1250,0.0805,1.0531,-0.1864,227.57,-267.75,2293.48
2.1274,0.0883,1.0580,-0.2108,235.62,-255.78,2293.48
2.1298,0.1005,1.0477,-0.0503,243.11,-242.13,2293.48
2.1322,0.1118,1.0199,0.1264,250.32,-227.43,2293.48
2.1346,0.1230,1.0067,0.1474,257.74,-211.61,2293.48
2.1370,0.1235,1.0048,-0.0210,262.50,-194.39,2293.48
2.1394,0.1191,1.0019,-0.2279,266.21,-178.57,2293.48
2.1418,0.1215,0.9984,-0.3148,267.61,-162.75,2293.48
2.1442,0.1298,0.9760,-0.2342,267.40,-147.42,2293.48
2.1466,0.1435,0.9433,-0.0673,267.82,-130.83,2293.48
2.1490,0.1366,0.9150,0.0381,267.68,-114.03,2293.48
2.1514,0.1220,0.8930,0.0171,266.21,-99.40,2293.48
2.1538,0.1171,0.8755,-0.0830,263.76,-84.14,2293.48
2.1563,0.1044,0.8647,-0.1610,260.33,-69.72,2293.48
2.1587,0.0932,0.8501,-0.1327,254.73,-57.68,2293.48
2.1611,0.0956,0.8301,-0.0210,248.36,-45.99,2293.48
2.1635,0.1059,0.8159,0.0820,241.85,-34.30,2293.48
2.1659,0.1196,0.8106,0.0888,234.50,-22.19,2293.48
2.1683,0.1279,0.8106,-0.0049,224.77,-11.62,2293.48
2.1707,0.1405,0.8076,-0.1215,213.36,-2.10,2293.48
2.1731,0.1508,0.7979,-0.1742,201.32,8.26,2293.48
2.1755,0.1479,0.7813,-0.1166,188.58,15.89,2293.48
2.1779,0.1581,0.7593,-0.0068,175.35,22.05,2293.48
2.1803,0.1728,0.7398,0.0561,162.54,29.40,2293.48
2.1827,0.1742,0.7344,0.0249,149.52,35.56,2293.48
2.1851,0.1713,0.7300,-0.0600,135.17,39.13,2293.48
2.1875,0.1703,0.7198,-0.1210,120.68,41.79,2293.48
2.1899,0.1684,0.7081,-0.1127,106.54,43.61,2293.48
2.1923,0.1708,0.6978,-0.0669,92.82,44.03,2293.48
2.1947,0.1757,0.6856,-0.0498,79.31,43.75,2293.48
2.1971,0.1791,0.6803,-0.0834,66.43,42.42,2293.48
2.1995,0.1732,0.6832,-0.1425,53.62,39.90,2293.48
2.2019,0.1659,0.6861,-0.2015,41.23,35.70,2293.48
2.2043,0.1669,0.6871,-0.2406,29.61,31.08,2293.48
2.2067,0.1591,0.6910,-0.2425,17.78,24.92,2293.48
2.2091,0.1498,0.6939,-0.2406,6.30,16.52,2293.48
2.2115,0.1552,0.6920,-0.2577,-2.94,8.12,2293.48
2.2139,0.1464,0.7086,-0.3055,-11.90,-0.14,2293.48
2.2163,0.1279,0.7203,-0.3675,-21.00,-11.06,2293.48
2.2188,0.1157,0.7261,-0.4226,-28.77,-22.26,2293.48
2.2212,0.1118,0.7398,-0.4304,-35.56,-34.79,2293.48
2.2236,0.1088,0.7525,-0.3933,-41.51,-46.90,2293.48
2.2260,0.1054,0.7637,-0.3758,-46.34,-60.83,2293.48
2.2284,0.1147,0.7793,-0.3870,-49.98,-74.13,2293.48
2.2308,0.1118,0.8003,-0.4241,-53.48,-86.45,2293.48
2.2332,0.0981,0.8130,-0.4602,-56.07,-100.94,2293.48
2.2356,0.1064,0.8213,-0.4382,-56.91,-116.13,2293.48
2.2380,0.1181,0.8320,-0.3802,-56.35,-127.89,2293.48
2.2404,0.1103,0.8447,-0.3401,-55.30,-140.77,2293.48
2.2428,0.1147,0.8569,-0.3299,-53.41,-154.35,2293.48
2.2452,0.1181,0.8745,-0.3431,-49.35,-164.64,2293.48
2.2476,0.1118,0.8906,-0.3543,-45.29,-176.68,2293.48
2.2500,0.1157,0.8984,-0.3367,-40.18,-188.65,2293.48
2.2524,0.1220,0.8999,-0.2869,-33.74,-199.08,2293.48
2.2548,0.1215,0.9043,-0.2479,-25.76,-208.04,2293.48
2.2572,0.1152,0.9170,-0.2367,-17.29,-217.14,2293.48
2.2596,0.1137,0.9267,-0.2533,-8.05,-225.89,2293.48
2.2620,0.1103,0.9384,-0.2835,2.31,-233.10,2293.48
2.2644,0.1025,0.9501,-0.2908,12.39,-240.66,2293.48
2.2668,0.1113,0.9604,-0.2586,22.96,-247.17,2293.48
2.2692,0.1176,0.9672,-0.2240,34.65,-251.51,2293.48
2.2716,0.1157,0.9701,-0.2108,46.34,-255.71,2293.48
2.2740,0.1181,0.9833,-0.2255,58.87,-258.58,2293.48
2.2764,0.1137,0.9989,-0.2733,70.21,-260.33,2293.48
2.2788,0.1225,1.0038,-0.2991,82.32,-262.36,2293.48
2.2813,0.1283,1.0146,-0.3109,94.29,-261.24,2293.48
2.2837,0.1279,1.0175,-0.3284,104.44,-261.59,2293.48
2.2861,0.1474,1.0048,-0.3274,116.20,-259.84,2293.48
2.2885,0.1425,1.0116,-0.3450,127.47,-254.52,2293.48
2.2909,0.1337,1.0199,-0.3880,136.64,-252.28,2293.48
2.2933,0.1459,1.0194,-0.4387,146.79,-246.96,2293.48
2.2957,0.1440,1.0282,-0.4841,156.10,-240.66,2293.48
2.2981,0.1523,1.0233,-0.4934,163.73,-234.64,2293.48
2.3005,0.1620,1.0087,-0.4831,171.64,-226.38,2293.48
2.3029,0.1640,1.0038,-0.4963,178.99,-218.12,2293.48
2.3053,0.1649,0.9980,-0.5358,185.08,-208.81,2293.48
2.3077,0.1630,0.9906,-0.5710,190.89,-199.50,2293.48
2.3101,0.1649,0.9833,-0.5934,195.51,-189.42,2293.48
2.3125,0.1679,0.9740,-0.6037,199.15,-179.20,2293.48
2.3149,0.1747,0.9579,-0.5915,201.95,-169.12,2293.48
2.3173,0.1786,0.9438,-0.5651,204.75,-157.71,2293.48
2.3197,0.1718,0.9355,-0.5412,206.08,-146.79,2293.48
2.3221,0.1708,0.9179,-0.5451,206.57,-136.71,2293.48
2.3245,0.1767,0.9004,-0.5539,206.36,-126.21,2293.48
2.3269,0.1791,0.8852,-0.5441,205.10,-116.27,2293.48
2.3293,0.1801,0.8677,-0.5163,203.07,-105.77,2293.48
2.3317,0.1806,0.8506,-0.4724,200.55,-95.62,2293.48
2.3341,0.1815,0.8369,-0.4397,197.05,-85.68,2293.48
2.3365,0.1781,0.8218,-0.4358,192.78,-75.60,2293.48
2.3389,0.1737,0.8052,-0.4568,188.23,-66.57,2293.48
2.3413,0.1684,0.7954,-0.4553,182.42,-58.38,2293.48
2.3438,0.1654,0.7837,-0.4304,175.56,-50.68,2293.48
2.3462,0.1557,0.7740,-0.3938,168.77,-42.98,2293.48
2.3486,0.1469,0.7691,-0.3606,161.77,-37.03,2293.48
2.3510,0.1459,0.7642,-0.3636,153.44,-30.87,2293.48
2.3534,0.1362,0.7564,-0.3860,144.34,-26.32,2293.48
2.3558,0.1264,0.7535,-0.3967,135.31,-22.96,2293.48
2.3582,0.1215,0.7584,-0.3738,125.09,-20.09,2293.48
2.3606,0.1210,0.7584,-0.3426,114.73,-18.55,2293.48
2.3630,0.1186,0.7627,-0.3304,104.93,-17.29,2293.48
2.3654,0.1176,0.7725,-0.3567,94.08,-17.29,2293.48
2.3678,0.1220,0.7725,-0.4124,83.16,-17.57,2293.48
2.3702,0.1220,0.7701,-0.4631,72.87,-19.11,2293.48
2.3726,0.1259,0.7662,-0.4924,62.72,-21.56,2293.48
2.3750,0.1269,0.7623,-0.4870,53.06,-23.80,2293.48
2.3774,0.1200,0.7632,-0.4826,43.82,-27.37,2293.48
2.3798,0.1196,0.7676,-0.5070,35.35,-31.85,2293.48
2.3822,0.1161,0.7759,-0.5549,27.23,-36.19,2293.48
2.3846,0.1088,0.7823,-0.6173,18.97,-42.14,2293.48
2.3870,0.1054,0.7876,-0.6559,11.90,-48.93,2293.48
2.3894,0.1015,0.7969,-0.6568,5.39,-55.65,2293.48
2.3918,0.1000,0.8086,-0.6359,-1.05,-63.28,2293.48
2.3942,0.1025,0.8198,-0.6310,-6.30,-71.19,2293.48
2.3966,0.1049,0.8316,-0.6529,-10.64,-79.52,2293.48
2.3990,0.1078,0.8433,-0.6764,-14.91,-87.85,2293.48
2.4014,0.1088,0.8496,-0.6856,-18.34,-96.25,2293.48
2.4038,0.1127,0.8564,-0.6603,-20.58,-105.49,2293.48
2.4063,0.1225,0.8657,-0.6110,-22.54,-113.96,2293.48
2.4087,0.1269,0.8686,-0.5690,-23.10,-121.80,2293.48
2.4111,0.1230,0.8769,-0.5592,-22.19,-130.27,2293.48
2.4135,0.1181,0.8911,-0.5851,-21.00,-138.74,2293.48
2.4159,0.1132,0.9008,-0.6120,-19.32,-147.07,2293.48
2.4183,0.1137,0.9101,-0.6017,-16.17,-155.89,2293.48
2.4207,0.1186,0.9252,-0.5695,-12.53,-163.80,2293.48
2.4231,0.1196,0.9370,-0.5470,-8.61,-171.50,2293.48
2.4255,0.1200,0.9453,-0.5470,-3.15,-179.34,2293.48
2.4279,0.1259,0.9536,-0.5534,2.45,-186.55,2293.48
2.4303,0.1352,0.9599,-0.5544,8.47,-193.13,2293.48
2.4327,0.1396,0.9604,-0.5485,15.05,-199.08,2293.48
2.4351,0.1435,0.9614,-0.5212,22.75,-204.82,2293.48
2.4375,0.1547,0.9623,-0.4865,30.80,-209.65,2293.48
2.4399,0.1601,0.9604,-0.4646,39.41,-213.29,2293.48
2.4423,0.1640,0.9589,-0.4792,48.44,-216.79,2293.48
2.4447,0.1664,0.9623,-0.5168,57.47,-218.75,2293.48
2.4471,0.1640,0.9677,-0.5446,66.85,-220.43,2293.48
2.4495,0.1698,0.9682,-0.5510,76.09,-221.62,2293.48
2.4519,0.1688,0.9643,-0.5300,85.40,-221.62,2293.48
2.4543,0.1635,0.9575,-0.5183,94.71,-221.90,2293.48
2.4567,0.1620,0.9555,-0.5324,104.09,-220.57,2293.48
2.4591,0.1615,0.9589,-0.5768,112.98,-218.40,2293.48
2.4615,0.1615,0.9594,-0.6242,121.66,-215.95,2293.48
2.4639,0.1601,0.9584,-0.6442,129.71,-212.80,2293.48
2.4663,0.1630,0.9560,-0.6383,137.27,-209.44,2293.48
2.4688,0.1679,0.9501,-0.6295,145.04,-204.54,2293.48
2.4712,0.1640,0.9521,-0.6442,152.11,-199.15,2293.48
2.4736,0.1615,0.9472,-0.6739,157.71,-194.04,2293.48
2.4760,0.1654,0.9340,-0.6944,163.94,-188.02,2293.48
2.4784,0.1620,0.9301,-0.7013,169.33,-181.16,2293.48
2.4808,0.1571,0.9204,-0.6959,173.18,-174.86,2293.48
2.4832,0.1591,0.9091,-0.6856,177.66,-167.86,2293.48
2.4856,0.1527,0.9033,-0.6734,181.09,-160.30,2293.48
2.4880,0.1449,0.8950,-0.6642,183.40,-153.30,2293.48
2.4904,0.1410,0.8891,-0.6739,185.01,-145.39,2293.48
2.4928,0.1352,0.8784,-0.6866,185.99,-138.04,2293.48
2.4952,0.1352,0.8701,-0.6852,186.34,-130.76,2293.48
2.4976,0.1342,0.8603,-0.6622,184.87,-123.34,2293.48
2.5000,0.1347,0.8462,-0.6359,183.61,-116.20,2293.48
2.5024,0.1342,0.8350,-0.6285,181.37,-108.15,2293.48
2.5048,0.1308,0.8276,-0.6412,178.43,-100.80,2293.48
2.5072,0.1279,0.8189,-0.6461,174.44,-93.87,2293.48
2.5096,0.1269,0.8072,-0.6403,170.52,-87.22,2293.48
2.5120,0.1210,0.8008,-0.6242,165.69,-80.50,2293.48
2.5144,0.1147,0.7930,-0.5954,160.30,-74.69,2293.48
2.5168,0.1171,0.7857,-0.5822,154.77,-68.88,2293.48
2.5192,0.1137,0.7823,-0.5915,149.03,-63.14,2293.48
2.5216,0.1078,0.7798,-0.6124,142.31,-58.66,2293.48
2.5240,0.1054,0.7774,-0.6227,135.38,-54.46,2293.48
2.5264,0.1015,0.7715,-0.6227,128.17,-50.82,2293.48
2.5288,0.0956,0.7676,-0.6066,120.89,-48.02,2293.48
2.5313,0.0917,0.7691,-0.5900,113.05,-45.29,2293.48
2.5337,0.0888,0.7720,-0.6007,105.42,-43.33,2293.48
2.5361,0.0800,0.7769,-0.6178,97.72,-42.49,2293.48
2.5385,0.0800,0.7852,-0.6320,89.60,-42.49,2293.48
2.5409,0.0849,0.7910,-0.6310,81.55,-41.86,2293.48
2.5433,0.0849,0.7964,-0.6207,73.71,-42.98,2293.48
2.5457,0.0917,0.8018,-0.6193,65.24,-44.52,2293.48
2.5481,0.0966,0.8057,-0.6310,57.54,-45.64,2293.48
2.5505,0.0961,0.8135,-0.6486,50.33,-47.95,2293.48
2.5529,0.0981,0.8228,-0.6578,42.49,-51.03,2293.48
2.5553,0.1039,0.8281,-0.6681,35.28,-54.53,2293.48
2.5577,0.1044,0.8301,-0.6788,28.77,-57.82,2293.48
2.5601,0.1035,0.8379,-0.6905,22.89,-62.58,2293.48
2.5625,0.1064,0.8418,-0.6949,16.94,-67.41,2293.48
2.5649,0.1059,0.8418,-0.7056,12.67,-72.10,2293.48
2.5673,0.1035,0.8486,-0.7203,8.47,-77.70,2293.48
2.5697,0.1064,0.8550,-0.7188,4.48,-84.21,2293.48
2.5721,0.1078,0.8618,-0.7139,1.89,-89.88,2293.48
2.5745,0.1078,0.8760,-0.7100,-0.07,-96.88,2293.48
2.5769,0.1132,0.8877,-0.7022,-2.17,-103.67,2293.48
2.5793,0.1161,0.8965,-0.6891,-2.73,-110.53,2293.48
2.5817,0.1196,0.9072,-0.6822,-2.94,-117.46,2293.48
2.5841,0.1244,0.9155,-0.6769,-2.73,-124.74,2293.48
2.5865,0.1293,0.9204,-0.6715,-1.89,-131.88,2293.48
2.5889,0.1327,0.9257,-0.6525,0.14,-138.95,2293.48
2.5913,0.1376,0.9340,-0.6305,2.59,-146.23,2293.48
2.5938,0.1435,0.9399,-0.6163,5.46,-153.02,2293.48
2.5962,0.1488,0.9428,-0.6149,9.31,-159.25,2293.48
2.5986,0.1523,0.9477,-0.6178,13.86,-165.55,2293.48
2.6010,0.1537,0.9506,-0.6227,18.41,-171.71,2293.48
2.6034,0.1571,0.9521,-0.6290,23.45,-177.38,2293.48
2.6058,0.1649,0.9536,-0.6212,29.47,-182.70,2293.48
2.6082,0.1737,0.9540,-0.6105,35.77,-187.18,2293.34
2.6106,0.1810,0.9526,-0.6046,42.28,-191.87,2293.20
2.6130,0.1879,0.9492,-0.6134,49.49,-195.16,2293.41
2.6154,0.1859,0.9477,-0.6310,56.77,-197.68,2293.13
2.6178,0.1850,0.9443,-0.6461,64.12,-200.90,2292.71
2.6202,0.1903,0.9389,-0.6544,71.75,-202.37,2292.50
2.6226,0.1864,0.9345,-0.6529,79.80,-203.56,2292.22
2.6250,0.1801,0.9306,-0.6515,87.71,-204.68,2292.22
2.6274,0.1776,0.9267,-0.6549,95.83,-204.89,2292.15
2.6298,0.1718,0.9257,-0.6725,103.74,-204.33,2291.87
2.6322,0.1645,0.9277,-0.6900,111.44,-203.70,2291.73
2.6346,0.1610,0.9248,-0.7008,118.72,-202.65,2291.66
2.6370,0.1591,0.9213,-0.7056,126.00,-200.62,2291.59
2.6394,0.1581,0.9184,-0.7052,132.65,-198.10,2291.45
2.6418,0.1586,0.9126,-0.7115,139.23,-194.74,2291.24
2.6442,0.1596,0.9077,-0.7227,145.46,-191.31,2291.17
2.6466,0.1596,0.8994,-0.7369,151.06,-187.04,2291.10
2.6490,0.1552,0.8945,-0.7476,156.52,-182.28,2291.24
2.6514,0.1498,0.8911,-0.7457,160.51,-177.03,2291.31
2.6538,0.1493,0.8823,-0.7286,164.50,-171.78,2291.52
2.6563,0.1474,0.8735,-0.7091,168.28,-165.55,2291.31
2.6587,0.1401,0.8691,-0.7027,170.80,-159.67,2291.31
2.6611,0.1352,0.8589,-0.7076,172.48,-153.51,2291.52
2.6635,0.1318,0.8481,-0.7056,174.30,-147.21,2291.66
2.6659,0.1313,0.8472,-0.6978,175.42,-141.05,2292.08
2.6683,0.1279,0.8462,-0.6910,175.14,-133.70,2292.08
2.6707,0.1200,0.8398,-0.6847,174.51,-127.40,2292.15
2.6731,0.1108,0.8320,-0.6744,173.25,-120.61,2292.36
2.6755,0.1035,0.8242,-0.6637,171.50,-114.03,2292.71
2.6779,0.0976,0.8154,-0.6573,168.91,-107.59,2292.78
2.6803,0.0922,0.8111,-0.6486,165.97,-101.22,2292.85
2.6827,0.0869,0.8106,-0.6481,162.12,-95.06,2292.71
2.6851,0.0844,0.8062,-0.6549,157.99,-89.53,2292.78
2.6875,0.0844,0.8067,-0.6583,153.51,-83.65,2293.06
2.6899,0.0805,0.8086,-0.6486,148.05,-78.61,2293.20
2.6923,0.0839,0.8042,-0.6364,142.24,-73.85,2293.27
2.6947,0.0805,0.8032,-0.6324,136.36,-68.95,2293.41
2.6971,0.0737,0.8042,-0.6383,129.85,-65.52,2293.13
2.6995,0.0776,0.8023,-0.6564,123.27,-62.09,2293.20
2.7019,0.0781,0.8018,-0.6783,116.27,-58.59,2293.48
2.7043,0.0747,0.8047,-0.6871,108.99,-56.56,2293.48
2.7067,0.0766,0.8072,-0.6759,101.71,-54.67,2293.48
2.7091,0.0786,0.8115,-0.6598,94.22,-52.92,2293.48
2.7115,0.0805,0.8179,-0.6612,86.80,-51.87,2293.48
2.7139,0.0825,0.8218,-0.6803,79.31,-51.38,2293.48
2.7163,0.0815,0.8247,-0.7003,71.68,-51.31,2293.34
2.7188,0.0820,0.8267,-0.7052,64.26,-52.43,2293.41
2.7212,0.0913,0.8252,-0.6944,57.05,-53.62,2293.48
2.7236,0.1000,0.8276,-0.6783,50.54,-54.60,2293.48
2.7260,0.1025,0.8335,-0.6671,44.17,-56.77,2293.20
2.7284,0.1083,0.8374,-0.6773,37.87,-59.43,2293.27
2.7308,0.1142,0.8423,-0.7017,32.06,-62.16,2293.34
2.7332,0.1181,0.8452,-0.7110,26.95,-65.31,2293.13
2.7356,0.1225,0.8457,-0.7022,22.05,-69.16,2293.27
2.7380,0.1269,0.8452,-0.6939,17.85,-73.36,2293.20
2.7404,0.1288,0.8520,-0.6891,14.49,-77.56,2293.06
2.7428,0.1264,0.8584,-0.6895,11.34,-82.60,2292.64
2.7452,0.1303,0.8623,-0.6978,9.17,-87.99,2292.36
2.7476,0.1347,0.8711,-0.7017,7.21,-92.96,2292.29
2.7500,0.1371,0.8769,-0.6988,5.74,-98.91,2292.08
2.7524,0.1420,0.8813,-0.6832,5.04,-104.79,2291.73
2.7548,0.1493,0.8867,-0.6671,4.76,-110.81,2291.24
2.7572,0.1518,0.8891,-0.6656,5.18,-116.20,2291.03
2.7596,0.1523,0.8935,-0.6666,6.44,-122.85,2290.68
2.7620,0.1566,0.8979,-0.6695,7.91,-128.31,2290.26
2.7644,0.1566,0.8984,-0.6573,9.94,-134.54,2289.98
2.7668,0.1615,0.9018,-0.6417,12.88,-141.05,2289.35
2.7692,0.1649,0.9067,-0.6324,16.03,-146.44,2288.93
2.7716,0.1659,0.9101,-0.6334,19.53,-152.11,2288.30
2.7740,0.1708,0.9116,-0.6456,24.01,-157.71,2287.88
2.7764,0.1728,0.9130,-0.6520,28.77,-162.89,2287.53
2.7788,0.1762,0.9174,-0.6486,33.39,-167.93,2286.97
2.7813,0.1791,0.9209,-0.6505,38.50,-171.99,2286.48
2.7837,0.1810,0.9267,-0.6559,43.96,-176.40,2286.06
2.7861,0.1845,0.9282,-0.6632,49.42,-179.97,2285.64
2.7885,0.1835,0.9257,-0.6725,55.23,-182.63,2285.29
2.7909,0.1820,0.9243,-0.6705,61.39,-185.92,2285.01
2.7933,0.1830,0.9209,-0.6656,67.41,-188.65,2284.59
2.7957,0.1864,0.9155,-0.6593,73.57,-190.68,2284.17
2.7981,0.1879,0.9096,-0.6661,80.29,-191.52,2283.89
2.8005,0.1810,0.9072,-0.6803,86.59,-192.78,2283.61
2.8029,0.1781,0.9062,-0.6910,92.89,-193.48,2283.47
2.8053,0.1752,0.9028,-0.6905,99.26,-193.06,2283.19
2.8077,0.1698,0.9004,-0.6793,105.42,-192.85,2282.91
2.8101,0.1654,0.8974,-0.6705,111.09,-191.94,2282.91
2.8125,0.1610,0.8930,-0.6700,116.97,-190.68,2282.63
2.8149,0.1557,0.8921,-0.6773,122.36,-188.79,2282.49
2.8173,0.1493,0.8911,-0.6842,127.26,-186.83,2282.14
2.8197,0.1435,0.8862,-0.6856,131.81,-184.10,2282.07
2.8221,0.1376,0.8813,-0.6822,135.94,-181.58,2282.35
2.8245,0.1362,0.8774,-0.6754,139.93,-178.15,2282.49
2.8269,0.1327,0.8725,-0.6666,143.15,-174.65,2282.42
2.8293,0.1279,0.8682,-0.6617,146.16,-170.66,2282.42
2.8317,0.1225,0.8657,-0.6568,148.40,-166.18,2282.28
2.8341,0.1220,0.8647,-0.6568,150.64,-161.91,2282.63
2.8365,0.1205,0.8599,-0.6539,151.90,-156.66,2282.77
2.8389,0.1142,0.8560,-0.6461,152.95,-151.69,2282.56
2.8413,0.1093,0.8520,-0.6388,153.16,-146.93,2282.98
2.8438,0.1069,0.8477,-0.6334,152.95,-141.47,2283.19
2.8462,0.0986,0.8486,-0.6373,152.39,-136.15,2283.12
2.8486,0.0937,0.8477,-0.6427,151.13,-131.32,2283.19
2.8510,0.0922,0.8472,-0.6442,149.45,-125.65,2283.54
2.8534,0.0869,0.8472,-0.6359,147.00,-120.54,2283.89
2.8558,0.0859,0.8462,-0.6305,143.99,-115.57,2283.82
2.8582,0.0878,0.8467,-0.6407,140.56,-110.39,2283.96
2.8606,0.0815,0.8491,-0.6603,136.92,-105.21,2284.17
2.8630,0.0795,0.8491,-0.6861,132.72,-100.94,2284.45
2.8654,0.0810,0.8486,-0.7022,128.17,-95.90,2284.73
2.8678,0.0766,0.8467,-0.7125,123.76,-91.91,2284.87
2.8702,0.0805,0.8438,-0.7203,118.93,-88.06,2285.08
2.8726,0.0864,0.8442,-0.7232,114.31,-84.00,2285.15
2.8750,0.0854,0.8442,-0.7296,108.92,-80.22,2285.22
2.8774,0.0869,0.8433,-0.7520,103.81,-77.42,2285.36
2.8798,0.0908,0.8506,-0.7715,98.21,-74.34,2285.85
2.8822,0.0976,0.8516,-0.7842,92.40,-72.59,2285.92
2.8846,0.1064,0.8496,-0.7910,87.36,-70.07,2285.85
2.8870,0.1108,0.8545,-0.7891,81.90,-68.60,2285.71
2.8894,0.1186,0.8550,-0.7974,76.16,-67.20,2285.71
2.8918,0.1249,0.8506,-0.8096,70.84,-66.08,2285.99
2.8942,0.1288,0.8491,-0.8198,66.01,-65.52,2285.85
2.8966,0.1332,0.8477,-0.8233,60.83,-65.17,2285.71
2.8990,0.1376,0.8447,-0.8276,56.07,-65.45,2285.71
2.9014,0.1435,0.8418,-0.8267,51.87,-66.08,2285.57
2.9038,0.1488,0.8418,-0.8242,47.60,-66.92,2285.01
2.9063,0.1542,0.8398,-0.8267,44.03,-68.25,2285.29
2.9087,0.1576,0.8364,-0.8262,40.95,-70.00,2285.22
2.9111,0.1601,0.8345,-0.8281,38.08,-72.10,2284.94
2.9135,0.1606,0.8320,-0.8306,35.42,-74.55,2284.73
2.9159,0.1601,0.8242,-0.8272,33.46,-77.42,2284.38
2.9183,0.1596,0.8189,-0.8203,32.34,-80.71,2284.24
2.9207,0.1566,0.8218,-0.8208,31.08,-84.21,2284.17
2.9231,0.1523,0.8233,-0.8301,30.45,-87.92,2283.82
2.9255,0.1523,0.8233,-0.8335,30.52,-92.54,2283.47
2.9279,0.1513,0.8257,-0.8316,31.01,-96.60,2283.05
2.9303,0.1479,0.8272,-0.8306,31.36,-101.50,2282.63
2.9327,0.1523,0.8272,-0.8213,32.76,-107.17,2282.07
2.9351,0.1542,0.8340,-0.8169,34.37,-111.79,2281.58
2.9375,0.1508,0.8384,-0.8272,35.98,-116.83,2281.23
2.9399,0.1508,0.8398,-0.8438,38.08,-122.01,2280.67
2.9423,0.1513,0.8433,-0.8486,40.67,-127.33,2280.25
2.9447,0.1527,0.8462,-0.8364,43.40,-132.23,2279.90
2.9471,0.1449,0.8462,-0.8252,46.27,-136.92,2279.41
2.9495,0.1415,0.8447,-0.8208,49.77,-142.59,2278.78
2.9519,0.1425,0.8491,-0.8276,53.69,-146.58,2278.64
2.9543,0.1347,0.8569,-0.8486,57.54,-150.71,2278.36
2.9567,0.1298,0.8589,-0.8662,61.53,-155.47,2277.94
2.9591,0.1313,0.8628,-0.8618,66.01,-159.46,2277.59
2.9615,0.1274,0.8696,-0.8545,70.28,-162.33,2277.03
2.9639,0.1176,0.8706,-0.8452,74.48,-166.11,2276.75
2.9663,0.1157,0.8686,-0.8394,79.17,-169.61,2276.19
2.9688,0.1113,0.8730,-0.8438,84.21,-171.78,2276.05
2.9712,0.1020,0.8794,-0.8506,88.76,-174.23,2275.49
2.9736,0.0981,0.8833,-0.8613,93.17,-176.89,2275.21
2.9760,0.0947,0.8896,-0.8701,97.72,-178.50,2275.14
2.9784,0.0883,0.8969,-0.8686,102.27,-179.97,2274.86
2.9808,0.0844,0.9013,-0.8608,106.05,-181.86,2274.65
2.9832,0.0854,0.9048,-0.8574,109.90,-182.77,2274.30
2.9856,0.0830,0.9111,-0.8657,113.68,-182.77,2274.09
2.9880,0.0756,0.9189,-0.8740,116.97,-183.12,2274.02
2.9904,0.0766,0.9228,-0.8784,119.70,-183.12,2273.60
2.9928,0.0820,0.9257,-0.8721,122.57,-182.14,2273.67
2.9952,0.0810,0.9277,-0.8560,124.81,-180.88,2273.60
2.9976,0.0815,0.9257,-0.8486,126.56,-179.34,2273.53
3.0000,0.0839,0.9252,-0.8525,128.45,-177.10,2273.46
3.0024,0.0830,0.9248,-0.8584,129.71,-174.37,2273.74
3.0048,0.0839,0.9204,-0.8555,130.41,-171.85,2273.32
3.0072,0.0898,0.9165,-0.8433,131.32,-168.77,2273.53
3.0096,0.0966,0.9189,-0.8247,131.67,-164.85,2273.46
3.0120,0.0991,0.9170,-0.8164,131.60,-160.93,2273.67
3.0144,0.0986,0.9082,-0.8272,131.60,-156.87,2273.67
3.0168,0.1025,0.9043,-0.8389,131.67,-152.46,2273.74
3.0192,0.1025,0.9052,-0.8418,130.55,-147.63,2273.81
3.0216,0.1000,0.8979,-0.8359,129.29,-143.43,2273.95
3.0240,0.1035,0.8886,-0.8233,128.52,-139.02,2274.09
3.0264,0.1044,0.8867,-0.8140,126.91,-133.70,2274.23
3.0288,0.0981,0.8857,-0.8194,124.95,-128.94,2274.16
3.0313,0.0986,0.8818,-0.8267,123.13,-125.02,2274.65
3.0337,0.1044,0.8779,-0.8291,121.17,-120.12,2274.65
3.0361,0.1020,0.8755,-0.8316,118.51,-115.29,2274.79
3.0385,0.1020,0.8711,-0.8252,115.78,-111.44,2274.93
3.0409,0.1078,0.8691,-0.8130,113.54,-107.10,2275.21
3.0433,0.1108,0.8677,-0.8120,110.39,-102.48,2275.42
3.0457,0.1122,0.8628,-0.8189,107.31,-98.84,2275.35
3.0481,0.1166,0.8623,-0.8281,104.30,-94.85,2275.49
3.0505,0.1186,0.8613,-0.8350,100.80,-91.35,2275.63
3.0529,0.1225,0.8613,-0.8330,97.44,-88.13,2275.77
3.0553,0.1259,0.8584,-0.8272,93.59,-85.12,2275.77
3.0577,0.1308,0.8511,-0.8198,90.16,-82.25,2275.84
3.0601,0.1327,0.8496,-0.8174,86.87,-79.38,2275.84
3.0625,0.1322,0.8496,-0.8247,83.30,-77.63,2275.84
3.0649,0.1366,0.8447,-0.8330,79.52,-75.81,2275.84
3.0673,0.1386,0.8394,-0.8320,76.37,-74.20,2275.91
3.0697,0.1401,0.8345,-0.8247,73.22,-72.94,2275.91
3.0721,0.1420,0.8311,-0.8120,70.07,-72.38,2276.19
3.0745,0.1435,0.8316,-0.8076,67.27,-72.10,2275.77
3.0769,0.1440,0.8311,-0.8150,64.68,-72.10,2275.70
3.0793,0.1449,0.8301,-0.8237,62.09,-72.66,2275.77
3.0817,0.1454,0.8257,-0.8213,59.64,-73.78,2275.70
3.0841,0.1459,0.8194,-0.8018,57.68,-75.60,2275.49
3.0865,0.1469,0.8174,-0.7793,56.21,-77.28,2275.21
3.0889,0.1464,0.8154,-0.7725,54.95,-79.17,2274.86
3.0913,0.1464,0.8130,-0.7818,53.90,-81.69,2274.72
3.0938,0.1440,0.8145,-0.7950,53.13,-84.28,2274.51
3.0962,0.1415,0.8150,-0.7989,52.36,-87.64,2274.30
3.0986,0.1405,0.8150,-0.7896,52.01,-90.93,2273.95
3.1010,0.1401,0.8130,-0.7749,51.87,-94.57,2273.46
3.1034,0.1386,0.8130,-0.7627,52.36,-98.42,2273.25
3.1058,0.1366,0.8169,-0.7618,52.50,-102.06,2273.04
3.1082,0.1342,0.8203,-0.7725,52.85,-106.05,2272.76
3.1106,0.1322,0.8213,-0.7779,53.62,-110.74,2272.41
3.1130,0.1332,0.8247,-0.7779,54.67,-115.08,2272.13
3.1154,0.1322,0.8296,-0.7735,55.58,-119.21,2271.64
3.1178,0.1327,0.8316,-0.7696,57.12,-123.55,2271.01
3.1202,0.1332,0.8359,-0.7657,59.01,-127.61,2270.73
3.1226,0.1313,0.8408,-0.7681,60.62,-131.81,2270.17
3.1250,0.1293,0.8442,-0.7823,62.37,-135.59,2269.89
3.1274,0.1259,0.8467,-0.7950,64.40,-139.30,2269.75
3.1298,0.1244,0.8516,-0.7915,66.50,-143.36,2269.47
3.1322,0.1235,0.8550,-0.7764,68.60,-146.65,2269.05
3.1346,0.1186,0.8555,-0.7706,71.19,-149.94,2268.91
3.1370,0.1122,0.8589,-0.7691,73.99,-153.44,2268.42
3.1394,0.1074,0.8628,-0.7715,76.16,-156.66,2268.21
3.1418,0.1064,0.8608,-0.7784,78.68,-159.60,2267.86
3.1442,0.1059,0.8657,-0.7725,81.83,-162.47,2267.51
3.1466,0.1039,0.8740,-0.7623,84.21,-164.99,2267.02
3.1490,0.1020,0.8750,-0.7569,86.52,-167.16,2266.67
3.1514,0.1015,0.8774,-0.7593,89.67,-168.77,2266.39
3.1538,0.1010,0.8833,-0.7652,92.47,-170.31,2266.32
3.1563,0.1015,0.8847,-0.7706,94.85,-171.29,2266.25
3.1587,0.0991,0.8843,-0.7691,97.51,-171.92,2265.83
3.1611,0.0971,0.8867,-0.7544,99.89,-172.62,2265.83
3.1635,0.1005,0.8916,-0.7388,102.06,-172.41,2265.69
3.1659,0.1025,0.8945,-0.7286,103.95,-171.92,2265.76
3.1683,0.1015,0.8965,-0.7247,105.91,-171.15,2265.69
3.1707,0.1035,0.8984,-0.7208,107.24,-170.52,2265.41
3.1731,0.1078,0.8979,-0.7154,108.71,-168.70,2265.34
3.1755,0.1074,0.8984,-0.7100,109.76,-166.74,2265.41
3.1779,0.1088,0.8989,-0.7017,110.74,-164.78,2265.48
3.1803,0.1142,0.8955,-0.6895,111.51,-162.33,2265.27
3.1827,0.1161,0.8935,-0.6891,112.28,-159.18,2265.55
3.1851,0.1152,0.8921,-0.6910,112.56,-156.52,2265.48
3.1875,0.1191,0.8896,-0.6856,112.70,-153.37,2265.41
3.1899,0.1230,0.8921,-0.6798,112.70,-149.59,2265.41
3.1923,0.1264,0.8940,-0.6730,112.49,-145.67,2265.48
3.1947,0.1318,0.8911,-0.6720,111.79,-141.61,2265.69
3.1971,0.1352,0.8867,-0.6793,111.02,-137.48,2265.83
3.1995,0.1362,0.8823,-0.6905,109.97,-132.86,2265.83
3.2019,0.1371,0.8789,-0.6998,108.71,-128.45,2265.83
3.2043,0.1405,0.8725,-0.7032,107.31,-124.18,2266.11
3.2067,0.1425,0.8667,-0.7017,105.98,-119.84,2266.32
3.2091,0.1425,0.8633,-0.7052,104.51,-115.22,2266.60
3.2115,0.1430,0.8594,-0.7135,102.76,-111.16,2266.60
3.2139,0.1449,0.8535,-0.7257,101.15,-106.96,2266.60
3.2163,0.1459,0.8462,-0.7408,99.40,-102.90,2266.67
3.2188,0.1479,0.8398,-0.7501,97.58,-99.12,2266.88
3.2212,0.1498,0.8340,-0.7530,95.69,-95.41,2267.16
3.2236,0.1518,0.8262,-0.7579,93.94,-92.12,2267.09
3.2260,0.1503,0.8208,-0.7632,92.40,-88.34,2267.02
3.2284,0.1454,0.8159,-0.7657,90.23,-85.54,2267.37
3.2308,0.1459,0.8091,-0.7720,88.34,-83.02,2267.37
3.2332,0.1430,0.8057,-0.7784,86.66,-80.64,2267.30
3.2356,0.1420,0.8062,-0.7852,84.77,-78.68,2267.23
3.2380,0.1410,0.8062,-0.7915,82.39,-77.07,2267.30
3.2404,0.1405,0.8057,-0.7950,80.50,-75.95,2267.16
3.2428,0.1410,0.8023,-0.7945,78.61,-74.97,2267.23
3.2452,0.1352,0.7969,-0.7930,77.00,-74.69,2267.02
3.2476,0.1332,0.7930,-0.7925,75.60,-75.11,2266.88
3.2500,0.1347,0.7925,-0.7950,74.13,-75.32,2266.67
3.2524,0.1313,0.7935,-0.8018,72.52,-75.81,2266.60
3.2548,0.1288,0.7910,-0.8115,71.26,-77.28,2266.53
3.2572,0.1288,0.7915,-0.8169,70.14,-78.40,2266.46
3.2596,0.1254,0.7920,-0.8111,68.95,-79.66,2266.18
3.2620,0.1166,0.7896,-0.8023,67.97,-81.62,2266.18
3.2644,0.1127,0.7871,-0.7964,67.55,-84.42,2265.97
3.2668,0.1127,0.7906,-0.7945,66.92,-86.73,2265.69
3.2692,0.1069,0.7935,-0.7974,66.22,-89.46,2265.34
3.2716,0.1000,0.7945,-0.8032,66.15,-93.03,2264.71
3.2740,0.0996,0.7969,-0.8028,66.15,-96.46,2264.57
3.2764,0.0976,0.7993,-0.7969,66.15,-99.40,2264.36
3.2788,0.0932,0.8052,-0.7896,66.57,-103.39,2264.22
3.2813,0.0942,0.8130,-0.7842,67.13,-107.45,2263.80
3.2837,0.0908,0.8203,-0.7793,67.55,-111.16,2263.45
3.2861,0.0874,0.8247,-0.7832,68.11,-115.43,2263.31
3.2885,0.0878,0.8286,-0.7901,68.74,-119.70,2262.89
3.2909,0.0859,0.8364,-0.7915,69.58,-123.76,2262.40
3.2933,0.0854,0.8423,-0.7920,70.14,-128.31,2261.98
3.2957,0.0888,0.8442,-0.7886,71.12,-132.58,2261.84
3.2981,0.0869,0.8516,-0.7828,72.17,-136.50,2261.56
3.3005,0.0830,0.8613,-0.7876,73.01,-140.77,2261.00
3.3029,0.0810,0.8667,-0.8008,74.06,-144.76,2260.58
3.3053,0.0786,0.8730,-0.8067,75.25,-148.40,2260.30
3.3077,0.0752,0.8789,-0.8047,76.37,-152.18,2260.02
3.3101,0.0727,0.8877,-0.7993,77.63,-155.96,2259.60
3.3125,0.0732,0.8994,-0.8028,79.10,-159.32,2259.39
3.3149,0.0732,0.9043,-0.8154,80.22,-162.19,2259.11
3.3173,0.0752,0.9057,-0.8320,81.83,-165.41,2258.55
3.3197,0.0815,0.9155,-0.8442,83.09,-167.86,2258.41
3.3221,0.0834,0.9267,-0.8467,84.28,-170.17,2258.34
3.3245,0.0888,0.9306,-0.8398,85.61,-172.34,2258.27
3.3269,0.1005,0.9355,-0.8320,86.87,-174.02,2257.99
3.3293,0.1054,0.9394,-0.8408,87.92,-174.86,2257.78
3.3317,0.1098,0.9399,-0.8647,89.04,-175.98,2257.50
3.3341,0.1176,0.9409,-0.8818,89.88,-176.40,2257.22
3.3365,0.1205,0.9404,-0.8735,90.44,-175.98,2257.08
3.3389,0.1249,0.9389,-0.8525,91.00,-176.05,2256.80
3.3413,0.1322,0.9365,-0.8403,91.98,-175.00,2256.73
3.3438,0.1303,0.9350,-0.8447,92.54,-173.18,2256.73
3.3462,0.1279,0.9301,-0.8594,92.96,-172.27,2256.80
3.3486,0.1337,0.9272,-0.8721,93.73,-170.66,2256.73
3.3510,0.1405,0.9262,-0.8677,94.08,-168.42,2256.73
3.3534,0.1415,0.9238,-0.8477,94.36,-165.34,2256.73
3.3558,0.1381,0.9218,-0.8276,94.71,-162.96,2256.87
3.3582,0.1430,0.9189,-0.8164,94.99,-160.44,2257.01
3.3606,0.1474,0.9155,-0.8316,95.13,-156.87,2256.80
3.3630,0.1488,0.9111,-0.8652,94.85,-153.44,2256.94
3.3654,0.1552,0.9052,-0.8823,95.13,-150.01,2257.08
3.3678,0.1591,0.8989,-0.8721,95.34,-145.74,2257.08
3.3702,0.1596,0.8935,-0.8472,95.20,-141.82,2257.22
3.3726,0.1635,0.8857,-0.8286,95.13,-137.83,2257.29
3.3750,0.1669,0.8760,-0.8276,95.34,-133.28,2257.57
3.3774,0.1640,0.8721,-0.8467,95.62,-128.59,2257.57
3.3798,0.1610,0.8721,-0.8711,95.83,-124.53,2257.64
3.3822,0.1630,0.8682,-0.8804,95.48,-120.61,2257.71
3.3846,0.1640,0.8608,-0.8716,95.34,-116.48,2257.71
3.3870,0.1649,0.8564,-0.8520,95.20,-112.42,2258.13
3.3894,0.1645,0.8491,-0.8413,94.64,-108.64,2258.20
3.3918,0.1649,0.8403,-0.8511,94.85,-104.86,2258.06
3.3942,0.1674,0.8394,-0.8550,94.64,-101.22,2258.20
3.3966,0.1674,0.8311,-0.8452,93.38,-97.51,2258.27
3.3990,0.1640,0.8184,-0.8423,93.03,-94.36,2258.27
3.4014,0.1625,0.8145,-0.8423,93.03,-91.63,2258.06
3.4038,0.1645,0.8120,-0.8452,92.19,-88.41,2258.20
3.4063,0.1581,0.8047,-0.8574,91.56,-85.68,2258.34
3.4087,0.1537,0.7993,-0.8603,91.42,-84.14,2258.27
3.4111,0.1532,0.7974,-0.8496,90.65,-81.76,2258.55
3.4135,0.1449,0.7910,-0.8452,90.02,-79.73,2258.62
3.4159,0.1371,0.7915,-0.8467,89.81,-79.17,2258.41
3.4183,0.1357,0.7959,-0.8530,88.83,-78.61,2257.92
3.4207,0.1293,0.7906,-0.8599,87.78,-77.98,2257.92
3.4231,0.1191,0.7828,-0.8516,87.29,-78.47,2258.20
3.4255,0.1181,0.7793,-0.8272,86.94,-79.66,2258.06
3.4279,0.1186,0.7798,-0.7969,86.38,-80.01,2257.99
3.4303,0.1083,0.7813,-0.7793,85.68,-80.99,2257.71
3.4327,0.1000,0.7832,-0.7896,85.26,-83.44,2257.36
3.4351,0.1020,0.7881,-0.8159,84.63,-85.47,2257.01
3.4375,0.0976,0.7954,-0.8447,83.65,-86.87,2257.01
3.4399,0.0903,0.8023,-0.8555,82.39,-89.88,2256.80
3.4423,0.0922,0.8023,-0.8364,81.20,-92.96,2256.59
3.4447,0.0908,0.8003,-0.7998,80.29,-95.41,2256.52
3.4471,0.0849,0.8018,-0.7662,79.66,-98.35,2256.17
3.4495,0.0810,0.8052,-0.7574,79.17,-102.13,2255.82
3.4519,0.0776,0.8140,-0.7725,78.47,-105.70,2255.47
3.4543,0.0752,0.8237,-0.7950,77.49,-109.83,2255.19
3.4567,0.0761,0.8286,-0.8096,76.51,-113.82,2254.91
3.4591,0.0742,0.8320,-0.8072,75.81,-117.53,2254.56
3.4615,0.0742,0.8418,-0.7832,75.32,-121.66,2254.49
3.4639,0.0771,0.8506,-0.7632,74.06,-125.58,2254.07
3.4663,0.0761,0.8511,-0.7627,73.43,-129.50,2253.93
3.4688,0.0747,0.8560,-0.7769,73.57,-133.35,2253.58
3.4712,0.0747,0.8657,-0.8008,73.01,-136.92,2253.44
3.4736,0.0766,0.8691,-0.8189,72.45,-140.49,2253.16
3.4760,0.0795,0.8760,-0.8198,72.80,-143.78,2252.81
3.4784,0.0830,0.8901,-0.8052,72.80,-146.86,2252.60
3.4808,0.0859,0.8984,-0.7886,71.96,-149.52,2252.39
3.4832,0.0932,0.9038,-0.7901,71.75,-152.18,2251.69
3.4856,0.0991,0.9160,-0.8028,71.26,-153.51,2251.76
3.4880,0.1000,0.9243,-0.8111,70.42,-154.98,2251.76
3.4904,0.1035,0.9243,-0.8067,70.14,-156.94,2251.62
3.4928,0.1122,0.9248,-0.7891,70.28,-158.97,2251.34
3.4952,0.1235,0.9252,-0.7769,69.93,-159.53,2251.13
3.4976,0.1298,0.9233,-0.7852,69.93,-159.88,2250.99
3.5000,0.1357,0.9238,-0.8086,70.21,-160.65,2250.92
3.5024,0.1410,0.9257,-0.8257,70.28,-160.72,2250.36
3.5048,0.1454,0.9223,-0.8316,70.28,-160.30,2250.50
3.5072,0.1488,0.9179,-0.8198,70.77,-159.74,2250.36
3.5096,0.1562,0.9174,-0.7974,71.40,-159.46,2250.43
3.5120,0.1679,0.9135,-0.7808,71.89,-157.92,2250.50
3.5144,0.1713,0.9072,-0.7715,72.66,-155.75,2250.29
3.5168,0.1737,0.9052,-0.7754,73.57,-154.14,2250.29
3.5192,0.1786,0.9004,-0.7881,74.34,-151.69,2250.29
3.5216,0.1796,0.8930,-0.8037,75.11,-149.31,2250.43
3.5240,0.1801,0.8867,-0.8111,76.02,-147.49,2250.36
3.5264,0.1840,0.8774,-0.8057,77.07,-145.18,2250.36
3.5288,0.1879,0.8638,-0.7930,78.26,-142.24,2250.22
3.5313,0.1879,0.8530,-0.7847,80.15,-139.02,2250.15
3.5337,0.1859,0.8491,-0.7950,81.69,-136.08,2250.29
3.5361,0.1854,0.8428,-0.8203,83.16,-133.14,2250.43
3.5385,0.1840,0.8355,-0.8472,84.70,-129.64,2250.43
3.5409,0.1796,0.8272,-0.8560,86.17,-126.63,2250.43
3.5433,0.1796,0.8164,-0.8477,87.50,-123.83,2250.36
3.5457,0.1791,0.8062,-0.8340,89.11,-120.40,2250.57
3.5481,0.1713,0.7984,-0.8272,90.86,-116.97,2250.64
3.5505,0.1679,0.7920,-0.8296,92.26,-114.10,2250.71
3.5529,0.1654,0.7832,-0.8398,93.45,-110.32,2250.50
3.5553,0.1537,0.7764,-0.8525,95.20,-106.89,2250.36
3.5577,0.1425,0.7730,-0.8594,96.53,-104.58,2250.36
3.5601,0.1396,0.7701,-0.8677,97.65,-101.92,2250.36
3.5625,0.1293,0.7676,-0.8828,99.05,-98.91,2250.50
3.5649,0.1161,0.7671,-0.8935,99.82,-97.09,2250.43
3.5673,0.1142,0.7652,-0.8974,100.31,-95.13,2250.29
3.5697,0.1069,0.7618,-0.8926,101.01,-92.68,2250.57
3.5721,0.0922,0.7574,-0.8755,101.71,-91.21,2250.78
3.5745,0.0839,0.7544,-0.8560,102.48,-90.58,2250.43
3.5769,0.0795,0.7540,-0.8477,103.18,-89.32,2250.36
3.5793,0.0698,0.7584,-0.8579,103.81,-88.34,2250.29
3.5817,0.0605,0.7637,-0.8774,103.81,-88.48,2250.01
3.5841,0.0590,0.7681,-0.8926,103.81,-88.27,2250.15
3.5865,0.0551,0.7740,-0.8940,103.74,-87.64,2249.94
3.5889,0.0483,0.7759,-0.8813,103.53,-88.55,2249.87
3.5913,0.0493,0.7769,-0.8638,103.32,-89.39,2249.52
3.5938,0.0459,0.7828,-0.8574,103.46,-89.67,2249.52
3.5962,0.0366,0.7930,-0.8618,103.25,-90.86,2249.45
3.5986,0.0342,0.8047,-0.8638,102.13,-93.17,2249.38
3.6010,0.0312,0.8135,-0.8560,101.15,-94.99,2249.24
3.6034,0.0288,0.8194,-0.8418,100.17,-97.44,2248.89
3.6058,0.0303,0.8257,-0.8306,99.12,-99.75,2248.61
3.6082,0.0327,0.8320,-0.8316,97.86,-101.99,2248.33
3.6106,0.0342,0.8403,-0.8418,96.60,-104.79,2248.19
3.6130,0.0356,0.8511,-0.8501,95.13,-107.24,2247.98
3.6154,0.0376,0.8594,-0.8486,93.24,-109.97,2247.91
3.6178,0.0405,0.8652,-0.8335,91.70,-113.12,2247.77
3.6202,0.0444,0.8745,-0.8135,90.09,-116.20,2247.42
3.6226,0.0508,0.8813,-0.8076,87.92,-119.28,2247.21
3.6250,0.0581,0.8843,-0.8252,86.24,-121.80,2246.72
3.6274,0.0615,0.8891,-0.8525,85.05,-124.46,2246.65
3.6298,0.0649,0.8955,-0.8647,83.30,-127.12,2246.65
3.6322,0.0717,0.8989,-0.8530,81.20,-129.99,2246.37
3.6346,0.0810,0.9018,-0.8301,79.66,-132.58,2246.23
3.6370,0.0878,0.9087,-0.8115,77.91,-134.68,2245.95
3.6394,0.0908,0.9130,-0.8135,76.16,-136.99,2245.88
3.6418,0.0961,0.9140,-0.8306,74.62,-139.23,2245.39
3.6442,0.1054,0.9179,-0.8384,73.15,-141.26,2245.18
3.6466,0.1132,0.9223,-0.8296,71.19,-143.08,2245.04
3.6490,0.1215,0.9213,-0.8120,69.23,-144.69,2245.18
3.6514,0.1308,0.9199,-0.8047,68.04,-145.81,2244.90
3.6538,0.1371,0.9213,-0.8189,67.06,-146.72,2244.83
3.6563,0.1401,0.9228,-0.8535,65.80,-147.56,2244.62
3.6587,0.1440,0.9218,-0.8808,64.75,-149.10,2244.27
3.6611,0.1527,0.9228,-0.8769,64.05,-149.87,2244.06
3.6635,0.1586,0.9243,-0.8501,63.07,-150.36,2244.20
3.6659,0.1684,0.9184,-0.8252,62.30,-151.06,2243.92
3.6683,0.1825,0.9140,-0.8154,62.30,-150.29,2243.99
3.6707,0.1864,0.9160,-0.8252,61.95,-149.66,2244.06
3.6731,0.1879,0.9155,-0.8428,61.11,-149.24,2243.85
3.6755,0.1957,0.9067,-0.8496,60.69,-148.33,2243.85
3.6779,0.2015,0.8969,-0.8491,60.97,-147.00,2243.85
3.6803,0.2015,0.8901,-0.8462,61.04,-145.74,2243.64
3.6827,0.2040,0.8794,-0.8520,61.46,-144.62,2243.43
3.6851,0.2074,0.8682,-0.8672,62.65,-142.73,2243.50
3.6875,0.2064,0.8628,-0.8794,63.70,-141.12,2243.64
3.6899,0.2050,0.8569,-0.8882,64.40,-139.37,2243.50
3.6923,0.2084,0.8477,-0.8891,65.45,-137.48,2243.29
3.6947,0.2128,0.8389,-0.8872,66.85,-135.31,2243.50
3.6971,0.2103,0.8320,-0.8833,68.25,-132.86,2243.50
3.6995,0.2040,0.8218,-0.8891,69.72,-130.90,2243.43
3.7019,0.1991,0.8115,-0.9062,71.82,-128.45,2243.50
3.7043,0.1928,0.8042,-0.9179,74.13,-126.14,2243.36
3.7067,0.1850,0.7979,-0.9252,76.09,-123.83,2243.50
3.7091,0.1776,0.7906,-0.9243,78.33,-121.73,2243.36
3.7115,0.1703,0.7837,-0.9209,80.85,-119.49,2243.43
3.7139,0.1625,0.7832,-0.9262,83.16,-117.60,2243.22
3.7163,0.1547,0.7837,-0.9423,85.40,-115.36,2243.15
3.7188,0.1415,0.7769,-0.9516,87.43,-113.26,2243.01
3.7212,0.1322,0.7706,-0.9443,89.88,-112.14,2242.87
3.7236,0.1298,0.7676,-0.9252,92.26,-110.25,2243.01
3.7260,0.1181,0.7652,-0.9096,94.71,-108.01,2242.94
3.7284,0.1054,0.7647,-0.9145,97.30,-107.17,2242.73
3.7308,0.1015,0.7671,-0.9326,99.54,-105.91,2242.87
3.7332,0.0908,0.7715,-0.9501,101.36,-104.02,2242.94
3.7356,0.0800,0.7730,-0.9521,102.76,-103.46,2242.59
3.7380,0.0795,0.7720,-0.9331,104.23,-103.25,2242.45
3.7404,0.0742,0.7701,-0.9033,105.98,-102.27,2242.31
3.7428,0.0610,0.7725,-0.8872,107.73,-101.99,2242.38
3.7452,0.0537,0.7793,-0.8989,108.71,-102.34,2242.03
3.7476,0.0522,0.7852,-0.9243,109.62,-102.06,2241.89
3.7500,0.0454,0.7896,-0.9438,110.39,-101.78,2242.10
3.7524,0.0405,0.7950,-0.9414,111.02,-102.83,2242.03
3.7548,0.0434,0.7998,-0.9199,111.09,-103.25,2241.75
3.7572,0.0429,0.7998,-0.8984,111.58,-103.11,2241.40
3.7596,0.0351,0.8047,-0.8886,112.14,-103.46,2241.40
3.7620,0.0293,0.8159,-0.8872,112.07,-104.65,2241.19
3.7644,0.0288,0.8247,-0.8940,111.37,-105.56,2241.19
3.7668,0.0264,0.8325,-0.8969,110.60,-106.75,2240.91
3.7692,0.0254,0.8408,-0.8847,109.62,-108.50,2240.84
3.7716,0.0307,0.8457,-0.8706,108.29,-110.25,2240.70
3.7740,0.0376,0.8491,-0.8735,107.52,-111.44,2240.63
3.7764,0.0395,0.8579,-0.8852,106.75,-112.84,2240.35
3.7788,0.0386,0.8696,-0.8916,105.28,-114.66,2240.14
3.7813,0.0425,0.8755,-0.8867,103.60,-116.55,2240.28
3.7837,0.0488,0.8789,-0.8706,102.41,-118.44,2240.00
3.7861,0.0537,0.8891,-0.8511,100.80,-120.33,2239.65
3.7885,0.0581,0.8965,-0.8467,98.28,-122.50,2239.44
3.7909,0.0644,0.8940,-0.8638,96.39,-124.25,2239.30
3.7933,0.0708,0.8979,-0.8872,94.43,-125.79,2239.16
3.7957,0.0742,0.9043,-0.9013,91.91,-127.61,2239.16
3.7981,0.0766,0.9033,-0.8984,89.53,-129.36,2238.81
3.8005,0.0839,0.9067,-0.8764,87.78,-131.53,2238.67
3.8029,0.0927,0.9126,-0.8511,84.98,-133.21,2238.67
3.8053,0.0971,0.9130,-0.8525,82.11,-134.82,2238.53
3.8077,0.1054,0.9145,-0.8779,80.22,-136.85,2238.32
3.8101,0.1142,0.9238,-0.9067,77.84,-137.97,2238.11
3.8125,0.1171,0.9272,-0.9277,74.76,-139.58,2238.11
3.8149,0.1249,0.9223,-0.9248,72.59,-141.33,2237.90
3.8173,0.1322,0.9243,-0.8984,70.77,-142.31,2237.83
3.8197,0.1371,0.9277,-0.8755,67.97,-143.22,2237.69
3.8221,0.1513,0.9199,-0.8804,65.94,-144.34,2237.48
3.8245,0.1649,0.9184,-0.9111,64.61,-144.48,2237.41
3.8269,0.1674,0.9218,-0.9487,62.30,-144.41,2237.48
3.8293,0.1713,0.9170,-0.9760,60.20,-144.97,2237.34
3.8317,0.1820,0.9116,-0.9711,59.01,-145.11,2237.27
3.8341,0.1908,0.9082,-0.9457,57.61,-144.48,2237.06
3.8365,0.1952,0.9008,-0.9321,56.00,-143.92,2236.92
3.8389,0.2006,0.8901,-0.9428,55.37,-143.57,2236.71
3.8413,0.2108,0.8852,-0.9726,55.30,-141.96,2236.57
3.8438,0.2084,0.8843,-1.0092,54.88,-140.00,2236.50
3.8462,0.2030,0.8745,-1.0326,54.18,-140.00,2236.50
3.8486,0.2103,0.8633,-1.0282,54.53,-138.88,2236.43
3.8510,0.2098,0.8594,-1.0136,54.95,-136.64,2236.50
3.8534,0.2040,0.8520,-1.0155,55.09,-135.94,2236.43
3.8558,0.2094,0.8389,-1.0360,56.14,-134.40,2236.57
3.8582,0.2113,0.8291,-1.0472,58.03,-131.67,2236.50
3.8606,0.2045,0.8218,-1.0375,59.71,-129.43,2236.50
3.8630,0.1996,0.8115,-1.0238,61.46,-127.75,2236.57
3.8654,0.1962,0.8057,-1.0331,63.84,-125.02,2236.36
3.8678,0.1830,0.8081,-1.0663,65.94,-122.78,2236.15
3.8702,0.1703,0.8072,-1.1000,67.13,-121.59,2236.29
3.8726,0.1679,0.7954,-1.1078,68.88,-119.84,2236.08
3.8750,0.1625,0.7871,-1.0873,71.68,-117.67,2236.08
3.8774,0.1532,0.7876,-1.0624,73.71,-116.27,2236.01
3.8798,0.1474,0.7803,-1.0673,75.60,-114.94,2235.87
3.8822,0.1415,0.7696,-1.0931,78.33,-113.47,2235.87
3.8846,0.1347,0.7686,-1.1151,81.27,-112.21,2235.73
3.8870,0.1274,0.7662,-1.1209,83.23,-111.02,2235.87
3.8894,0.1196,0.7584,-1.1078,86.10,-109.83,2235.80
3.8918,0.1127,0.7627,-1.0873,89.60,-108.43,2235.66
3.8942,0.1010,0.7720,-1.0785,91.77,-106.96,2235.45
3.8966,0.0849,0.7725,-1.0990,93.87,-105.98,2235.38
3.8990,0.0732,0.7754,-1.1273,96.67,-106.26,2235.17
3.9014,0.0703,0.7842,-1.1439,98.70,-106.12,2235.17
3.9038,0.0639,0.7832,-1.1492,100.38,-105.84,2234.96
3.9063,0.0532,0.7779,-1.1361,102.69,-106.40,2234.96
3.9087,0.0508,0.7808,-1.1175,104.44,-106.82,2234.75
3.9111,0.0488,0.7818,-1.1180,105.84,-106.33,2234.40
3.9135,0.0366,0.7842,-1.1370,108.01,-106.40,2234.12
3.9159,0.0278,0.7950,-1.1570,109.62,-107.80,2233.91
3.9183,0.0278,0.8032,-1.1634,110.46,-108.29,2234.12
3.9207,0.0215,0.8111,-1.1634,111.51,-108.43,2233.98
3.9231,0.0166,0.8233,-1.1761,112.21,-109.97,2233.35
3.9255,0.0171,0.8369,-1.2088,112.00,-110.74,2233.07
3.9279,0.0112,0.8477,-1.2654,111.23,-111.30,2233.07
3.9303,0.0024,0.8584,-1.3186,110.60,-112.70,2233.07
3.9327,-0.0054,0.8774,-1.3400,109.27,-114.59,2232.79
3.9351,-0.0024,0.8926,-1.3522,106.89,-117.11,2232.44
3.9375,0.0166,0.8877,-1.3806,104.93,-118.72,2232.16
3.9399,0.0420,0.9331,-1.4616,104.79,-120.12,2231.67
3.9423,0.0693,0.9350,-1.6363,96.04,-120.68,2231.04
3.9447,0.2064,0.8159,-1.7475,92.89,-129.57,2228.80
3.9471,0.4875,0.3972,-1.9457,78.40,-120.26,2223.34
3.9495,0.8906,-0.3884,-2.1701,53.13,-123.13,2209.06
3.9519,2.0730,-2.1243,-3.4687,-30.66,-101.01,2172.31
3.9543,3.6210,-3.3540,-7.6065,-167.16,28.63,2114.77
3.9567,4.2314,-2.9607,-13.2253,-493.50,288.68,2054.78
3.9591,3.6561,-2.9914,-15.9820,-830.20,520.31,2013.06
3.9615,2.3868,-3.4394,-14.8889,-958.16,605.29,1979.04
3.9639,2.1892,-3.1720,-5.8370,-1060.50,539.35,1947.68
3.9663,3.3535,-3.0773,7.5562,-1199.31,605.36,1909.88
3.9688,3.9738,-2.7284,9.6468,-1059.10,764.26,1853.74
3.9712,3.4297,-1.0380,-1.2439,-992.46,779.66,1794.80
3.9736,2.7596,-1.4401,-12.3752,-1136.10,799.47,1768.69
3.9760,-1.7993,-2.2746,-14.7591,-1103.41,973.28,1734.67
3.9784,-6.0405,-6.1795,-12.4084,-756.28,940.45,1498.63
3.9808,-4.4857,-2.3688,-13.6206,938.21,691.46,1372.70
3.9832,-4.7648,8.3565,-10.7658,392.70,780.99,1363.18
3.9856,-3.9103,0.3113,-0.7754,-551.25,347.34,1227.87
3.9880,3.6644,-12.0980,9.9933,672.00,-255.29,1139.88
3.9904,10.9053,-0.5407,12.2283,1890.07,597.17,1003.52
3.9928,3.4311,3.5351,-1.3274,-227.36,1160.95,1179.99
3.9952,1.5235,-0.9941,-13.5527,849.24,-217.42,1000.37
3.9976,5.0303,4.4852,-14.2872,980.35,309.68,1073.45
4.0000,2.9070,5.6628,-4.1797,402.43,44.87,1001.77
4.0024,3.2720,-1.5387,9.3066,-210.49,126.00,1058.96
4.0048,4.1475,-6.6124,14.8635,1065.61,-104.37,936.67
4.0072,7.5137,1.8856,9.0075,1026.55,442.33,871.36
4.0096,2.6191,0.0024,-6.6568,60.13,634.69,984.69
4.0120,1.1946,-3.5287,-15.9820,722.05,-47.39,916.72
4.0144,3.5780,2.3741,-9.9689,620.97,289.66,952.98
4.0168,2.1901,1.1785,3.2193,65.80,225.68,933.87
4.0192,2.6581,-4.9888,13.1911,198.87,111.79,903.14
4.0216,4.6677,-3.3452,12.4250,888.86,140.63,828.31
4.0240,3.2535,0.2362,-0.0844,333.83,666.82,866.67
4.0264,-0.6364,-1.2346,-12.1356,322.84,327.53,865.69
4.0288,0.5051,-0.7540,-13.0042,486.01,150.08,863.73
4.0313,1.4694,0.8647,-2.8641,339.57,347.83,885.64
4.0337,0.2591,-0.8579,8.6161,104.79,362.25,881.51
4.0361,0.4241,-2.7933,11.7554,431.06,229.88,842.45
4.0385,2.0886,-0.5178,5.4427,506.10,338.17,809.90
4.0409,0.5290,0.1488,-5.2362,241.08,592.27,852.95
4.0433,-1.3113,-0.5563,-10.5105,318.50,295.89,841.40
4.0457,0.1147,0.3299,-6.4699,329.98,279.02,862.05
4.0481,0.2113,0.3504,2.7704,192.22,439.60,872.55
4.0505,-0.5129,-1.1805,8.9382,204.26,390.11,860.51
4.0529,0.4602,-1.0248,7.3571,379.82,292.67,830.76
4.0553,1.1258,0.2133,-0.2616,282.59,482.23,838.04
4.0577,-0.4738,0.1913,-6.9672,210.84,505.26,852.04
4.0601,-0.8550,0.1376,-7.4815,231.35,323.26,855.47
4.0625,0.0820,0.3948,-1.7280,186.55,379.26,868.35
4.0649,-0.0800,-0.1884,5.0972,120.40,449.96,868.70
4.0673,-0.1757,-0.8096,7.0438,199.99,395.08,851.55
4.0697,0.5646,-0.1308,2.9197,229.46,389.83,838.74
4.0721,0.4075,0.3592,-3.3204,145.46,504.35,850.92
4.0745,-0.6139,0.2167,-6.4343,124.60,444.50,857.92
4.0769,-0.4324,0.2757,-4.1338,111.86,363.58,864.43
4.0793,0.0683,0.1049,1.4494,61.04,419.16,869.68
4.0817,-0.0464,-0.4290,5.3412,63.00,441.21,863.24
4.0841,0.1230,-0.3460,4.3476,113.61,405.23,848.82
4.0865,0.4382,0.1869,-0.2816,81.55,439.32,847.84
4.0889,-0.0322,0.3065,-4.3495,35.56,474.46,856.59
4.0913,-0.4860,0.2220,-4.7048,19.04,409.36,861.98
4.0938,-0.1810,0.1464,-1.2464,-8.26,386.68,866.88
4.0962,0.0590,-0.1444,2.9714,-34.37,420.14,866.53
4.0986,0.0712,-0.3362,4.2446,-10.36,419.93,857.71
4.1010,0.2303,-0.0117,1.7197,-3.01,410.41,850.57
4.1034,0.2025,0.2738,-2.1184,-42.49,434.49,853.72
4.1058,-0.1850,0.2381,-4.0304,-69.44,424.55,859.88
4.1082,-0.2830,0.1503,-2.6547,-88.48,381.50,863.94
4.1106,-0.0332,-0.0161,0.7442,-114.38,379.96,865.62
4.1130,0.1000,-0.2230,3.1769,-116.62,394.10,861.63
4.1154,0.1513,-0.1318,2.5986,-101.71,389.90,854.84
4.1178,0.1840,0.1630,-0.2357,-118.65,390.04,852.88
4.1202,0.0220,0.2503,-2.7543,-149.66,392.42,857.01
4.1226,-0.1791,0.1630,-2.9709,-169.26,368.06,861.14
4.1250,-0.1161,0.0468,-0.8574,-189.00,344.75,863.38
4.1274,0.0600,-0.1083,1.7348,-202.86,345.66,862.05
4.1298,0.1449,-0.1532,2.5503,-196.98,348.53,857.22
4.1322,0.1654,0.0390,1.0292,-196.84,344.82,853.30
4.1346,0.1000,0.2123,-1.3308,-219.31,341.32,854.21
4.1370,-0.0420,0.1889,-2.5156,-241.29,327.88,857.64
4.1394,-0.0864,0.0839,-1.6651,-257.25,304.92,860.44
4.1418,0.0137,-0.0342,0.4211,-271.11,292.18,860.65
4.1442,0.1225,-0.1118,1.9296,-274.47,290.15,857.78
4.1466,0.1635,-0.0351,1.6094,-270.55,287.70,853.72
4.1490,0.1288,0.1386,-0.1127,-279.65,281.68,852.04
4.1514,0.0346,0.2015,-1.6782,-298.90,270.06,853.72
4.1538,-0.0317,0.1313,-1.8232,-314.44,250.81,856.24
4.1563,0.0020,0.0293,-0.5256,-325.99,232.89,857.36
4.1587,0.0869,-0.0498,1.0682,-332.36,223.30,855.96
4.1611,0.1435,-0.0429,1.5899,-331.31,218.26,852.88
4.1635,0.1410,0.0742,0.6720,-332.01,211.68,850.22
4.1659,0.0815,0.1815,-0.7876,-343.28,201.04,849.94
4.1683,0.0161,0.1718,-1.5362,-357.49,183.89,851.83
4.1707,0.0142,0.0878,-1.0194,-367.78,164.43,853.23
4.1731,0.0698,0.0059,0.2625,-373.87,149.94,853.09
4.1755,0.1230,-0.0210,1.2000,-374.57,140.77,850.71
4.1779,0.1396,0.0395,1.0180,-372.68,132.72,847.98
4.1803,0.1054,0.1401,-0.0410,-376.25,122.92,846.58
4.1827,0.0498,0.1845,-1.0189,-385.56,108.01,847.07
4.1851,0.0283,0.1391,-1.1185,-394.59,88.97,848.33
4.1875,0.0595,0.0630,-0.3192,-399.63,71.96,848.61
4.1899,0.1069,0.0181,0.6661,-400.33,59.50,847.35
4.1923,0.1293,0.0381,0.9994,-397.74,49.84,844.97
4.1947,0.1147,0.1118,0.4392,-396.27,39.62,842.94
4.1971,0.0752,0.1742,-0.4719,-399.77,26.74,842.59
4.1995,0.0468,0.1713,-0.9472,-405.65,9.66,843.08
4.2019,0.0576,0.1161,-0.6315,-409.43,-8.26,843.64
4.2043,0.0942,0.0625,0.1640,-409.29,-22.89,843.15
4.2067,0.1186,0.0542,0.7476,-405.79,-34.23,841.47
4.2091,0.1122,0.0952,0.6398,-401.59,-44.66,839.44
4.2115,0.0834,0.1527,-0.0190,-399.98,-56.49,838.11
4.2139,0.0551,0.1786,-0.6354,-401.24,-71.47,838.04
4.2163,0.0527,0.1532,-0.7042,-402.92,-88.48,838.46
4.2188,0.0766,0.1064,-0.2074,-401.80,-104.16,838.32
4.2212,0.1010,0.0800,0.4036,-397.32,-116.90,837.20
4.2236,0.1030,0.0952,0.6076,-391.16,-127.68,835.31
4.2260,0.0834,0.1391,0.2567,-385.77,-138.81,833.77
4.2284,0.0586,0.1752,-0.3143,-382.83,-151.83,833.21
4.2308,0.0483,0.1771,-0.6129,-381.22,-167.09,833.35
4.2332,0.0605,0.1464,-0.4182,-378.63,-182.56,833.35
4.2356,0.0839,0.1118,0.0732,-373.52,-195.79,832.51
4.2380,0.0956,0.1054,0.4294,-365.75,-206.71,831.18
4.2404,0.0849,0.1303,0.3528,-357.56,-217.00,829.64
4.2428,0.0620,0.1645,-0.0678,-350.98,-228.13,828.45
4.2452,0.0483,0.1796,-0.4573,-345.94,-241.15,828.24
4.2476,0.0532,0.1669,-0.4987,-341.04,-255.08,828.17
4.2500,0.0712,0.1386,-0.1854,-334.67,-267.82,827.82
4.2524,0.0854,0.1186,0.1889,-325.78,-278.60,826.84
4.2548,0.0839,0.1264,0.2977,-315.63,-287.84,825.51
4.2572,0.0669,0.1532,0.0644,-306.32,-297.22,824.32
4.2596,0.0517,0.1747,-0.2991,-298.20,-307.79,823.62
4.2620,0.0517,0.1762,-0.4870,-290.64,-319.34,823.62
4.2644,0.0639,0.1601,-0.3597,-282.59,-330.54,823.41
4.2668,0.0771,0.1401,-0.0532,-272.79,-340.48,822.78
4.2692,0.0781,0.1327,0.1552,-261.31,-348.67,821.52
4.2716,0.0678,0.1488,0.0878,-249.41,-355.95,820.33
4.2740,0.0532,0.1732,-0.1884,-238.77,-363.93,819.56
4.2764,0.0439,0.1952,-0.4319,-228.76,-372.89,819.35
4.2788,0.0512,0.1918,-0.4577,-219.17,-382.06,819.35
4.2813,0.0664,0.1762,-0.2738,-207.27,-389.48,819.07
4.2837,0.0649,0.1684,-0.0434,-195.58,-395.57,818.44
4.2861,0.0625,0.1606,-0.0020,-181.79,-402.36,817.25
4.2885,0.0488,0.1835,-0.1552,-167.93,-406.14,816.76
4.2909,0.0312,0.2074,-0.3977,-155.40,-412.51,815.92
4.2933,0.0351,0.2362,-0.5524,-141.47,-417.76,815.99
4.2957,0.0151,0.2943,-0.4690,-127.96,-422.17,815.78
4.2981,-0.0029,0.3289,-0.3558,-112.28,-427.00,814.45
4.3005,-0.0127,0.4480,-0.3650,-87.43,-427.77,813.33
4.3029,-0.0942,0.7208,-0.5256,-66.29,-424.97,811.44
4.3053,-0.1674,1.1043,-0.9448,-36.54,-427.49,808.08
4.3077,-0.2211,1.7563,-1.3947,2.52,-425.53,805.70
4.3101,-0.2747,2.6913,-1.7812,45.78,-425.53,800.66
4.3125,-0.2035,3.7820,-2.4063,111.86,-423.29,795.62
4.3149,-0.0390,4.9683,-3.2808,195.58,-413.21,791.84
4.3173,0.2157,5.8965,-4.3832,287.77,-404.53,789.74
4.3197,0.2865,6.0126,-5.2431,378.00,-374.78,791.28
4.3221,0.0229,5.3114,-4.9137,447.86,-350.49,790.23
4.3245,-0.0639,4.1407,-2.7245,468.58,-354.55,786.31
4.3269,0.1259,2.7474,0.4538,479.85,-349.23,779.31
4.3293,0.2191,1.5967,2.4507,520.59,-319.20,771.26
4.3317,0.0966,1.0253,1.8232,554.68,-286.65,764.26
4.3341,-0.0781,0.8057,-0.6349,552.09,-269.99,763.42
4.3365,-0.0810,0.6398,-2.5786,553.63,-265.93,765.94
4.3389,0.0010,0.6046,-2.4571,562.80,-250.18,770.49
4.3413,0.0356,0.5724,-0.4636,558.25,-239.05,772.17
4.3438,0.0888,0.3074,1.6324,561.96,-225.96,769.09
4.3462,0.1191,0.0839,2.1023,587.44,-200.48,765.03
4.3486,0.0351,0.1352,0.6837,598.36,-170.87,763.70
4.3510,-0.0810,0.2499,-1.3127,588.98,-158.48,765.94
4.3534,-0.0786,0.3172,-2.1662,587.37,-152.88,769.65
4.3558,-0.0171,0.3787,-1.2586,586.74,-138.67,773.15
4.3582,0.0044,0.3021,0.5558,581.77,-123.34,773.57
4.3606,0.0249,0.1083,1.6919,589.54,-107.45,770.70
4.3630,0.0473,0.0576,1.2664,604.73,-83.44,768.32
4.3654,-0.0215,0.1684,-0.2601,603.26,-58.52,769.23
4.3678,-0.1108,0.2645,-1.5640,593.88,-49.63,772.17
4.3702,-0.0795,0.3167,-1.5538,590.10,-43.19,775.32
4.3726,-0.0195,0.3104,-0.3274,585.97,-26.11,777.14
4.3750,-0.0093,0.1952,1.0209,583.10,-10.36,776.23
4.3774,0.0176,0.0756,1.3440,590.10,6.16,773.71
4.3798,0.0307,0.0932,0.4651,593.81,28.21,772.94
4.3822,-0.0366,0.1898,-0.8218,586.18,46.69,774.55
4.3846,-0.0883,0.2435,-1.4484,576.38,51.73,777.56
4.3870,-0.0405,0.2469,-0.9267,570.15,59.43,779.94
4.3894,0.0195,0.1947,0.2069,564.41,74.48,780.29
4.3918,0.0834,0.0825,0.9116,562.52,83.37,777.98
4.3942,0.2123,0.0049,0.5612,563.01,91.84,775.18
4.3966,0.3421,0.0473,-0.5802,556.29,102.13,773.85
4.3990,0.5851,0.0498,-1.6255,539.07,94.29,772.45
4.4014,1.1039,-0.0634,-2.0989,522.90,72.24,766.71
4.4038,1.8510,-0.3196,-1.9920,493.50,35.35,756.63
4.4063,2.6289,-0.8013,-2.3404,453.04,11.90,739.13
4.4087,3.8010,-1.8100,-3.2359,390.39,-59.92,719.18
4.4111,5.6232,-3.4404,-4.2261,344.33,-113.19,691.60
4.4135,6.9525,-5.1499,-6.0331,257.60,-150.43,665.28
4.4159,7.4000,-6.6192,-7.7407,142.80,-225.89,641.34
4.4183,6.5612,-6.8964,-8.0408,64.61,-210.49,631.26
4.4207,4.6311,-5.9839,-5.6198,8.19,-221.62,625.38
4.4231,3.0349,-4.7209,-0.7681,-19.18,-250.53,614.60
4.4255,1.9120,-3.5009,2.9339,-33.81,-246.05,600.32
4.4279,1.1141,-2.3639,3.0271,0.07,-224.70,587.23
4.4303,0.2479,-1.0653,-0.1737,5.88,-195.86,580.51
4.4327,-0.2045,-0.3792,-3.5526,-50.61,-258.37,580.58
4.4351,0.0727,-0.3631,-4.1807,-63.91,-263.69,585.34
4.4375,0.0605,-0.3372,-1.7588,-60.27,-246.47,590.94
4.4399,0.0000,-0.3660,2.0306,-71.12,-278.39,587.23
4.4423,0.1679,-0.4934,3.8157,-54.18,-268.87,578.69
4.4447,0.0742,-0.3704,2.0833,-20.72,-235.34,572.67
4.4471,-0.2547,-0.0332,-1.2766,-22.61,-231.77,572.39
4.4495,-0.3148,0.0630,-3.3496,-43.68,-267.61,574.77
4.4519,-0.0659,-0.0605,-2.7094,-48.58,-270.62,579.95
4.4543,-0.0044,-0.1796,0.0259,-46.06,-259.91,582.19
4.4567,-0.0464,-0.3011,2.6215,-38.22,-270.90,577.15
4.4591,0.0303,-0.3338,2.7709,-19.67,-264.81,569.66
4.4615,-0.0503,-0.1420,0.4763,-1.40,-238.56,567.21
4.4639,-0.2674,0.0859,-2.0677,-8.82,-245.21,568.61
4.4663,-0.2123,0.1118,-2.8050,-22.05,-268.45,571.83
4.4688,-0.0146,0.0024,-1.3430,-25.06,-266.21,575.26
4.4712,0.0283,-0.1137,1.1239,-16.94,-260.96,575.19
4.4736,0.0039,-0.1527,2.5083,-4.97,-259.70,569.87
4.4760,-0.0015,-0.0913,1.5797,8.54,-251.30,565.39
4.4784,-0.0986,0.0459,-0.6510,15.75,-238.84,565.32
4.4808,-0.2172,0.1518,-2.1662,10.78,-249.62,567.84
4.4832,-0.1230,0.1152,-1.8710,1.61,-264.18,570.36
4.4856,0.0059,-0.0220,-0.1249,3.78,-257.46,572.04
4.4880,-0.0034,-0.0996,1.6104,16.59,-253.19,569.45
4.4904,-0.0464,-0.1025,1.8666,27.72,-249.06,565.18
4.4928,-0.1122,-0.0532,0.4787,37.52,-240.24,562.31
4.4952,-0.2030,0.0483,-1.2981,39.06,-234.92,563.01
4.4976,-0.2650,0.0761,-1.9374,33.60,-241.01,565.60
4.5000,-0.1923,0.0146,-1.0629,32.48,-249.06,566.58
4.5024,-0.0854,-0.0869,0.5007,33.74,-239.54,566.44
4.5048,-0.1742,-0.1801,1.4616,46.62,-226.52,563.22
4.5072,-0.3309,-0.1723,0.9877,56.21,-223.09,559.23
4.5096,-0.4768,-0.1659,-0.4558,56.84,-210.21,557.97
4.5120,-0.7613,-0.2869,-1.6255,54.39,-203.00,557.62
4.5144,-1.1092,-0.5358,-1.6641,50.12,-201.39,555.66
4.5168,-1.4991,-0.9887,-0.8213,45.57,-181.30,549.36
4.5192,-2.0203,-1.3879,-0.1547,52.01,-148.61,539.49
4.5216,-2.7216,-1.6504,-0.3640,57.75,-116.13,525.91
4.5240,-3.6512,-1.8768,-1.3557,58.31,-82.25,511.63
4.5264,-4.5628,-1.9061,-2.6230,52.78,-46.76,499.59
4.5288,-5.0049,-1.7905,-3.4126,36.05,-7.14,493.50
4.5313,-4.4774,-1.6612,-3.3243,27.58,-10.08,483.63
4.5337,-3.7464,-1.5533,-1.8861,22.82,28.84,479.85
4.5361,-3.2828,-1.3025,0.1947,35.77,27.09,469.28
4.5385,-2.6332,-1.0248,1.2000,32.41,36.12,460.53
4.5409,-2.2394,-0.8179,0.6608,39.27,61.60,452.20
4.5433,-1.9784,-0.5514,-0.7154,46.97,46.83,446.18
4.5457,-1.6202,-0.2943,-1.4933,41.37,47.81,444.29
4.5481,-1.4703,-0.2001,-1.2176,30.38,59.92,444.08
4.5505,-1.3610,-0.2572,-0.1088,29.61,42.35,442.12
4.5529,-1.1575,-0.2606,1.0019,38.64,41.51,437.43
4.5553,-1.0804,-0.2162,1.1619,39.41,51.52,432.81
4.5577,-1.1063,-0.1713,0.3314,44.45,49.21,428.40
4.5601,-1.1136,-0.0659,-0.7452,44.73,41.86,426.58
4.5625,-1.0829,0.0073,-1.1351,37.24,37.45,425.74
4.5649,-1.0721,-0.0151,-0.6393,32.62,36.54,425.25
4.5673,-1.0263,-0.0464,0.3377,35.49,27.51,422.59
4.5697,-0.8730,-0.0366,0.9199,38.92,25.76,418.60
4.5721,-0.7759,-0.0093,0.5885,41.86,36.05,415.45
4.5745,-0.7525,0.0527,-0.3318,44.94,35.98,412.79
4.5769,-0.6969,0.1274,-1.0121,41.51,31.36,411.95
4.5793,-0.6573,0.1488,-0.9296,36.40,34.58,411.67
4.5817,-0.6359,0.1132,-0.2259,35.56,33.04,410.41
4.5841,-0.5846,0.0913,0.5319,39.27,31.08,407.54
4.5865,-0.5314,0.1088,0.6686,42.07,36.40,404.39
4.5889,-0.5270,0.1371,0.0781,44.45,42.98,402.08
4.5913,-0.5627,0.1976,-0.6588,44.80,42.56,401.03
4.5938,-0.5592,0.2411,-0.9252,39.62,39.62,400.68
4.5962,-0.5319,0.2220,-0.5895,37.31,42.84,400.26
4.5986,-0.5534,0.2108,0.0473,39.97,46.27,398.79
4.6010,-0.5646,0.2313,0.4319,42.56,45.92,395.64
4.6034,-0.5558,0.2528,0.2259,44.03,52.22,392.98
4.6058,-0.5802,0.2967,-0.3816,47.88,57.96,390.81
4.6082,-0.6105,0.3436,-0.8525,46.48,59.43,390.04
4.6106,-0.6076,0.3577,-0.8252,44.24,59.64,389.13
4.6130,-0.5924,0.3314,-0.4031,44.52,65.59,388.22
4.6154,-0.6173,0.3392,0.0571,49.49,71.47,386.05
4.6178,-0.6295,0.3797,0.1044,51.45,77.70,383.04
4.6202,-0.6324,0.4041,-0.3045,54.81,85.33,380.66
4.6226,-0.6642,0.4504,-0.8189,57.75,94.22,379.12
4.6250,-0.6822,0.4802,-1.0233,57.61,98.84,378.21
4.6274,-0.6612,0.4821,-0.7779,59.50,103.18,376.95
4.6298,-0.6163,0.4797,-0.3636,62.72,112.21,375.13
4.6322,-0.6012,0.4856,-0.1240,66.43,123.62,373.31
4.6346,-0.5754,0.4948,-0.2679,69.44,128.73,370.86
4.6370,-0.5422,0.5104,-0.6329,71.54,138.74,370.09
4.6394,-0.5427,0.5290,-0.9087,72.38,147.56,369.18
4.6418,-0.5207,0.5241,-0.8833,71.75,151.41,368.90
4.6442,-0.4616,0.5041,-0.5305,72.52,156.03,368.27
4.6466,-0.4085,0.4704,-0.2489,70.84,166.18,366.87
4.6490,-0.3953,0.4509,-0.1386,78.82,170.03,365.61
4.6514,-0.3152,0.5075,-0.2826,81.97,171.57,363.37
4.6538,-0.2806,0.5095,-0.6022,72.94,187.39,364.00
4.6563,-0.3333,0.4690,-0.7847,78.89,187.88,362.25
4.6587,-0.2948,0.5036,-0.6578,79.73,185.71,361.97
4.6611,-0.2269,0.5256,-0.3362,77.21,193.41,360.29
4.6635,-0.2298,0.4948,-0.1952,78.05,201.04,359.38
4.6659,-0.2006,0.5368,-0.2733,88.55,199.43,356.58
4.6683,-0.1225,0.6403,-0.5607,85.47,207.48,355.32
4.6707,-0.1288,0.6852,-0.8711,84.84,215.46,354.27
4.6731,-0.0874,0.7618,-1.0721,95.97,213.22,352.31
4.6755,0.0224,0.9135,-1.0189,101.71,223.79,350.70
4.6779,-0.0185,1.0521,-0.8067,100.45,229.53,347.76
4.6803,0.0488,1.0102,-0.9882,107.17,216.16,341.67
4.6827,0.2713,1.1356,-1.1390,135.80,224.00,339.36
4.6851,0.2494,1.3483,-1.2820,129.64,252.98,335.37
4.6875,0.0898,1.3176,-1.5821,137.69,240.66,330.47
4.6899,0.2508,1.3259,-1.5689,159.04,215.81,324.10
4.6923,0.4324,1.4084,-1.4220,180.95,245.07,319.97
4.6947,0.3113,1.5538,-1.3239,188.86,246.26,313.74
4.6971,0.4221,1.5855,-1.2722,184.45,217.70,304.99
4.6995,0.6988,1.6221,-1.3918,206.22,226.52,296.10
4.7019,0.7950,1.8939,-1.7519,218.68,225.40,286.37
4.7043,0.9370,1.9954,-2.1335,208.39,192.78,275.73
4.7067,1.2644,1.8812,-2.5654,222.53,163.87,261.38
4.7091,1.4733,1.9413,-2.9153,234.99,145.67,248.64
4.7115,1.6055,1.8822,-3.1876,215.39,98.42,231.07
4.7139,2.0603,1.4894,-3.2003,201.46,44.59,213.36
4.7163,2.4454,1.1380,-3.0027,196.14,30.17,195.51
4.7188,2.6176,0.8032,-2.5757,164.92,-4.90,177.94
4.7212,2.7616,0.3723,-2.2311,133.77,-26.18,159.74
4.7236,2.6669,0.0049,-2.2336,111.86,-42.91,144.69
4.7260,2.4620,-0.1371,-2.2790,94.22,-59.36,130.48
4.7284,2.1443,-0.2528,-2.2228,59.01,-65.17,120.82
4.7308,1.8451,-0.4485,-1.7739,42.28,-84.63,109.90
4.7332,1.6163,-0.4865,-1.1595,33.67,-77.70,101.85
4.7356,1.2576,-0.4324,-0.6368,19.81,-75.25,94.64
4.7380,1.0014,-0.4104,-0.5334,8.05,-84.28,86.94
4.7404,0.8867,-0.3997,-0.7008,2.73,-78.40,82.32
4.7428,0.7013,-0.3382,-0.8672,-0.28,-65.45,78.19
4.7452,0.5026,-0.2928,-0.8711,-13.16,-70.21,75.32
4.7476,0.4758,-0.3084,-0.6608,-17.85,-75.11,71.47
4.7500,0.4553,-0.3045,-0.3831,-19.60,-59.22,69.86
4.7524,0.3348,-0.2630,-0.2015,-21.63,-54.25,66.57
4.7548,0.2991,-0.2523,-0.2762,-27.51,-55.58,63.84
4.7572,0.3113,-0.2455,-0.4641,-25.97,-46.76,61.67
4.7596,0.2372,-0.1957,-0.5983,-28.49,-35.84,60.48
4.7620,0.1610,-0.1845,-0.5597,-34.79,-38.57,58.80
4.7644,0.1932,-0.2137,-0.3870,-37.45,-37.17,57.12
4.7668,0.2040,-0.2216,-0.1762,-36.19,-27.65,55.93
4.7692,0.1537,-0.2035,-0.1010,-38.36,-23.03,54.11
4.7716,0.1401,-0.2001,-0.2401,-40.32,-22.12,52.36
4.7740,0.1469,-0.1986,-0.4504,-40.81,-16.80,51.38
4.7764,0.1171,-0.1815,-0.5470,-42.63,-10.22,50.96
4.7788,0.0869,-0.1742,-0.4699,-45.92,-10.22,50.19
4.7813,0.1098,-0.2011,-0.3157,-47.53,-8.96,49.21
4.7837,0.1254,-0.2162,-0.2216,-46.48,-0.42,48.51
4.7861,0.0771,-0.1967,-0.2723,-46.20,3.92,47.74
4.7885,0.0615,-0.1903,-0.4270,-49.35,2.87,46.90
4.7909,0.0795,-0.1918,-0.5671,-49.91,8.05,46.90
4.7933,0.0512,-0.1937,-0.6227,-49.63,11.97,46.55
4.7957,0.0483,-0.1815,-0.5856,-48.93,11.76,46.06
4.7981,0.0473,-0.1850,-0.4553,-55.30,15.12,46.27
4.8005,0.0351,-0.2230,-0.4812,-52.92,16.59,44.87
4.8029,0.0190,-0.1913,-0.5924,-49.21,19.46,45.08
4.8053,0.0049,-0.1625,-0.6666,-54.88,17.01,44.10
4.8077,0.0220,-0.1869,-0.8550,-55.72,19.60,44.10
4.8101,-0.0254,-0.1713,-0.9306,-53.48,20.44,43.96
4.8125,-0.0439,-0.1337,-0.9389,-56.21,10.64,42.91
4.8149,-0.0151,-0.1571,-0.9545,-59.78,10.22,42.84
4.8173,-0.0386,-0.1889,-0.9828,-53.69,9.73,41.93
4.8197,-0.0820,-0.1459,-1.1073,-51.17,2.87,41.23
4.8221,-0.0874,-0.1000,-1.2844,-53.90,-3.64,40.39
4.8245,-0.0981,-0.1283,-1.4206,-56.28,-7.63,40.11
4.8269,-0.1220,-0.1396,-1.3820,-49.28,-18.20,38.99
4.8293,-0.1303,-0.0883,-1.2869,-47.25,-24.22,37.66
4.8317,-0.1776,-0.1200,-1.3537,-46.97,-27.30,35.00
4.8341,-0.2172,-0.0849,-1.5787,-29.47,-37.17,32.13
4.8365,-0.1923,-0.0102,-1.7051,-29.61,-42.28,30.10
4.8389,-0.1952,-0.0107,-1.6792,-25.76,-41.72,27.86
4.8413,-0.2274,-0.0434,-1.5401,-19.53,-45.92,25.20
4.8438,-0.2069,-0.0444,-1.3522,-8.19,-47.25,21.98
4.8462,-0.2406,0.0029,-1.2512,-4.76,-39.48,19.18
4.8486,-0.2640,-0.0054,-1.3264,1.19,-44.59,15.26
4.8510,-0.2357,-0.0029,-1.4411,8.68,-38.29,13.09
4.8534,-0.2542,0.0351,-1.4669,13.72,-32.83,10.64
4.8558,-0.2577,0.0356,-1.4064,13.23,-30.31,9.03
4.8582,-0.2445,0.0361,-1.2190,19.81,-25.55,7.00
4.8606,-0.2250,0.0669,-1.0853,19.32,-16.94,5.67
4.8630,-0.2377,0.0669,-1.0585,18.83,-7.63,4.27
4.8654,-0.2484,0.0825,-1.1434,19.67,-5.81,2.87
4.8678,-0.2074,0.1083,-1.2019,18.06,0.00,2.31
4.8702,-0.2035,0.1210,-1.1688,16.17,8.33,1.68
4.8726,-0.2186,0.1200,-1.0580,14.63,8.19,1.19
4.8750,-0.1723,0.1249,-0.8911,14.56,8.47,-0.07
4.8774,-0.1444,0.1288,-0.8213,11.90,15.26,-0.35
4.8798,-0.1552,0.1283,-0.8589,11.13,14.28,-1.40
4.8822,-0.1274,0.1415,-0.9506,10.29,13.16,-1.96
4.8846,-0.1025,0.1566,-0.9955,7.70,14.14,-2.38
4.8870,-0.0976,0.1562,-0.9721,5.04,13.23,-2.80
4.8894,-0.0825,0.1479,-0.8843,4.20,9.66,-3.43
4.8918,-0.0468,0.1479,-0.8111,3.22,7.70,-4.13
4.8942,-0.0244,0.1405,-0.8247,1.68,7.21,-4.76
4.8966,-0.0132,0.1352,-0.9062,1.61,4.20,-5.18
4.8990,0.0137,0.1391,-0.9765,0.63,0.84,-5.18
4.9014,0.0444,0.1347,-0.9955,-0.77,-0.98,-4.90
4.9038,0.0664,0.1240,-0.9545,-0.91,-3.22,-4.48
4.9063,0.0932,0.1157,-0.8896,-0.70,-5.04,-4.13
4.9087,0.1152,0.1113,-0.8667,-0.49,-5.18,-3.50
4.9111,0.1215,0.1078,-0.9043,-0.21,-4.76,-2.87
4.9135,0.1176,0.1083,-0.9823,0.00,-4.55,-2.03
4.9159,0.1127,0.1113,-1.0316,-0.21,-4.76,-1.26
4.9183,0.1005,0.1054,-1.0287,-0.77,-3.36,-0.35
4.9207,0.0708,0.0986,-1.0053,0.00,-2.66,0.21
4.9231,0.0444,0.0991,-0.9887,0.07,-3.08,0.35
4.9255,0.0210,0.1000,-1.0038,-0.42,-2.24,0.35
4.9279,-0.0068,0.0986,-1.0350,-0.56,-2.17,0.49
4.9303,-0.0239,0.0996,-1.0448,-0.49,-2.73,0.21
4.9327,-0.0278,0.0981,-1.0258,-0.84,-2.94,-0.07
4.9351,-0.0298,0.0913,-0.9960,-0.70,-2.73,-0.42
4.9375,-0.0293,0.0883,-0.9770,0.07,-2.73,-0.77
4.9399,-0.0166,0.0927,-0.9784,0.42,-3.08,-1.19
4.9423,0.0010,0.0966,-0.9970,0.77,-2.38,-1.33
4.9447,0.0117,0.0991,-1.0131,1.54,-1.82,-1.19
4.9471,0.0215,0.1035,-1.0082,1.61,-1.82,-0.91
4.9495,0.0317,0.1025,-0.9916,1.19,-1.75,-0.77
4.9519,0.0366,0.0966,-0.9760,1.12,-1.75,-0.49
4.9543,0.0361,0.0947,-0.9658,1.12,-1.89,-0.49
4.9567,0.0327,0.0898,-0.9667,0.77,-2.10,-0.49
