# throw_id=10,class=forehand,name=,samples=1993,sample_rate_hz=416.0,dropped=0,peak_accel_g=24.6903,peak_gyro_dps=2575.41
time_s,ax_g,ay_g,az_g,gx_dps,gy_dps,gz_dps
0.0000,0.6403,0.0498,-0.7135,-12.32,-38.29,69.51
0.0024,0.6481,0.0547,-0.7432,-13.93,-38.92,70.14
0.0048,0.6573,0.0527,-0.7442,-15.26,-38.99,70.77
0.0072,0.6622,0.0600,-0.7159,-16.38,-39.69,71.47
0.0096,0.6656,0.0615,-0.6842,-17.99,-39.76,71.82
0.0120,0.6744,0.0605,-0.6808,-19.11,-40.18,72.45
0.0144,0.6788,0.0634,-0.6925,-20.86,-40.18,73.15
0.0168,0.6788,0.0644,-0.7164,-21.98,-40.25,73.78
0.0192,0.6793,0.0712,-0.7340,-23.73,-41.16,74.76
0.0216,0.6837,0.0664,-0.7232,-25.48,-42.00,75.67
0.0240,0.6915,0.0644,-0.7178,-26.46,-42.14,76.58
0.0264,0.6925,0.0630,-0.7120,-28.35,-42.98,77.56
0.0288,0.7047,0.0561,-0.7178,-29.40,-44.10,78.40
0.0313,0.7144,0.0537,-0.7340,-30.94,-44.24,79.66
0.0337,0.7178,0.0439,-0.7559,-31.99,-45.43,80.57
0.0361,0.7252,0.0386,-0.7769,-33.04,-46.27,81.83
0.0385,0.7271,0.0317,-0.7715,-34.51,-46.97,82.81
0.0409,0.7237,0.0283,-0.7759,-35.07,-47.25,83.79
0.0433,0.7188,0.0264,-0.7891,-36.19,-49.07,84.84
0.0457,0.7218,0.0146,-0.7989,-36.82,-50.33,85.75
0.0481,0.7130,0.0073,-0.8086,-37.38,-49.98,86.80
0.0505,0.6978,0.0063,-0.8218,-38.01,-51.59,87.64
0.0529,0.6959,0.0020,-0.8296,-38.57,-52.78,88.62
0.0553,0.6944,-0.0034,-0.8330,-38.78,-53.34,89.39
0.0577,0.6871,-0.0073,-0.8379,-39.13,-53.55,90.30
0.0601,0.6759,-0.0102,-0.8442,-39.34,-54.39,91.14
0.0625,0.6720,-0.0166,-0.8608,-39.55,-54.95,92.12
0.0649,0.6739,-0.0288,-0.8774,-39.55,-55.16,92.89
0.0673,0.6730,-0.0400,-0.8838,-39.34,-55.44,93.87
0.0697,0.6690,-0.0508,-0.8784,-38.92,-55.37,94.64
0.0721,0.6676,-0.0630,-0.8774,-38.43,-55.30,95.27
0.0745,0.6715,-0.0747,-0.8901,-37.94,-54.95,95.83
0.0769,0.6730,-0.0874,-0.9062,-37.10,-54.39,96.46
0.0793,0.6759,-0.0947,-0.9199,-36.47,-54.11,97.02
0.0817,0.6822,-0.1030,-0.9204,-35.84,-53.48,97.65
0.0841,0.6822,-0.1098,-0.9135,-34.72,-52.92,98.49
0.0865,0.6847,-0.1157,-0.9072,-33.88,-53.06,99.26
0.0889,0.6934,-0.1279,-0.8984,-32.76,-52.08,100.24
0.0913,0.6983,-0.1366,-0.9028,-31.50,-51.45,101.29
0.0938,0.7022,-0.1430,-0.9087,-30.52,-51.38,102.55
0.0962,0.7135,-0.1484,-0.9082,-29.12,-50.96,103.60
0.0986,0.7227,-0.1503,-0.8999,-27.72,-50.19,105.07
0.1010,0.7261,-0.1469,-0.8867,-26.25,-49.77,106.19
0.1034,0.7344,-0.1440,-0.8818,-24.92,-49.98,107.66
0.1058,0.7452,-0.1469,-0.8769,-23.45,-49.21,109.13
0.1082,0.7427,-0.1425,-0.8740,-21.70,-48.37,110.74
0.1106,0.7354,-0.1366,-0.8745,-20.79,-48.37,112.28
0.1130,0.7330,-0.1318,-0.8784,-19.32,-48.23,114.03
0.1154,0.7320,-0.1244,-0.8769,-17.78,-47.95,115.99
0.1178,0.7296,-0.1176,-0.8691,-16.31,-47.81,117.81
0.1202,0.7257,-0.1122,-0.8579,-14.91,-47.81,119.56
0.1226,0.7257,-0.1118,-0.8457,-13.16,-48.02,121.10
0.1250,0.7227,-0.1078,-0.8413,-11.27,-47.46,122.78
0.1274,0.7144,-0.1035,-0.8481,-9.73,-47.32,124.25
0.1298,0.7091,-0.1000,-0.8642,-7.98,-47.32,125.72
0.1322,0.7017,-0.0932,-0.8808,-6.16,-47.32,127.12
0.1346,0.6939,-0.0849,-0.8862,-4.55,-47.32,128.24
0.1370,0.6861,-0.0795,-0.8789,-3.01,-47.39,129.50
0.1394,0.6773,-0.0756,-0.8677,-1.05,-47.25,130.69
0.1418,0.6730,-0.0712,-0.8594,0.56,-47.25,131.88
0.1442,0.6661,-0.0683,-0.8579,2.24,-46.97,133.07
0.1466,0.6539,-0.0634,-0.8618,3.99,-46.69,134.26
0.1490,0.6456,-0.0551,-0.8623,5.74,-46.48,135.45
0.1514,0.6388,-0.0468,-0.8535,7.21,-45.85,136.78
0.1538,0.6329,-0.0376,-0.8413,8.75,-45.43,138.04
0.1563,0.6266,-0.0273,-0.8301,10.36,-44.87,139.30
0.1587,0.6202,-0.0166,-0.8267,11.76,-44.10,140.49
0.1611,0.6144,-0.0063,-0.8272,13.02,-43.26,141.68
0.1635,0.6080,0.0044,-0.8262,14.35,-42.49,142.94
0.1659,0.6046,0.0151,-0.8218,15.33,-41.58,143.99
0.1683,0.6002,0.0254,-0.8130,16.17,-40.53,144.97
0.1707,0.5944,0.0361,-0.8052,17.08,-39.34,146.09
0.1731,0.5876,0.0434,-0.8037,17.64,-37.87,147.21
0.1755,0.5793,0.0488,-0.8042,18.20,-36.61,148.26
0.1779,0.5734,0.0537,-0.8052,18.69,-35.14,149.24
0.1803,0.5671,0.0590,-0.8013,19.25,-33.53,150.29
0.1827,0.5632,0.0630,-0.7920,19.67,-31.71,151.27
0.1851,0.5622,0.0664,-0.7852,20.23,-29.96,152.11
0.1875,0.5597,0.0732,-0.7818,20.72,-28.07,153.02
0.1899,0.5524,0.0800,-0.7837,20.93,-25.76,153.79
0.1923,0.5441,0.0854,-0.7910,21.21,-23.59,154.42
0.1947,0.5363,0.0908,-0.7993,21.42,-21.63,155.19
0.1971,0.5290,0.0956,-0.7993,21.42,-19.46,155.89
0.1995,0.5212,0.0981,-0.7945,21.21,-17.08,156.59
0.2019,0.5134,0.1020,-0.7935,21.14,-14.98,157.01
0.2043,0.5090,0.1064,-0.7984,21.07,-12.67,157.43
0.2067,0.5056,0.1064,-0.8067,20.86,-10.43,157.71
0.2091,0.5002,0.1049,-0.8179,20.72,-8.26,157.92
0.2115,0.4973,0.1054,-0.8247,20.51,-5.88,157.99
0.2139,0.4963,0.1064,-0.8233,20.44,-3.85,157.99
0.2163,0.4939,0.1035,-0.8233,20.23,-1.47,157.85
0.2188,0.4860,0.0991,-0.8262,20.02,0.77,157.71
0.2212,0.4787,0.0927,-0.8350,20.02,2.66,157.57
0.2236,0.4738,0.0830,-0.8467,19.88,4.83,157.50
0.2260,0.4704,0.0795,-0.8579,19.88,6.58,157.29
0.2284,0.4690,0.0795,-0.8672,20.02,8.19,157.01
0.2308,0.4714,0.0727,-0.8691,19.95,9.31,156.73
0.2332,0.4812,0.0688,-0.8662,20.37,10.22,156.31
0.2356,0.4890,0.0688,-0.8716,20.37,11.83,155.61
0.2380,0.4934,0.0649,-0.8838,20.37,12.25,154.91
0.2404,0.5031,0.0625,-0.8945,21.00,12.53,154.14
0.2428,0.5124,0.0688,-0.9023,21.14,13.16,153.30
0.2452,0.5212,0.0717,-0.9038,20.93,12.74,152.39
0.2476,0.5300,0.0717,-0.9018,21.49,12.18,151.41
0.2500,0.5368,0.0766,-0.9004,21.49,11.62,150.71
0.2524,0.5427,0.0815,-0.9096,21.21,10.85,150.01
0.2548,0.5475,0.0854,-0.9272,21.07,9.66,149.38
0.2572,0.5558,0.0942,-0.9379,21.00,7.98,148.82
0.2596,0.5612,0.1020,-0.9374,20.58,6.58,148.33
0.2620,0.5602,0.1054,-0.9311,20.37,4.62,148.05
0.2644,0.5607,0.1069,-0.9233,20.65,2.45,147.91
0.2668,0.5636,0.1049,-0.9267,20.58,0.63,147.84
0.2692,0.5632,0.0991,-0.9457,20.65,-1.40,147.70
0.2716,0.5622,0.0937,-0.9672,21.14,-3.64,147.70
0.2740,0.5636,0.0917,-0.9799,21.42,-5.60,147.77
0.2764,0.5641,0.0937,-0.9775,21.98,-7.49,147.84
0.2788,0.5632,0.1010,-0.9667,22.82,-9.17,147.77
0.2813,0.5622,0.1152,-0.9609,23.80,-10.78,147.63
0.2837,0.5602,0.1318,-0.9697,24.71,-11.83,147.49
0.2861,0.5553,0.1464,-0.9931,25.48,-13.16,147.28
0.2885,0.5505,0.1576,-1.0219,26.32,-14.14,147.21
0.2909,0.5446,0.1742,-1.0429,27.02,-14.77,147.07
0.2933,0.5368,0.1942,-1.0443,28.14,-15.54,147.14
0.2957,0.5285,0.2137,-1.0307,29.33,-16.03,147.14
0.2981,0.5183,0.2313,-1.0209,30.66,-16.17,147.28
0.3005,0.5070,0.2406,-1.0311,32.48,-15.89,147.56
0.3029,0.4948,0.2450,-1.0629,34.09,-15.19,147.84
0.3053,0.4846,0.2489,-1.1019,35.91,-14.84,148.12
0.3077,0.4802,0.2528,-1.1312,38.08,-13.93,148.61
0.3101,0.4782,0.2557,-1.1375,40.32,-12.74,148.68
0.3125,0.4704,0.2562,-1.1287,43.12,-11.13,148.82
0.3149,0.4641,0.2577,-1.1248,46.27,-9.80,148.89
0.3173,0.4592,0.2630,-1.1385,49.70,-7.63,148.89
0.3197,0.4470,0.2738,-1.1688,53.34,-5.88,148.89
0.3221,0.4353,0.2860,-1.1946,57.12,-4.34,149.17
0.3245,0.4270,0.2899,-1.2063,61.18,-2.66,149.24
0.3269,0.4172,0.2869,-1.2132,65.10,-0.84,149.59
0.3293,0.4094,0.2806,-1.2224,69.51,0.91,149.80
0.3317,0.4041,0.2806,-1.2405,73.92,2.59,150.08
0.3341,0.4041,0.2821,-1.2556,78.47,3.92,150.43
0.3365,0.4133,0.2752,-1.2610,83.44,4.90,150.50
0.3389,0.4265,0.2689,-1.2556,88.90,5.95,150.64
0.3413,0.4402,0.2679,-1.2429,94.29,6.86,150.50
0.3438,0.4509,0.2718,-1.2395,99.82,7.42,150.50
0.3462,0.4626,0.2806,-1.2459,105.21,7.56,150.57
0.3486,0.4763,0.2889,-1.2542,110.60,7.63,150.71
0.3510,0.4904,0.2996,-1.2576,115.64,7.21,151.27
0.3534,0.5090,0.3094,-1.2473,120.33,6.86,152.32
0.3558,0.5339,0.3182,-1.2273,125.23,5.74,153.37
0.3582,0.5646,0.3314,-1.2058,129.71,4.90,154.63
0.3606,0.5978,0.3401,-1.1897,134.12,3.78,156.17
0.3630,0.6305,0.3416,-1.1775,138.46,2.80,158.06
0.3654,0.6617,0.3372,-1.1653,142.45,1.61,159.88
0.3678,0.6954,0.3279,-1.1556,146.30,0.14,162.05
0.3702,0.7296,0.3260,-1.1444,150.01,-1.12,164.50
0.3726,0.7569,0.3323,-1.1234,153.79,-2.45,167.16
0.3750,0.7828,0.3396,-1.0960,157.15,-4.06,169.96
0.3774,0.8096,0.3445,-1.0751,160.02,-5.74,172.97
0.3798,0.8369,0.3504,-1.0634,163.03,-7.21,176.33
0.3822,0.8696,0.3597,-1.0546,165.76,-8.82,179.97
0.3846,0.9038,0.3621,-1.0443,167.79,-10.29,183.68
0.3870,0.9384,0.3592,-1.0258,169.96,-11.83,187.67
0.3894,0.9731,0.3582,-0.9994,172.13,-13.16,191.80
0.3918,1.0033,0.3606,-0.9726,173.74,-14.63,196.14
0.3942,1.0297,0.3665,-0.9536,175.35,-16.03,200.69
0.3966,1.0497,0.3772,-0.9428,177.03,-17.85,205.38
0.3990,1.0653,0.3884,-0.9316,177.94,-19.81,210.56
0.4014,1.0795,0.3928,-0.9184,178.92,-22.19,215.88
0.4038,1.0960,0.3987,-0.9043,179.76,-24.64,221.48
0.4063,1.1180,0.4109,-0.8906,180.18,-27.23,227.29
0.4087,1.1424,0.4192,-0.8745,180.67,-29.68,233.17
0.4111,1.1697,0.4250,-0.8579,181.30,-31.92,239.33
0.4135,1.2024,0.4304,-0.8442,181.79,-34.16,245.28
0.4159,1.2332,0.4294,-0.8325,182.21,-35.70,251.37
0.4183,1.2571,0.4275,-0.8272,182.56,-37.52,257.46
0.4207,1.2751,0.4285,-0.8257,182.84,-39.62,263.62
0.4231,1.2854,0.4314,-0.8223,183.19,-41.79,270.13
0.4255,1.2937,0.4309,-0.8120,183.47,-44.73,276.85
0.4279,1.3054,0.4275,-0.7930,183.89,-48.16,283.92
0.4303,1.3220,0.4236,-0.7745,184.59,-51.66,291.13
0.4327,1.3440,0.4197,-0.7608,185.57,-55.51,298.48
0.4351,1.3718,0.4197,-0.7520,186.76,-59.36,306.04
0.4375,1.4030,0.4211,-0.7457,188.02,-62.79,313.60
0.4399,1.4337,0.4221,-0.7418,189.35,-65.94,321.23
0.4423,1.4601,0.4241,-0.7344,190.47,-69.16,328.86
0.4447,1.4816,0.4255,-0.7271,191.66,-72.38,336.70
0.4471,1.4977,0.4309,-0.7188,192.78,-75.67,345.03
0.4495,1.5128,0.4343,-0.7022,193.76,-79.31,353.78
0.4519,1.5313,0.4324,-0.6759,195.02,-83.58,362.88
0.4543,1.5553,0.4290,-0.6407,196.49,-87.64,372.40
0.4567,1.5836,0.4290,-0.6041,197.82,-91.84,382.27
0.4591,1.6202,0.4382,-0.5661,199.64,-95.83,392.84
0.4615,1.6685,0.4607,-0.5275,201.60,-99.26,403.76
0.4639,1.7207,0.4919,-0.4870,203.21,-102.13,415.03
0.4663,1.7656,0.5251,-0.4470,204.68,-103.95,426.58
0.4688,1.7954,0.5485,-0.4168,205.66,-105.14,438.83
0.4712,1.8188,0.5719,-0.3933,206.08,-106.47,451.57
0.4736,1.8446,0.6115,-0.3631,206.71,-107.66,464.87
0.4760,1.8734,0.6598,-0.3123,207.13,-108.71,478.80
0.4784,1.8944,0.7052,-0.2377,207.55,-109.76,493.22
0.4808,1.8676,0.7300,-0.1547,207.97,-110.46,508.06
0.4832,1.8032,0.7735,-0.1118,208.18,-108.92,524.44
0.4856,1.9408,0.8194,-0.1576,203.63,-120.82,539.00
0.4880,2.1413,0.9292,-0.0825,215.46,-118.44,553.00
0.4904,2.0823,1.0912,-0.0303,212.45,-107.66,567.28
0.4928,2.0320,1.0712,0.0381,204.54,-121.03,581.49
0.4952,2.1511,1.0555,0.2025,217.84,-126.14,594.23
0.4976,2.1833,1.1917,0.2513,216.86,-119.00,608.51
0.5000,2.1291,1.2586,0.2064,210.77,-122.08,621.67
0.5024,2.1199,1.3039,0.1161,216.72,-130.20,635.53
0.5048,2.1784,1.4079,0.2333,219.31,-141.26,649.25
0.5072,2.2350,1.4596,0.4670,217.42,-139.72,663.04
0.5096,2.2184,1.4752,0.6442,220.64,-147.14,676.34
0.5120,2.2546,1.5440,0.7647,228.62,-158.83,689.01
0.5144,2.2184,1.6719,0.8086,232.05,-152.46,704.34
0.5168,2.2126,1.7968,0.7584,233.17,-164.43,718.76
0.5192,2.3956,1.9188,0.7759,239.26,-176.82,732.20
0.5216,2.4781,2.0550,0.9482,247.38,-171.22,746.13
0.5240,2.4078,2.1545,1.2024,252.42,-164.36,762.37
0.5264,2.3741,2.2609,1.4884,262.78,-170.66,777.70
0.5288,2.5254,2.4571,1.6646,275.73,-175.35,791.70
0.5313,2.6406,2.6816,1.6631,283.78,-149.10,807.80
0.5337,2.5561,2.9465,1.5831,296.66,-136.78,823.97
0.5361,2.6113,3.2745,1.6538,308.63,-140.07,839.09
0.5385,2.7997,3.6083,1.9598,319.83,-116.97,855.96
0.5409,2.8353,3.9743,2.3117,333.76,-87.64,873.11
0.5433,2.8709,4.4159,2.5644,349.23,-74.13,888.51
0.5457,3.0500,5.0352,2.6933,366.73,-49.21,903.91
0.5481,3.0842,5.7042,2.6713,376.67,-6.16,921.62
0.5505,2.9646,6.1971,2.7191,385.70,20.37,939.40
0.5529,3.0563,6.7159,2.9578,400.05,41.09,955.50
0.5553,3.1959,7.3317,3.2164,404.11,87.64,972.79
0.5577,3.1588,7.9022,3.2906,404.25,135.24,988.61
0.5601,3.0315,8.5176,3.2935,406.77,174.23,1003.73
0.5625,2.8807,9.2598,3.4560,414.26,220.64,1018.22
0.5649,2.7255,9.8630,3.4975,393.19,273.98,1034.18
0.5673,2.4293,10.4554,3.5424,393.33,330.40,1048.74
0.5697,2.1291,11.2289,3.7527,394.80,372.33,1060.36
0.5721,1.9281,12.0834,3.8991,380.52,426.72,1071.56
0.5745,1.5152,12.8188,3.7366,346.22,493.15,1085.70
0.5769,0.9731,13.4839,3.5146,339.36,538.93,1095.99
0.5793,0.6388,14.3936,3.4863,317.24,582.89,1103.62
0.5817,0.2796,15.2485,3.4433,269.50,646.80,1111.46
0.5841,-0.2123,15.7761,3.3823,234.50,695.66,1112.51
0.5865,-0.6788,15.9693,3.2594,194.60,742.70,1107.54
0.5889,-1.2917,15.9820,2.9099,129.64,799.54,1099.35
0.5913,-2.0813,15.9820,2.0398,58.94,846.23,1084.86
0.5938,-2.9075,15.9820,0.9916,-12.32,880.67,1065.12
0.5962,-3.6917,15.9820,0.2860,-92.54,905.59,1037.68
0.5986,-4.4101,15.9820,-0.0166,-176.61,925.75,1000.72
0.6010,-5.1167,15.9820,-0.0669,-266.00,934.64,952.77
0.6034,-5.7008,15.9820,-0.2835,-347.13,927.15,888.37
0.6058,-6.2713,15.9820,-0.9804,-437.99,928.76,810.46
0.6082,-7.0248,15.9820,-2.0657,-515.06,920.22,715.54
0.6106,-7.7124,15.9820,-3.1417,-581.49,895.09,598.43
0.6130,-8.3882,15.9820,-3.7981,-638.61,890.75,466.69
0.6154,-9.1383,15.9820,-4.0104,-677.11,873.39,315.49
0.6178,-9.8625,15.9820,-3.9704,-699.09,855.05,151.13
0.6202,-10.4720,15.9820,-3.9084,-704.83,829.43,-25.76
0.6226,-10.9634,15.9820,-4.0148,-689.50,815.85,-211.12
0.6250,-11.2899,15.9820,-4.4876,-671.44,797.79,-403.97
0.6274,-11.2342,15.9820,-5.0420,-628.39,782.74,-599.27
0.6298,-10.8385,15.9820,-5.0728,-563.15,772.80,-797.65
0.6322,-10.1738,15.9820,-4.4144,-484.47,761.95,-997.99
0.6346,-9.2027,15.9820,-3.5058,-393.89,745.01,-1199.52
0.6370,-7.8968,15.9820,-2.9260,-289.94,722.96,-1396.36
0.6394,-6.4235,15.9820,-2.7348,-183.47,704.13,-1583.75
0.6418,-4.8849,15.9820,-2.6347,-74.48,667.03,-1759.38
0.6442,-3.1330,15.9820,-2.3858,28.07,616.70,-1924.23
0.6466,-1.1732,15.9820,-1.9896,107.52,559.72,-2072.42
0.6490,0.7832,15.9820,-1.5650,165.41,500.57,-2206.61
0.6514,2.4664,15.9820,-1.4694,194.39,449.82,-2286.90
0.6538,3.6742,15.9820,-1.8798,186.27,398.86,-2293.48
0.6563,4.4906,15.9820,-2.4459,183.05,337.33,-2293.48
0.6587,5.0518,15.9820,-2.8406,168.42,283.71,-2293.48
0.6611,5.3216,15.9820,-3.0134,130.69,249.48,-2293.48
0.6635,5.5564,15.9820,-3.1378,69.65,220.64,-2293.48
0.6659,5.5993,15.9820,-3.0100,21.28,233.52,-2293.48
0.6683,5.1582,15.9820,-1.6397,55.58,228.55,-2293.48
0.6707,5.2187,15.9820,-0.2142,-9.87,200.83,-2293.48
0.6731,5.1528,15.9820,-0.7364,-150.22,287.49,-2293.48
0.6755,3.3638,15.9820,-2.2233,-193.55,383.32,-2293.48
0.6779,0.7867,15.7907,-1.9203,-251.51,411.32,-2293.48
0.6803,-0.6603,13.9114,-2.1818,-388.99,381.36,-2293.48
0.6827,-0.0786,8.1867,-7.4923,-607.32,394.52,-2293.48
0.6851,0.9916,2.1311,-8.9890,-567.77,446.25,-2293.48
0.6875,0.6134,1.2732,-5.2494,-273.49,602.84,-2293.48
0.6899,-0.2918,3.4136,0.5851,-342.37,568.82,-2293.48
0.6923,0.5266,2.3404,5.6579,-504.07,481.25,-2293.48
0.6947,1.8759,1.3688,3.4311,-171.22,658.00,-2293.48
0.6971,0.5602,3.3033,-2.6572,-165.48,817.32,-2293.48
0.6995,-0.1601,3.3901,-6.1693,-293.65,627.13,-2293.48
0.7019,0.5915,2.1911,-5.0259,-163.45,690.27,-2293.48
0.7043,0.1108,2.8133,-1.5806,-31.85,749.28,-2293.48
0.7067,-0.3035,3.2169,3.0476,-136.36,696.22,-2293.48
0.7091,0.4138,2.0433,4.1558,-56.98,618.38,-2293.48
0.7115,0.9599,2.3058,0.2176,88.76,717.92,-2293.48
0.7139,-0.0547,3.0339,-4.6101,38.57,728.91,-2293.48
0.7163,-0.4426,2.4898,-5.8423,50.68,577.85,-2293.48
0.7188,0.0927,2.2497,-3.3999,177.24,561.96,-2293.48
0.7212,0.0005,2.5893,0.2089,186.55,569.31,-2293.48
0.7236,-0.2025,2.1287,2.4478,180.67,490.14,-2293.48
0.7260,0.1869,1.7866,0.6320,274.47,413.91,-2293.48
0.7284,0.3357,2.2292,-3.1779,289.03,433.93,-2293.48
0.7308,-0.1967,2.2175,-5.3582,257.67,378.28,-2293.48
0.7332,-0.1244,1.9398,-4.3417,297.92,260.12,-2293.48
0.7356,0.4207,2.0354,-1.4552,325.78,240.03,-2293.48
0.7380,0.3387,1.8871,1.1800,292.60,231.63,-2293.48
0.7404,0.1454,1.4489,1.6080,306.74,147.35,-2293.48
0.7428,0.3445,1.5026,-0.7159,328.09,104.79,-2293.48
0.7452,0.2186,1.7358,-3.4067,289.38,96.95,-2293.48
0.7476,-0.0293,1.6436,-3.9313,256.55,21.56,-2293.48
0.7500,0.2259,1.5304,-2.1482,246.89,-49.49,-2293.48
0.7524,0.4695,1.4113,0.3943,209.23,-64.47,-2293.48
0.7548,0.3270,1.0390,1.9071,174.65,-90.93,-2293.48
0.7572,0.2054,0.8901,1.0502,173.32,-143.01,-2293.48
0.7596,0.3162,1.0629,-1.3781,146.51,-170.59,-2293.48
0.7620,0.3001,1.1200,-3.1949,98.28,-175.35,-2293.48
0.7644,0.2542,1.0668,-2.9748,57.82,-224.63,-2293.48
0.7668,0.5368,0.9833,-1.2590,21.28,-260.40,-2293.48
0.7692,0.7340,0.8101,0.5661,-19.95,-247.38,-2293.48
0.7716,0.5949,0.6803,0.9887,-45.43,-244.44,-2293.48
0.7740,0.5383,0.7920,-0.6490,-63.56,-248.22,-2293.48
0.7764,0.5783,1.0302,-2.8299,-103.18,-228.97,-2293.48
0.7788,0.5695,1.1439,-3.7254,-153.93,-221.27,-2293.48
0.7813,0.6256,1.1375,-2.9134,-194.25,-219.73,-2293.48
0.7837,0.7852,1.1653,-1.1273,-234.85,-203.84,-2293.48
0.7861,0.8228,1.1434,0.1776,-272.02,-157.29,-2293.48
0.7885,0.6608,1.2263,-0.2845,-289.17,-123.76,-2293.48
0.7909,0.5651,1.4928,-1.9037,-313.67,-96.46,-2293.48
0.7933,0.5490,1.6719,-3.1935,-352.03,-61.39,-2293.48
0.7957,0.5129,1.6909,-3.1549,-383.32,-25.62,-2293.48
0.7981,0.4348,1.6470,-1.7997,-410.41,6.30,-2293.48
0.8005,0.4172,1.6041,-0.1708,-428.68,37.66,-2293.48
0.8029,0.4299,1.5655,0.5217,-432.25,86.10,-2293.48
0.8053,0.2996,1.7031,-0.0508,-426.79,133.84,-2293.48
0.8077,0.1986,1.9012,-1.3078,-437.01,162.75,-2293.48
0.8101,0.2333,1.9154,-2.0725,-440.23,198.31,-2293.48
0.8125,0.1947,1.9061,-1.5904,-434.21,237.86,-2293.48
0.8149,0.1708,1.9296,-0.3001,-429.45,266.63,-2293.48
0.8173,0.2201,1.9374,0.7047,-417.97,306.25,-2293.48
0.8197,0.1908,1.9754,0.6695,-394.66,345.52,-2293.48
0.8221,0.1342,2.1257,-0.2865,-370.72,379.19,-2293.48
0.8245,0.0542,2.2409,-1.3918,-360.71,406.84,-2293.48
0.8269,-0.0351,2.2165,-1.6426,-343.70,425.32,-2293.48
0.8293,-0.0664,2.1809,-0.9345,-317.52,444.01,-2293.48
0.8317,-0.1035,2.1779,0.0493,-295.96,462.00,-2293.48
0.8341,-0.1371,2.1584,0.3987,-270.41,472.71,-2293.48
0.8365,-0.1440,2.1428,-0.1542,-238.35,479.43,-2293.48
0.8389,-0.1415,2.1404,-1.1229,-207.41,482.65,-2293.48
0.8413,-0.1889,2.1223,-1.7788,-180.74,485.31,-2293.48
0.8438,-0.2708,2.0525,-1.7392,-148.33,476.21,-2293.48
0.8462,-0.2342,1.9500,-1.0492,-115.78,464.03,-2293.48
0.8486,-0.1854,1.8612,-0.3523,-82.25,456.96,-2293.48
0.8510,-0.1947,1.7861,-0.4656,-49.14,434.84,-2293.48
0.8534,-0.1279,1.7568,-1.2088,-16.59,410.34,-2293.48
0.8558,-0.0659,1.7383,-1.8383,11.41,396.27,-2293.48
0.8582,-0.0669,1.6807,-1.8739,37.17,371.42,-2293.48
0.8606,-0.0063,1.6538,-1.2507,62.79,340.48,-2293.48
0.8630,0.1283,1.6265,-0.3811,78.33,319.06,-2293.48
0.8654,0.2025,1.5450,-0.0166,95.90,302.54,-2293.48
0.8678,0.2040,1.5216,-0.3299,116.83,276.50,-2293.48
0.8702,0.2240,1.5631,-0.8686,126.28,246.96,-2293.48
0.8726,0.2523,1.5636,-1.0829,127.61,219.17,-2293.48
0.8750,0.2908,1.5001,-0.7818,131.11,188.23,-2293.48
0.8774,0.3323,1.4557,-0.2020,133.00,159.39,-2293.48
0.8798,0.3919,1.3825,0.2362,126.28,130.97,-2293.48
0.8822,0.4319,1.2966,0.1562,126.14,108.01,-2293.48
0.8846,0.4670,1.2961,-0.2435,122.15,77.49,-2293.48
0.8870,0.5339,1.2942,-0.7105,112.42,57.19,-2293.48
0.8894,0.5636,1.2517,-0.9126,102.41,34.51,-2293.48
0.8918,0.6324,1.2112,-0.6905,96.32,13.93,-2293.48
0.8942,0.6676,1.2166,-0.3216,83.16,1.12,-2293.48
0.8966,0.7086,1.2063,-0.1952,69.23,-16.52,-2293.48
0.8990,0.7462,1.2234,-0.5119,59.43,-19.46,-2293.48
0.9014,0.7393,1.3196,-1.0453,41.79,-29.26,-2293.48
0.9038,0.7300,1.3928,-1.3996,17.92,-32.41,-2293.48
0.9063,0.7584,1.4391,-1.3352,-3.99,-43.89,-2293.48
0.9087,0.8062,1.4991,-0.9994,-27.37,-39.62,-2293.48
0.9111,0.7188,1.5323,-0.7110,-51.94,-35.28,-2293.48
0.9135,0.6827,1.5762,-0.7466,-72.38,-39.48,-2293.48
0.9159,0.6681,1.6797,-0.9496,-99.26,-26.88,-2293.48
0.9183,0.5583,1.7505,-1.2127,-128.73,-18.69,-2293.48
0.9207,0.4870,1.7627,-1.2537,-152.95,-18.41,-2293.48
0.9231,0.4616,1.7563,-0.9282,-177.10,-9.87,-2293.48
0.9255,0.3899,1.7256,-0.5041,-200.55,2.80,-2293.48
0.9279,0.3231,1.6816,-0.3436,-218.54,13.02,-2293.48
0.9303,0.3148,1.7060,-0.4875,-232.75,27.23,-2293.48
0.9327,0.2528,1.7597,-0.7418,-250.32,47.39,-2293.48
0.9351,0.1630,1.7505,-0.8433,-265.93,57.05,-2293.48
0.9375,0.1713,1.7368,-0.6320,-274.89,68.53,-2293.48
0.9399,0.1791,1.7578,-0.3323,-285.39,92.26,-2293.48
0.9423,0.1464,1.7685,-0.1498,-293.16,111.86,-2293.48
0.9447,0.1049,1.7978,-0.2411,-295.47,135.03,-2293.48
0.9471,0.0395,1.8583,-0.4865,-301.28,154.49,-2293.48
0.9495,-0.0049,1.8676,-0.6920,-307.93,174.16,-2293.48
0.9519,-0.0488,1.8373,-0.6730,-307.37,192.99,-2293.48
0.9543,-0.0639,1.8227,-0.4338,-305.20,208.46,-2293.48
0.9567,-0.0483,1.7905,-0.2269,-301.28,230.23,-2293.48
0.9591,-0.0810,1.7656,-0.2328,-292.74,251.23,-2293.48
0.9615,-0.1381,1.7768,-0.4890,-282.45,264.95,-2293.48
0.9639,-0.1742,1.7880,-0.8667,-271.60,276.15,-2293.48
0.9663,-0.1889,1.7373,-1.0697,-262.08,287.28,-2293.48
0.9688,-0.1879,1.6807,-0.9921,-245.63,295.61,-2293.48
0.9712,-0.1791,1.6411,-0.7862,-229.04,302.89,-2293.48
0.9736,-0.1425,1.5962,-0.7017,-210.00,308.14,-2293.48
0.9760,-0.1157,1.5723,-0.8257,-190.82,315.14,-2293.48
0.9784,-0.1098,1.5465,-1.0399,-170.24,315.00,-2293.48
0.9808,-0.0683,1.5465,-1.1619,-150.50,314.79,-2293.48
0.9832,0.0171,1.5294,-1.0507,-133.28,314.51,-2293.48
0.9856,0.1020,1.4899,-0.7593,-114.80,318.85,-2293.48
0.9880,0.1318,1.4869,-0.4919,-94.50,319.55,-2293.48
0.9904,0.1630,1.5143,-0.4753,-77.91,312.83,-2293.48
0.9928,0.2191,1.5030,-0.6242,-65.10,309.68,-2293.48
0.9952,0.2201,1.5133,-0.7315,-47.46,304.78,-2293.48
0.9976,0.2489,1.5767,-0.6129,-36.75,291.20,-2293.48
1.0000,0.3123,1.5714,-0.3577,-31.22,285.11,-2293.48
1.0024,0.3133,1.5177,-0.2201,-19.88,274.68,-2293.48
1.0048,0.3762,1.5133,-0.2381,-8.75,258.65,-2293.48
1.0072,0.4314,1.5152,-0.3592,-4.48,253.54,-2293.48
1.0096,0.4246,1.4904,-0.5363,3.08,236.95,-2293.48
1.0120,0.4778,1.4947,-0.5861,11.55,221.34,-2293.48
1.0144,0.5153,1.5187,-0.5158,16.17,211.89,-2293.48
1.0168,0.5192,1.5230,-0.4441,16.94,197.54,-2293.48
1.0192,0.5758,1.5265,-0.4211,21.28,181.72,-2293.48
1.0216,0.6300,1.5596,-0.5290,22.40,174.23,-2293.48
1.0240,0.6383,1.5928,-0.7125,19.74,162.96,-2293.48
1.0264,0.6344,1.6143,-0.8398,16.73,151.20,-2293.48
1.0288,0.6398,1.6572,-0.8252,12.46,139.79,-2293.48
1.0313,0.6651,1.6773,-0.7964,5.74,133.00,-2293.48
1.0337,0.6427,1.7031,-0.8120,1.40,127.54,-2293.48
1.0361,0.6066,1.7734,-0.8516,-8.54,115.92,-2293.48
1.0385,0.6007,1.7846,-0.9096,-20.16,110.11,-2293.48
1.0409,0.5514,1.7924,-0.9570,-28.70,107.17,-2293.48
1.0433,0.4968,1.8280,-0.9418,-40.53,98.07,-2293.48
1.0457,0.4802,1.8461,-0.8906,-53.48,93.45,-2293.48
1.0481,0.4290,1.8339,-0.8164,-67.83,90.79,-2293.48
1.0505,0.3675,1.8032,-0.7042,-77.49,86.10,-2293.48
1.0529,0.3284,1.7949,-0.6227,-87.71,83.09,-2293.48
1.0553,0.3177,1.7592,-0.6134,-100.24,79.94,-2293.48
1.0577,0.2879,1.7261,-0.6266,-107.17,82.18,-2293.48
1.0601,0.2240,1.7348,-0.6129,-115.36,80.50,-2293.48
1.0625,0.2230,1.7226,-0.5373,-126.07,78.12,-2293.48
1.0649,0.2147,1.6880,-0.4207,-133.42,83.86,-2293.48
1.0673,0.1806,1.6690,-0.3221,-140.07,85.47,-2293.48
1.0697,0.1688,1.6704,-0.3255,-147.42,91.49,-2293.48
1.0721,0.1259,1.6616,-0.4665,-155.75,98.42,-2293.48
1.0745,0.1098,1.6280,-0.5539,-160.37,100.80,-2293.48
1.0769,0.0878,1.6431,-0.5876,-163.10,112.14,-2293.48
1.0793,0.0229,1.6743,-0.6266,-173.81,116.62,-2293.48
1.0817,0.0049,1.6236,-0.6578,-180.18,120.19,-2293.48
1.0841,-0.0390,1.5865,-0.6832,-179.97,129.50,-2293.48
1.0865,-0.0761,1.5909,-0.6637,-184.87,131.60,-2293.48
1.0889,-0.0698,1.5421,-0.7369,-191.38,139.44,-2293.48
1.0913,-0.0732,1.4943,-0.8379,-191.38,141.89,-2293.48
1.0938,-0.0547,1.4772,-0.8838,-190.54,148.89,-2293.48
1.0962,-0.0678,1.4669,-0.8652,-190.61,156.80,-2293.48
1.0986,-0.0278,1.4386,-0.7686,-191.31,157.71,-2293.48
1.1010,0.0366,1.3991,-0.7218,-188.23,169.26,-2293.48
1.1034,0.0195,1.3762,-0.8037,-185.50,175.21,-2293.48
1.1058,0.0366,1.3479,-0.9828,-179.97,178.71,-2293.48
1.1082,0.0742,1.3249,-1.1058,-173.11,186.76,-2293.48
1.1106,0.0961,1.3235,-1.1453,-166.67,191.17,-2293.48
1.1130,0.1503,1.3386,-1.0048,-162.61,193.41,-2293.48
1.1154,0.2216,1.3322,-0.8174,-155.47,199.85,-2293.48
1.1178,0.2377,1.3425,-0.7515,-146.09,206.85,-2293.48
1.1202,0.2923,1.3791,-0.7823,-140.21,206.15,-2293.48
1.1226,0.3392,1.4045,-0.8667,-134.89,215.60,-2293.48
1.1250,0.3318,1.4274,-0.8867,-129.15,214.48,-2293.48
1.1274,0.3924,1.4318,-0.8311,-123.20,215.39,-2293.48
1.1298,0.4338,1.4411,-0.7052,-115.92,220.29,-2293.48
1.1322,0.4412,1.4713,-0.6202,-109.83,221.76,-2293.48
1.1346,0.4446,1.4947,-0.5680,-104.65,220.92,-2293.48
1.1370,0.4387,1.5240,-0.5144,-97.72,218.96,-2293.48
1.1394,0.4270,1.5543,-0.4890,-93.10,216.37,-2293.48
1.1418,0.4304,1.5811,-0.5339,-88.83,212.52,-2293.48
1.1442,0.4402,1.6109,-0.5700,-87.78,208.32,-2293.48
1.1466,0.4743,1.6192,-0.5905,-84.07,203.07,-2293.48
1.1490,0.4602,1.6289,-0.5905,-79.45,203.14,-2293.48
1.1514,0.4246,1.6646,-0.5392,-75.74,193.34,-2293.48
1.1538,0.4558,1.6904,-0.5846,-75.60,190.96,-2293.48
1.1563,0.4460,1.7119,-0.6739,-73.71,188.16,-2293.48
1.1587,0.4265,1.7514,-0.7520,-72.52,182.14,-2293.48
1.1611,0.4290,1.7890,-0.8047,-74.06,177.66,-2293.48
1.1635,0.4333,1.8080,-0.8028,-75.74,174.58,-2293.48
1.1659,0.3967,1.8090,-0.7418,-76.37,175.00,-2293.48
1.1683,0.3445,1.8193,-0.6603,-77.42,167.86,-2293.48
1.1707,0.3470,1.8237,-0.6529,-80.36,162.96,-2293.48
1.1731,0.3289,1.8163,-0.7139,-81.06,163.03,-2293.48
1.1755,0.2772,1.8310,-0.8359,-83.09,159.46,-2293.48
1.1779,0.2367,1.8237,-0.8657,-87.92,153.30,-2293.48
1.1803,0.2167,1.7958,-0.7710,-89.74,149.24,-2293.48
1.1827,0.1869,1.7778,-0.6856,-92.68,149.17,-2293.48
1.1851,0.1464,1.7656,-0.6329,-95.55,144.76,-2293.48
1.1875,0.1405,1.7578,-0.6481,-98.49,141.68,-2293.48
1.1899,0.1484,1.7295,-0.6720,-101.85,142.52,-2293.48
1.1923,0.1225,1.6987,-0.6715,-103.95,143.01,-2293.48
1.1947,0.0952,1.6831,-0.6349,-107.31,139.37,-2293.48
1.1971,0.1015,1.6577,-0.5939,-110.81,139.79,-2293.48
1.1995,0.0791,1.6138,-0.5466,-113.26,141.89,-2293.48
1.2019,0.0703,1.5816,-0.5295,-114.10,139.37,-2293.48
1.2043,0.0854,1.5543,-0.5671,-116.41,142.80,-2293.48
1.2067,0.0717,1.5279,-0.5988,-118.58,144.83,-2293.48
1.2091,0.0669,1.5157,-0.6217,-120.47,145.04,-2293.48
1.2115,0.0854,1.5074,-0.6100,-122.64,144.76,-2293.48
1.2139,0.0976,1.4908,-0.5968,-125.02,148.89,-2293.48
1.2163,0.0698,1.4630,-0.6285,-126.77,150.99,-2293.48
1.2188,0.0781,1.4450,-0.6608,-127.89,147.70,-2293.48
1.2212,0.1274,1.4259,-0.6661,-129.71,152.67,-2293.48
1.2236,0.1186,1.3986,-0.6812,-131.32,157.22,-2293.48
1.2260,0.1288,1.3810,-0.6988,-131.53,154.63,-2293.48
1.2284,0.1918,1.3815,-0.6588,-132.44,158.27,-2293.48
1.2308,0.2157,1.3947,-0.5934,-134.19,164.01,-2293.48
1.2332,0.2216,1.4069,-0.5719,-135.38,164.15,-2293.48
1.2356,0.2596,1.4167,-0.5817,-135.17,166.46,-2293.48
1.2380,0.2948,1.4240,-0.6398,-136.15,173.04,-2293.48
1.2404,0.2928,1.4245,-0.6705,-138.11,175.35,-2293.48
1.2428,0.3231,1.4308,-0.6525,-137.20,174.44,-2293.48
1.2452,0.3655,1.4381,-0.6246,-137.55,180.88,-2293.48
1.2476,0.3528,1.4401,-0.6310,-136.92,185.22,-2293.48
1.2500,0.3465,1.4586,-0.6456,-136.01,183.54,-2293.48
1.2524,0.3831,1.4786,-0.6368,-134.26,184.03,-2293.48
1.2548,0.4006,1.4991,-0.6593,-132.79,188.79,-2293.48
1.2572,0.3953,1.5250,-0.6622,-131.46,187.46,-2293.48
1.2596,0.4285,1.5450,-0.6471,-129.36,187.11,-2293.48
1.2620,0.4485,1.5679,-0.6120,-127.61,191.38,-2293.48
1.2644,0.4363,1.5894,-0.5963,-125.09,191.66,-2293.48
1.2668,0.4285,1.6226,-0.5802,-122.43,192.29,-2293.48
1.2692,0.4319,1.6621,-0.5651,-120.75,193.20,-2293.48
1.2716,0.4143,1.6777,-0.5822,-120.12,194.81,-2293.48
1.2740,0.3914,1.6890,-0.5890,-116.62,191.31,-2293.48
1.2764,0.4011,1.7104,-0.5983,-113.82,190.54,-2293.48
1.2788,0.3616,1.7236,-0.5812,-109.13,188.23,-2293.48
1.2813,0.3440,1.7363,-0.5724,-106.68,186.97,-2293.48
1.2837,0.3270,1.7480,-0.5783,-104.65,186.20,-2293.48
1.2861,0.3079,1.7583,-0.6154,-103.11,184.66,-2293.48
1.2885,0.2996,1.7744,-0.6510,-100.94,182.49,-2293.48
1.2909,0.2884,1.7856,-0.6403,-100.52,181.51,-2293.48
1.2933,0.2401,1.7866,-0.6383,-99.19,180.74,-2293.48
1.2957,0.2030,1.7705,-0.6534,-99.47,176.40,-2293.48
1.2981,0.2040,1.7592,-0.6603,-97.16,175.28,-2293.48
1.3005,0.1688,1.7675,-0.7330,-97.30,175.49,-2293.48
1.3029,0.1464,1.7602,-0.8159,-97.72,169.26,-2293.48
1.3053,0.1493,1.7431,-0.8237,-96.04,169.40,-2293.48
1.3077,0.1083,1.7285,-0.7823,-95.69,168.63,-2293.48
1.3101,0.0874,1.6914,-0.7261,-97.44,164.22,-2293.48
1.3125,0.0981,1.6372,-0.6978,-95.69,163.24,-2293.48
1.3149,0.1044,1.6138,-0.7203,-94.22,162.33,-2293.48
1.3173,0.1025,1.6182,-0.7857,-94.50,162.19,-2293.48
1.3197,0.0981,1.5982,-0.8154,-94.99,159.60,-2293.48
1.3221,0.1118,1.5738,-0.7515,-93.87,160.86,-2293.48
1.3245,0.0810,1.5699,-0.7105,-96.04,162.47,-2293.48
1.3269,0.0883,1.5299,-0.6905,-98.35,154.98,-2293.48
1.3293,0.1493,1.5040,-0.6510,-95.06,159.32,-2293.48
1.3317,0.1108,1.5182,-0.6871,-98.14,162.19,-2293.48
1.3341,0.1088,1.4830,-0.7701,-101.43,153.79,-2293.48
1.3365,0.1547,1.4459,-0.8091,-99.54,157.64,-2293.48
1.3389,0.1259,1.4401,-0.8252,-101.64,157.22,-2293.48
1.3413,0.1405,1.4010,-0.8599,-105.49,150.57,-2293.48
1.3438,0.2001,1.3679,-0.8442,-104.23,150.78,-2293.48
1.3462,0.2206,1.3771,-0.8242,-104.65,153.51,-2293.48
1.3486,0.2196,1.3825,-0.8394,-106.82,151.34,-2293.48
1.3510,0.2552,1.3752,-0.9145,-107.31,147.70,-2293.48
1.3534,0.3128,1.3864,-0.9521,-108.85,150.22,-2293.48
1.3558,0.3206,1.3947,-0.9043,-112.49,152.67,-2293.48
1.3582,0.3314,1.3869,-0.8564,-114.10,148.96,-2293.48
1.3606,0.3704,1.3932,-0.8267,-113.47,150.29,-2293.48
1.3630,0.3655,1.4186,-0.8662,-115.36,155.89,-2293.48
1.3654,0.3592,1.4469,-0.9257,-118.02,154.07,-2293.48
1.3678,0.3914,1.4733,-0.9321,-119.84,153.23,-2293.48
1.3702,0.4202,1.5030,-0.8921,-122.71,154.42,-2293.48
1.3726,0.4177,1.5148,-0.8316,-126.42,157.01,-2293.48
1.3750,0.3904,1.5357,-0.7881,-127.89,156.73,-2293.48
1.3774,0.3758,1.5665,-0.8296,-130.90,156.10,-2293.48
1.3798,0.3821,1.5928,-0.9091,-133.91,156.52,-2293.48
1.3822,0.3850,1.6080,-0.9687,-136.92,157.71,-2293.48
1.3846,0.3914,1.6250,-0.9618,-137.69,158.27,-2293.48
1.3870,0.4060,1.6499,-0.9321,-140.00,160.79,-2293.48
1.3894,0.3762,1.6577,-0.8769,-141.82,163.10,-2293.48
1.3918,0.3616,1.6670,-0.8369,-139.72,162.47,-2293.48
1.3942,0.3592,1.6973,-0.8926,-139.23,168.00,-2293.48
1.3966,0.3196,1.7178,-0.9623,-140.84,169.26,-2293.48
1.3990,0.3245,1.7397,-1.0170,-139.09,168.42,-2293.48
1.4014,0.3274,1.7734,-1.0214,-139.44,174.72,-2293.48
1.4038,0.2957,1.7871,-0.9867,-139.23,177.52,-2293.48
1.4063,0.2855,1.7817,-0.9399,-138.32,179.34,-2293.48
1.4087,0.2708,1.7836,-0.8926,-134.82,183.75,-2293.48
1.4111,0.2445,1.7905,-0.8999,-133.91,186.20,-2293.48
1.4135,0.2123,1.7822,-0.9389,-130.97,188.51,-2293.48
1.4159,0.1884,1.7812,-0.9653,-127.61,189.35,-2293.48
1.4183,0.1698,1.7724,-0.9409,-125.72,192.08,-2293.48
1.4207,0.1235,1.7641,-0.9355,-122.15,193.34,-2293.48
1.4231,0.0942,1.7646,-0.9687,-119.70,190.82,-2293.48
1.4255,0.0737,1.7641,-1.0194,-117.46,191.94,-2293.48
1.4279,0.0337,1.7563,-1.0795,-116.48,190.26,-2293.48
1.4303,0.0220,1.7334,-1.0731,-114.45,186.13,-2293.48
1.4327,0.0268,1.7070,-1.0375,-112.35,186.27,-2293.48
1.4351,0.0259,1.6699,-0.9945,-110.74,184.80,-2293.48
1.4375,0.0278,1.6236,-0.9667,-107.73,183.33,-2293.48
1.4399,0.0268,1.6026,-0.9838,-105.84,182.07,-2293.48
1.4423,0.0322,1.5792,-1.0136,-106.26,180.32,-2293.48
1.4447,0.0346,1.5328,-1.0268,-103.81,178.64,-2293.48
1.4471,0.0405,1.5104,-1.0316,-100.45,175.70,-2293.48
1.4495,0.0615,1.4874,-0.9999,-100.94,173.81,-2293.48
1.4519,0.0654,1.4503,-1.0014,-98.07,173.25,-2293.48
1.4543,0.0703,1.4420,-0.9770,-96.53,169.33,-2293.48
1.4567,0.1064,1.4372,-0.9316,-97.23,166.46,-2293.48
1.4591,0.1308,1.4084,-0.9443,-98.14,165.41,-2293.48
1.4615,0.1591,1.3840,-0.9672,-96.67,162.19,-2293.48
1.4639,0.1801,1.3776,-0.9784,-97.30,162.89,-2293.48
1.4663,0.1908,1.3684,-0.9521,-98.42,159.46,-2293.48
1.4688,0.2235,1.3644,-0.9130,-98.00,158.13,-2293.48
1.4712,0.2386,1.3884,-0.8589,-98.35,157.92,-2293.48
1.4736,0.2567,1.4010,-0.8355,-102.55,155.96,-2293.48
1.4760,0.2826,1.4035,-0.8203,-104.86,155.33,-2293.48
1.4784,0.3065,1.4245,-0.8052,-107.52,154.49,-2293.48
1.4808,0.3274,1.4450,-0.8032,-111.51,155.12,-2293.48
1.4832,0.3479,1.4533,-0.8145,-115.01,153.58,-2293.48
1.4856,0.3938,1.4503,-0.8701,-116.06,153.79,-2293.48
1.4880,0.4275,1.4616,-0.9331,-117.53,158.13,-2293.48
1.4904,0.4363,1.4742,-0.9667,-120.68,159.88,-2293.48
1.4928,0.4504,1.4777,-0.9160,-120.96,161.00,-2293.48
1.4952,0.4685,1.4972,-0.8672,-119.70,165.41,-2293.48
1.4976,0.4431,1.5260,-0.8311,-121.17,170.24,-2293.48
1.5000,0.4109,1.5455,-0.8242,-121.45,167.93,-2293.48
1.5024,0.4372,1.5660,-0.8438,-120.12,167.44,-2293.48
1.5048,0.4353,1.5933,-0.8584,-120.40,173.11,-2293.48
1.5072,0.4031,1.6241,-0.8784,-120.40,171.64,-2293.48
1.5096,0.4187,1.6533,-0.8457,-119.84,171.01,-2293.48
1.5120,0.4324,1.6821,-0.8330,-119.56,177.10,-2293.48
1.5144,0.4046,1.7182,-0.8560,-119.21,179.97,-2293.48
1.5168,0.3777,1.7529,-0.8691,-118.79,179.20,-2293.48
1.5192,0.3748,1.7627,-0.8418,-119.49,180.04,-2293.48
1.5216,0.3558,1.7553,-0.7784,-119.14,184.17,-2293.48
1.5240,0.3109,1.7544,-0.7432,-118.09,184.45,-2293.48
1.5264,0.2972,1.7651,-0.7091,-116.90,182.00,-2293.48
1.5288,0.2996,1.7666,-0.6900,-115.78,185.15,-2293.48
1.5313,0.2586,1.7578,-0.6876,-113.96,187.18,-2293.48
1.5337,0.2225,1.7519,-0.6827,-112.14,184.73,-2293.48
1.5361,0.2074,1.7470,-0.7037,-110.25,185.15,-2293.48
1.5385,0.1679,1.7387,-0.7125,-108.85,186.20,-2293.48
1.5409,0.1186,1.7324,-0.7286,-106.82,183.96,-2293.48
1.5433,0.1069,1.7309,-0.7359,-106.47,178.50,-2293.48
1.5457,0.1225,1.7095,-0.7584,-106.33,178.64,-2293.48
1.5481,0.0991,1.6929,-0.7832,-104.16,179.13,-2293.48
1.5505,0.0688,1.6753,-0.7725,-104.16,174.44,-2293.48
1.5529,0.0810,1.6529,-0.7525,-102.76,171.36,-2293.48
1.5553,0.0712,1.6377,-0.7808,-102.83,173.04,-2293.48
1.5577,0.0376,1.6250,-0.8462,-103.32,169.12,-2293.48
1.5601,0.0307,1.6128,-0.8940,-104.58,163.94,-2293.48
1.5625,0.0410,1.5899,-0.9116,-105.49,161.56,-2293.48
1.5649,0.0361,1.5582,-0.8921,-106.82,160.65,-2293.48
1.5673,0.0464,1.5187,-0.8379,-107.94,155.54,-2293.48
1.5697,0.0776,1.4855,-0.7959,-108.36,154.84,-2293.48
1.5721,0.0834,1.4484,-0.8072,-109.27,155.26,-2293.48
1.5745,0.1039,1.4172,-0.8355,-108.92,153.09,-2293.48
1.5769,0.1303,1.4274,-0.8072,-110.39,153.86,-2293.48
1.5793,0.1440,1.4079,-0.7935,-112.98,154.07,-2293.48
1.5817,0.1640,1.3859,-0.7823,-111.51,154.00,-2293.48
1.5841,0.1713,1.4010,-0.7657,-112.07,154.77,-2293.48
1.5865,0.1850,1.3908,-0.7940,-114.87,154.14,-2293.48
1.5889,0.2025,1.3747,-0.7969,-115.01,155.82,-2293.48
1.5913,0.2147,1.3815,-0.7930,-115.78,155.40,-2293.48
1.5938,0.2430,1.3869,-0.7706,-117.67,155.26,-2293.48
1.5962,0.2591,1.3923,-0.7569,-118.16,156.80,-2293.48
1.5986,0.2791,1.4113,-0.7486,-119.28,156.59,-2293.48
1.6010,0.3221,1.4191,-0.7706,-120.40,158.83,-2293.48
1.6034,0.3484,1.4201,-0.8145,-121.38,161.56,-2293.48
1.6058,0.3684,1.4308,-0.8320,-121.38,162.96,-2293.48
1.6082,0.3850,1.4494,-0.8203,-122.01,165.13,-2293.48
1.6106,0.4104,1.4542,-0.8198,-122.08,166.81,-2293.48
1.6130,0.4255,1.4616,-0.8159,-120.47,172.20,-2293.48
1.6154,0.4128,1.4899,-0.7862,-119.49,173.39,-2293.48
1.6178,0.4128,1.5074,-0.7515,-119.98,173.46,-2293.48
1.6202,0.4182,1.5172,-0.7081,-117.88,175.00,-2293.48
1.6226,0.4070,1.5474,-0.6974,-116.20,176.75,-2293.48
1.6250,0.3870,1.5772,-0.7174,-115.64,175.98,-2293.48
1.6274,0.3914,1.6075,-0.7525,-114.52,174.93,-2293.48
1.6298,0.3875,1.6358,-0.7754,-115.01,176.89,-2293.48
1.6322,0.3645,1.6509,-0.7784,-114.87,175.77,-2293.48
1.6346,0.3689,1.6690,-0.7774,-114.38,173.88,-2293.48
1.6370,0.3767,1.6958,-0.8037,-114.10,176.19,-2293.48
1.6394,0.3392,1.7246,-0.8194,-114.45,177.66,-2293.48
1.6418,0.3079,1.7300,-0.8174,-114.45,174.23,-2293.48
1.6442,0.3060,1.7241,-0.7984,-114.03,174.23,-2293.48
1.6466,0.2826,1.7324,-0.7803,-113.96,176.54,-2293.48
1.6490,0.2484,1.7270,-0.7940,-114.10,174.93,-2293.48
1.6514,0.2420,1.7158,-0.7720,-111.79,173.04,-2293.48
1.6538,0.2338,1.7114,-0.7598,-110.81,175.14,-2293.48
1.6563,0.2001,1.6895,-0.7540,-109.83,174.23,-2293.48
1.6587,0.1776,1.6812,-0.7769,-106.33,172.13,-2293.48
1.6611,0.1708,1.6899,-0.8120,-105.84,170.73,-2293.48
1.6635,0.1610,1.6719,-0.8242,-105.14,171.57,-2293.48
1.6659,0.1205,1.6670,-0.8633,-102.97,170.66,-2293.48
1.6683,0.1005,1.6792,-0.9004,-103.39,166.04,-2293.48
1.6707,0.0888,1.6704,-0.9252,-103.53,167.44,-2293.48
1.6731,0.0449,1.6602,-0.9560,-103.81,165.27,-2293.48
1.6755,0.0376,1.6436,-0.9628,-105.35,159.53,-2293.48
1.6779,0.0478,1.6221,-0.9667,-105.91,158.55,-2293.48
1.6803,0.0478,1.5948,-0.9609,-108.22,157.29,-2293.48
1.6827,0.0625,1.5655,-0.9072,-109.34,155.75,-2293.48
1.6851,0.0791,1.5465,-0.8408,-110.32,156.17,-2293.48
1.6875,0.0956,1.5235,-0.7725,-112.70,155.05,-2293.48
1.6899,0.1015,1.4967,-0.7852,-113.19,156.73,-2293.48
1.6923,0.0996,1.4699,-0.8584,-113.40,155.89,-2293.48
1.6947,0.1142,1.4435,-0.9218,-113.54,156.45,-2293.48
1.6971,0.1108,1.4142,-0.9804,-114.10,157.29,-2293.48
1.6995,0.1142,1.3825,-1.0136,-113.47,155.12,-2293.48
1.7019,0.1357,1.3635,-0.9770,-112.42,154.28,-2293.48
1.7043,0.1562,1.3566,-0.9409,-111.37,153.37,-2293.48
1.7067,0.1913,1.3513,-0.9262,-111.86,152.67,-2293.48
1.7091,0.2313,1.3464,-0.9472,-110.81,153.65,-2293.48
1.7115,0.2513,1.3581,-1.0024,-110.74,153.86,-2293.48
1.7139,0.2757,1.3576,-1.0233,-112.14,152.04,-2293.48
1.7163,0.3021,1.3522,-1.0121,-111.09,153.65,-2293.48
1.7188,0.3177,1.3723,-0.9350,-111.30,154.14,-2293.48
1.7212,0.3314,1.3874,-0.8506,-112.14,154.56,-2293.48
1.7236,0.3587,1.3937,-0.8564,-112.14,153.51,-2293.48
1.7260,0.3870,1.4152,-0.8984,-111.86,156.66,-2293.48
1.7284,0.3836,1.4503,-0.9389,-113.05,158.13,-2293.48
1.7308,0.4031,1.4723,-0.9765,-114.87,157.01,-2293.48
1.7332,0.4280,1.4796,-0.9492,-114.38,159.88,-2293.48
1.7356,0.4250,1.4972,-0.8799,-114.24,162.26,-2293.48
1.7380,0.4285,1.5177,-0.8189,-116.13,162.96,-2293.48
1.7404,0.4319,1.5309,-0.7847,-116.27,164.71,-2293.48
1.7428,0.4202,1.5474,-0.7954,-115.43,166.32,-2293.48
1.7452,0.3977,1.5738,-0.8115,-115.99,166.67,-2293.48
1.7476,0.3836,1.5919,-0.7969,-117.46,165.55,-2293.48
1.7500,0.3826,1.5982,-0.7462,-116.48,166.18,-2293.48
1.7524,0.3645,1.6299,-0.6954,-116.20,166.88,-2293.48
1.7548,0.3475,1.6514,-0.6930,-118.16,164.92,-2293.48
1.7572,0.3504,1.6543,-0.7218,-117.39,165.41,-2293.48
1.7596,0.3362,1.6816,-0.7852,-117.39,168.00,-2293.48
1.7620,0.3109,1.7065,-0.8379,-119.56,168.00,-2293.48
1.7644,0.3016,1.7129,-0.8481,-120.26,167.58,-2293.48
1.7668,0.2845,1.7251,-0.7925,-119.98,169.26,-2293.48
1.7692,0.2616,1.7329,-0.7266,-120.96,170.10,-2293.48
1.7716,0.2342,1.7226,-0.7154,-121.45,171.08,-2293.48
1.7740,0.2045,1.7182,-0.7530,-120.40,170.03,-2293.48
1.7764,0.1952,1.7070,-0.7896,-120.68,170.45,-2293.48
1.7788,0.1747,1.6802,-0.7652,-120.12,172.20,-2293.48
1.7813,0.1576,1.6641,-0.7169,-118.30,170.80,-2293.48
1.7837,0.1630,1.6694,-0.6969,-117.04,171.64,-2293.48
1.7861,0.1440,1.6807,-0.7325,-116.83,173.74,-2293.48
1.7885,0.1020,1.6860,-0.8145,-116.62,173.11,-2293.48
1.7909,0.0712,1.6875,-0.8852,-117.46,171.57,-2293.48
1.7933,0.0605,1.6607,-0.8725,-119.42,170.73,-2293.48
1.7957,0.0561,1.6265,-0.8164,-119.00,170.59,-2293.48
1.7981,0.0595,1.6041,-0.7525,-119.00,168.70,-2293.48
1.8005,0.0722,1.5811,-0.7120,-119.14,169.05,-2293.48
1.8029,0.0664,1.5494,-0.7374,-119.35,169.75,-2293.48
1.8053,0.0722,1.5152,-0.7520,-117.81,168.00,-2293.48
1.8077,0.0883,1.5030,-0.7379,-116.62,169.40,-2293.48
1.8101,0.0771,1.4845,-0.7462,-117.46,170.17,-2293.48
1.8125,0.0717,1.4538,-0.7627,-116.06,167.86,-2293.48
1.8149,0.0937,1.4294,-0.7584,-114.17,167.16,-2293.48
1.8173,0.1127,1.4172,-0.7554,-112.63,167.37,-2293.48
1.8197,0.1186,1.4006,-0.7862,-112.49,165.76,-2293.48
1.8221,0.1454,1.3815,-0.7998,-110.53,162.33,-2293.48
1.8245,0.1845,1.3747,-0.7696,-109.97,162.96,-2293.48
1.8269,0.2050,1.3654,-0.7203,-109.34,163.10,-2293.48
1.8293,0.2176,1.3654,-0.6949,-107.24,162.68,-2293.48
1.8317,0.2381,1.3781,-0.6778,-106.96,161.42,-2293.48
1.8341,0.2508,1.3888,-0.6783,-108.08,162.19,-2293.48
1.8365,0.2523,1.3923,-0.6842,-108.22,161.63,-2293.48
1.8389,0.2752,1.4035,-0.6861,-107.10,159.95,-2293.48
1.8413,0.3021,1.4167,-0.6969,-109.34,159.32,-2293.48
1.8438,0.3221,1.4157,-0.7091,-110.81,158.76,-2293.48
1.8462,0.3382,1.4201,-0.7047,-110.95,158.69,-2293.48
1.8486,0.3553,1.4406,-0.7008,-111.09,159.18,-2293.48
1.8510,0.3577,1.4601,-0.7213,-112.98,160.65,-2293.48
1.8534,0.3655,1.4708,-0.7408,-113.40,158.48,-2293.48
1.8558,0.3782,1.4796,-0.7369,-113.75,160.79,-2293.48
1.8582,0.3762,1.4982,-0.7091,-114.94,161.21,-2293.48
1.8606,0.3875,1.5099,-0.6866,-116.48,161.49,-2293.48
1.8630,0.3948,1.5084,-0.6900,-115.43,162.82,-2293.48
1.8654,0.3826,1.5318,-0.7086,-115.29,164.36,-2293.48
1.8678,0.3704,1.5572,-0.7364,-116.76,163.73,-2293.48
1.8702,0.3616,1.5665,-0.7627,-116.48,164.22,-2293.48
1.8726,0.3445,1.5865,-0.7286,-116.34,163.31,-2293.48
1.8750,0.3450,1.6036,-0.6934,-117.53,162.47,-2293.48
1.8774,0.3479,1.6133,-0.7061,-117.18,164.22,-2293.48
1.8798,0.3255,1.6270,-0.7554,-116.41,166.11,-2293.48
1.8822,0.3074,1.6465,-0.7901,-116.69,164.78,-2293.48
1.8846,0.3030,1.6612,-0.8037,-117.46,165.48,-2293.48
1.8870,0.2894,1.6631,-0.8023,-117.04,167.16,-2293.48
1.8894,0.2728,1.6807,-0.7769,-116.06,168.14,-2293.48
1.8918,0.2469,1.6958,-0.7920,-117.53,169.26,-2293.48
1.8942,0.2259,1.6865,-0.8032,-117.25,168.28,-2293.48
1.8966,0.2152,1.6807,-0.8081,-115.85,169.54,-2293.48
1.8990,0.1923,1.6807,-0.8203,-116.34,170.10,-2293.48
1.9014,0.1732,1.6655,-0.8169,-116.13,169.33,-2293.48
1.9038,0.1649,1.6529,-0.8047,-114.17,170.10,-2293.48
1.9063,0.1503,1.6465,-0.7759,-113.61,171.43,-2293.48
1.9087,0.1332,1.6221,-0.7554,-112.56,170.87,-2293.48
1.9111,0.1298,1.6128,-0.7725,-109.83,170.17,-2293.48
1.9135,0.1230,1.6094,-0.8257,-109.55,170.59,-2293.48
1.9159,0.1083,1.5919,-0.8711,-108.22,170.45,-2293.48
1.9183,0.1010,1.5880,-0.9033,-106.82,169.96,-2293.48
1.9207,0.0996,1.5792,-0.9126,-106.96,169.54,-2293.48
1.9231,0.1039,1.5631,-0.9018,-105.98,169.54,-2293.48
1.9255,0.1054,1.5528,-0.8935,-105.49,169.54,-2293.48
1.9279,0.1088,1.5411,-0.8984,-105.35,169.19,-2293.48
1.9303,0.1191,1.5221,-0.9121,-105.77,169.75,-2293.48
1.9327,0.1230,1.5045,-0.9433,-105.28,170.80,-2293.48
1.9351,0.1313,1.4933,-0.9560,-105.49,170.45,-2293.48
1.9375,0.1425,1.4777,-0.9379,-105.42,171.71,-2293.48
1.9399,0.1469,1.4620,-0.9321,-105.56,171.71,-2293.48
1.9423,0.1664,1.4391,-0.9433,-105.49,171.36,-2293.48
1.9447,0.1835,1.4240,-0.9770,-104.44,172.76,-2293.48
1.9471,0.1854,1.4172,-1.0150,-104.16,172.48,-2293.48
1.9495,0.1889,1.4054,-1.0472,-103.81,171.78,-2293.48
1.9519,0.2059,1.4025,-1.0331,-103.39,170.31,-2293.48
1.9543,0.2294,1.3991,-0.9862,-103.39,171.08,-2293.48
1.9567,0.2367,1.3962,-0.9633,-103.32,169.61,-2293.48
1.9591,0.2645,1.3903,-0.9555,-103.60,167.72,-2293.48
1.9615,0.2962,1.3932,-0.9555,-102.48,169.05,-2293.48
1.9639,0.3084,1.4054,-0.9560,-102.97,168.00,-2293.48
1.9663,0.3338,1.4113,-0.9496,-102.48,166.60,-2293.48
1.9688,0.3567,1.4259,-0.9150,-102.41,166.46,-2293.48
1.9712,0.3714,1.4455,-0.8608,-102.55,165.83,-2293.48
1.9736,0.3782,1.4620,-0.8340,-103.11,165.97,-2293.48
1.9760,0.3865,1.4840,-0.8276,-103.32,164.50,-2293.48
1.9784,0.3992,1.5060,-0.8291,-104.16,164.99,-2293.48
1.9808,0.3904,1.5216,-0.8311,-105.00,164.78,-2293.48
1.9832,0.3880,1.5382,-0.8384,-105.21,163.24,-2293.48
1.9856,0.3880,1.5514,-0.8350,-106.12,163.52,-2293.48
1.9880,0.3850,1.5645,-0.8330,-106.82,162.75,-2293.48
1.9904,0.3836,1.5782,-0.8633,-107.45,162.68,-2293.48
1.9928,0.3670,1.5948,-0.8823,-107.80,161.91,-2293.48
1.9952,0.3587,1.6109,-0.8896,-108.36,161.07,-2293.48
1.9976,0.3558,1.6197,-0.9023,-109.06,162.33,-2293.48
2.0000,0.3299,1.6333,-0.9018,-108.85,162.40,-2293.48
2.0024,0.3099,1.6519,-0.8989,-109.62,160.58,-2293.48
2.0048,0.3055,1.6709,-0.9096,-110.25,161.07,-2293.48
2.0072,0.2806,1.6904,-0.9462,-111.23,162.40,-2293.48
2.0096,0.2552,1.7007,-0.9823,-112.14,161.00,-2293.48
2.0120,0.2445,1.6968,-0.9687,-113.26,160.79,-2293.48
2.0144,0.2269,1.6890,-0.9389,-114.03,161.77,-2293.48
2.0168,0.2025,1.6860,-0.9365,-114.80,162.05,-2293.48
2.0192,0.1825,1.6787,-0.9404,-115.01,161.14,-2293.48
2.0216,0.1718,1.6773,-0.9238,-114.94,161.28,-2293.48
2.0240,0.1649,1.6782,-0.9218,-115.78,162.33,-2293.48
2.0264,0.1532,1.6568,-0.9384,-116.62,163.17,-2293.48
2.0288,0.1503,1.6319,-0.9262,-115.36,162.61,-2293.48
2.0313,0.1493,1.6221,-0.9228,-114.80,164.29,-2293.48
2.0337,0.1405,1.6006,-0.9165,-115.29,165.62,-2293.48
2.0361,0.1283,1.5738,-0.8965,-112.98,166.95,-2293.48
2.0385,0.1181,1.5621,-0.9004,-111.16,166.88,-2293.48
2.0409,0.1191,1.5479,-0.9106,-110.46,167.37,-2293.48
2.0433,0.1127,1.5338,-0.9292,-109.06,168.56,-2293.48
2.0457,0.1088,1.5279,-0.9306,-107.66,168.28,-2293.48
2.0481,0.1220,1.5143,-0.9096,-107.52,169.12,-2293.48
2.0505,0.1176,1.4943,-0.9028,-107.10,170.45,-2293.48
2.0529,0.1093,1.4830,-0.9023,-106.54,169.12,-2293.48
2.0553,0.1264,1.4611,-0.9087,-106.12,169.19,-2293.48
2.0577,0.1386,1.4420,-0.9218,-104.79,170.24,-2293.48
2.0601,0.1430,1.4303,-0.9287,-104.86,169.68,-2293.48
2.0625,0.1571,1.4230,-0.9414,-104.30,168.84,-2293.48
2.0649,0.1757,1.4211,-0.9335,-104.72,168.56,-2293.48
2.0673,0.1889,1.4059,-0.9238,-104.16,168.77,-2293.48
2.0697,0.2011,1.4045,-0.9170,-104.09,167.65,-2293.48
2.0721,0.2225,1.4010,-0.8979,-105.14,166.74,-2293.48
2.0745,0.2377,1.3962,-0.9072,-104.72,167.44,-2293.48
2.0769,0.2450,1.4030,-0.9233,-105.00,165.83,-2293.48
2.0793,0.2640,1.4054,-0.9257,-105.49,164.43,-2293.48
2.0817,0.2821,1.4050,-0.9155,-106.12,164.15,-2293.48
2.0841,0.3001,1.4030,-0.8779,-107.03,162.68,-2293.48
2.0865,0.3245,1.4030,-0.8574,-106.96,162.26,-2293.48
2.0889,0.3416,1.4113,-0.8725,-106.89,162.33,-2293.48
2.0913,0.3543,1.4303,-0.9028,-107.24,162.26,-2293.48
2.0938,0.3601,1.4445,-0.9374,-107.80,162.40,-2293.48
2.0962,0.3772,1.4562,-0.9575,-107.24,161.63,-2293.48
2.0986,0.3953,1.4742,-0.9399,-107.73,164.01,-2293.48
2.1010,0.3889,1.4904,-0.9072,-108.08,164.36,-2293.48
2.1034,0.3987,1.5069,-0.8813,-107.73,164.15,-2293.48
2.1058,0.4070,1.5284,-0.8740,-107.66,166.32,-2293.48
2.1082,0.3889,1.5470,-0.8891,-108.08,166.81,-2293.48
2.1106,0.3758,1.5660,-0.8916,-107.80,166.18,-2293.48
2.1130,0.3719,1.5811,-0.8647,-108.01,166.81,-2293.48
2.1154,0.3597,1.5899,-0.8203,-108.08,167.37,-2293.48
2.1178,0.3450,1.5982,-0.7964,-107.94,166.81,-2293.48
2.1202,0.3304,1.6099,-0.7993,-107.31,166.74,-2293.48
2.1226,0.3099,1.6265,-0.8169,-107.17,166.74,-2293.48
2.1250,0.2923,1.6377,-0.8623,-107.24,166.11,-2293.48
2.1274,0.2826,1.6460,-0.9023,-107.45,165.13,-2293.48
2.1298,0.2772,1.6563,-0.9140,-107.52,165.13,-2293.48
2.1322,0.2611,1.6646,-0.9067,-108.15,165.41,-2293.48
2.1346,0.2479,1.6660,-0.8994,-108.64,164.92,-2293.48
2.1370,0.2328,1.6709,-0.9111,-108.92,166.25,-2293.48
2.1394,0.2064,1.6782,-0.9199,-109.55,166.32,-2293.48
2.1418,0.1845,1.6734,-0.9228,-110.32,166.60,-2293.48
2.1442,0.1669,1.6626,-0.8808,-110.53,165.83,-2293.48
2.1466,0.1562,1.6553,-0.8364,-110.46,166.18,-2293.48
2.1490,0.1401,1.6441,-0.8125,-111.02,165.90,-2293.48
2.1514,0.1332,1.6241,-0.7984,-110.32,165.27,-2293.48
2.1538,0.1235,1.6041,-0.8081,-109.90,166.11,-2293.48
2.1563,0.1113,1.5801,-0.7998,-110.04,165.13,-2293.48
2.1587,0.1152,1.5543,-0.7837,-108.85,164.99,-2293.48
2.1611,0.1235,1.5387,-0.7598,-107.94,164.64,-2293.48
2.1635,0.1352,1.5250,-0.7349,-107.52,165.41,-2293.48
2.1659,0.1376,1.5001,-0.7261,-106.89,166.11,-2293.48
2.1683,0.1386,1.4884,-0.7442,-104.86,166.39,-2293.48
2.1707,0.1435,1.4860,-0.7647,-105.07,167.37,-2293.48
2.1731,0.1474,1.4708,-0.7832,-104.51,167.44,-2293.48
2.1755,0.1484,1.4577,-0.8013,-103.67,167.37,-2293.48
2.1779,0.1518,1.4528,-0.8008,-103.39,167.51,-2293.48
2.1803,0.1479,1.4416,-0.8179,-103.81,167.65,-2293.48
2.1827,0.1513,1.4279,-0.8394,-103.25,165.62,-2293.48
2.1851,0.1635,1.4196,-0.8647,-103.11,165.41,-2293.48
2.1875,0.1659,1.3996,-0.8896,-103.81,163.80,-2293.48
2.1899,0.1864,1.3766,-0.8955,-103.18,162.26,-2293.48
2.1923,0.2054,1.3727,-0.8833,-102.83,161.70,-2293.48
2.1947,0.2211,1.3688,-0.8711,-103.46,160.02,-2293.48
2.1971,0.2367,1.3596,-0.8862,-102.55,159.88,-2293.48
2.1995,0.2533,1.3718,-0.8906,-102.34,158.34,-2293.48
2.2019,0.2762,1.3840,-0.8706,-103.60,158.06,-2293.48
2.2043,0.2865,1.3893,-0.8457,-103.95,157.85,-2293.48
2.2067,0.2982,1.4040,-0.8081,-104.44,156.45,-2293.48
2.2091,0.3070,1.4220,-0.7706,-106.33,156.17,-2293.48
2.2115,0.3118,1.4308,-0.7608,-108.50,154.91,-2293.48
2.2139,0.3221,1.4416,-0.7715,-109.62,154.28,-2293.48
2.2163,0.3221,1.4538,-0.7969,-111.65,154.21,-2293.48
2.2188,0.3274,1.4601,-0.8237,-114.03,152.95,-2293.48
2.2212,0.3406,1.4645,-0.8276,-115.78,152.81,-2293.48
2.2236,0.3406,1.4723,-0.8164,-116.69,153.23,-2293.48
2.2260,0.3421,1.4855,-0.7954,-118.23,152.60,-2293.48
2.2284,0.3533,1.5045,-0.8047,-118.93,153.30,-2293.48
2.2308,0.3558,1.5274,-0.8520,-119.98,154.63,-2293.48
2.2332,0.3528,1.5455,-0.8725,-121.24,155.12,-2293.48
2.2356,0.3562,1.5577,-0.8764,-122.64,156.10,-2293.48
2.2380,0.3538,1.5636,-0.8647,-123.55,158.20,-2293.48
2.2404,0.3377,1.5733,-0.8340,-123.69,159.53,-2293.48
2.2428,0.3279,1.5860,-0.8247,-123.41,160.23,-2293.48
2.2452,0.3177,1.5953,-0.8447,-123.20,162.40,-2293.48
2.2476,0.2889,1.6084,-0.8618,-122.22,163.38,-2293.48
2.2500,0.2747,1.6172,-0.8560,-122.01,162.54,-2293.48
2.2524,0.2738,1.6109,-0.8247,-121.10,164.50,-2293.48
2.2548,0.2513,1.6133,-0.7993,-119.56,166.95,-2293.48
2.2572,0.2284,1.6226,-0.8145,-119.00,166.53,-2293.48
2.2596,0.2216,1.6280,-0.8423,-117.81,167.09,-2293.48
2.2620,0.2103,1.6343,-0.8804,-116.97,168.91,-2293.48
2.2644,0.1903,1.6353,-0.8886,-116.62,169.75,-2293.48
2.2668,0.1693,1.6304,-0.8642,-115.29,169.96,-2293.48
2.2692,0.1557,1.6241,-0.8452,-114.45,170.10,-2293.48
2.2716,0.1493,1.6084,-0.8350,-113.54,171.50,-2293.48
2.2740,0.1327,1.5928,-0.8467,-111.72,172.83,-2293.48
2.2764,0.1254,1.5831,-0.8662,-110.04,171.22,-2293.48
2.2788,0.1352,1.5694,-0.8740,-108.71,171.57,-2293.48
2.2813,0.1269,1.5518,-0.8725,-107.17,172.69,-2293.48
2.2837,0.1171,1.5309,-0.8467,-105.49,171.85,-2293.48
2.2861,0.1200,1.5108,-0.8218,-103.74,171.92,-2293.48
2.2885,0.1161,1.5045,-0.8194,-102.62,172.13,-2293.48
2.2909,0.1098,1.4982,-0.8501,-101.92,170.80,-2293.48
2.2933,0.1010,1.4830,-0.8833,-100.59,170.03,-2293.48
2.2957,0.1049,1.4699,-0.8813,-100.17,168.63,-2293.48
2.2981,0.1142,1.4513,-0.8628,-100.94,168.49,-2293.48
2.3005,0.1215,1.4313,-0.8457,-99.89,165.90,-2293.48
2.3029,0.1415,1.4294,-0.8350,-99.12,164.99,-2293.48
2.3053,0.1547,1.4240,-0.8325,-99.96,164.85,-2293.48
2.3077,0.1645,1.4064,-0.8535,-99.96,163.10,-2293.48
2.3101,0.1854,1.3962,-0.8589,-99.89,161.00,-2293.48
2.3125,0.2089,1.3854,-0.8623,-100.59,161.14,-2293.48
2.3149,0.2172,1.3737,-0.8472,-101.43,160.09,-2293.48
2.3173,0.2303,1.3669,-0.8257,-101.22,158.13,-2293.48
2.3197,0.2533,1.3654,-0.8262,-101.01,157.57,-2293.48
2.3221,0.2679,1.3669,-0.8325,-102.06,157.22,-2293.48
2.3245,0.2821,1.3679,-0.8477,-103.04,155.96,-2293.48
2.3269,0.3006,1.3747,-0.8560,-103.25,155.33,-2293.48
2.3293,0.3113,1.3893,-0.8447,-104.37,155.96,-2293.48
2.3317,0.3113,1.4001,-0.8150,-105.98,155.33,-2293.48
2.3341,0.3206,1.4118,-0.7896,-106.47,153.58,-2293.48
2.3365,0.3411,1.4308,-0.7876,-107.80,154.07,-2293.48
2.3389,0.3436,1.4440,-0.8130,-109.69,154.98,-2293.48
2.3413,0.3411,1.4586,-0.8257,-111.09,153.16,-2293.48
2.3438,0.3528,1.4738,-0.8101,-112.56,153.37,-2293.48
2.3462,0.3548,1.4825,-0.7969,-113.82,155.05,-2293.48
2.3486,0.3460,1.4977,-0.7925,-114.52,154.91,-2293.48
2.3510,0.3455,1.5177,-0.7798,-116.41,154.77,-2293.48
2.3534,0.3470,1.5343,-0.7871,-117.32,155.47,-2293.48
2.3558,0.3416,1.5450,-0.8198,-117.74,156.24,-2293.48
2.3582,0.3284,1.5645,-0.8130,-118.30,156.52,-2293.48
2.3606,0.3265,1.5748,-0.8091,-120.05,156.38,-2293.48
2.3630,0.3245,1.5714,-0.8159,-119.84,158.34,-2293.48
2.3654,0.3050,1.5880,-0.8281,-119.14,159.60,-2293.48
2.3678,0.2816,1.6045,-0.8350,-120.47,160.02,-2293.48
2.3702,0.2762,1.6065,-0.8428,-120.33,160.16,-2293.48
2.3726,0.2655,1.6114,-0.8457,-119.77,163.52,-2293.48
2.3750,0.2391,1.6221,-0.8281,-119.63,163.52,-2293.48
2.3774,0.2352,1.6216,-0.8276,-120.12,164.01,-2293.48
2.3798,0.2269,1.6148,-0.8125,-118.58,166.74,-2293.48
2.3822,0.1942,1.6148,-0.7940,-117.88,168.07,-2293.48
2.3846,0.1869,1.6089,-0.7793,-117.67,166.95,-2293.48
2.3870,0.1889,1.5958,-0.7798,-116.06,170.10,-2293.48
2.3894,0.1523,1.5997,-0.7950,-113.89,171.08,-2293.48
2.3918,0.1425,1.6006,-0.7979,-113.82,168.91,-2293.48
2.3942,0.1503,1.5811,-0.7803,-112.49,171.15,-2293.48
2.3966,0.1327,1.5733,-0.7813,-110.04,172.20,-2293.48
2.3990,0.1327,1.5650,-0.7906,-109.34,170.80,-2293.48
2.4014,0.1440,1.5474,-0.7876,-107.73,171.64,-2293.48
2.4038,0.1405,1.5352,-0.7979,-106.47,172.69,-2293.48
2.4063,0.1347,1.5274,-0.8072,-104.93,172.20,-2293.48
2.4087,0.1318,1.5143,-0.8091,-103.53,171.92,-2293.48
2.4111,0.1254,1.4943,-0.8028,-102.27,172.41,-2293.48
2.4135,0.1210,1.4816,-0.8111,-100.80,171.92,-2293.48
2.4159,0.1259,1.4699,-0.8257,-99.75,170.73,-2293.48
2.4183,0.1376,1.4542,-0.8335,-98.56,169.75,-2293.48
2.4207,0.1405,1.4430,-0.8398,-97.44,169.75,-2293.48
2.4231,0.1488,1.4308,-0.8325,-96.88,167.30,-2293.48
2.4255,0.1620,1.4142,-0.8228,-96.39,166.88,-2293.48
2.4279,0.1606,1.4020,-0.8194,-95.97,165.76,-2293.48
2.4303,0.1703,1.3893,-0.8013,-96.18,163.17,-2293.48
2.4327,0.1913,1.3781,-0.7828,-95.97,161.49,-2293.48
2.4351,0.2108,1.3718,-0.7803,-96.18,160.02,-2293.48
2.4375,0.2279,1.3649,-0.7935,-96.53,158.83,-2293.48
2.4399,0.2367,1.3591,-0.8096,-97.02,157.36,-2293.48
2.4423,0.2513,1.3601,-0.8101,-97.30,155.12,-2293.48
2.4447,0.2752,1.3605,-0.8154,-97.86,154.77,-2293.48
2.4471,0.2811,1.3688,-0.8164,-98.49,154.84,-2293.48
2.4495,0.2884,1.3815,-0.7964,-100.17,152.39,-2293.48
2.4519,0.3118,1.3888,-0.7803,-101.22,151.34,-2293.48
2.4543,0.3157,1.4020,-0.7847,-103.04,151.69,-2293.48
2.4567,0.3118,1.4152,-0.8140,-105.00,150.29,-2293.48
2.4591,0.3274,1.4269,-0.8452,-106.82,148.26,-2293.48
2.4615,0.3382,1.4352,-0.8603,-108.57,148.61,-2293.48
2.4639,0.3255,1.4479,-0.8657,-110.60,148.05,-2293.48
2.4663,0.3265,1.4591,-0.8662,-113.05,146.44,-2293.48
2.4688,0.3284,1.4640,-0.8691,-114.73,148.05,-2293.48
2.4712,0.3221,1.4791,-0.8984,-116.27,147.21,-2293.48
2.4736,0.3284,1.4933,-0.9130,-118.65,147.49,-2293.48
2.4760,0.3348,1.5030,-0.9096,-120.40,147.63,-2293.48
2.4784,0.3348,1.5157,-0.9028,-122.01,148.33,-2293.48
2.4808,0.3235,1.5343,-0.8818,-122.64,149.73,-2293.48
2.4832,0.3089,1.5455,-0.8891,-124.11,150.43,-2293.48
2.4856,0.3035,1.5479,-0.9052,-124.74,151.06,-2293.48
2.4880,0.2855,1.5523,-0.9101,-125.23,152.74,-2293.48
2.4904,0.2694,1.5636,-0.9013,-125.51,152.18,-2293.48
2.4928,0.2635,1.5689,-0.8901,-125.72,154.42,-2293.48
2.4952,0.2484,1.5787,-0.8725,-124.74,155.12,-2293.48
2.4976,0.2377,1.5884,-0.8711,-124.88,157.01,-2293.48
2.5000,0.2225,1.5919,-0.8813,-124.18,158.55,-2293.48
2.5024,0.2098,1.5972,-0.9082,-123.69,159.32,-2293.48
2.5048,0.1991,1.5914,-0.9126,-123.48,160.51,-2293.48
2.5072,0.1893,1.5860,-0.8926,-122.08,161.63,-2293.48
2.5096,0.1825,1.5845,-0.8725,-121.10,163.73,-2293.48
2.5120,0.1757,1.5801,-0.8638,-119.49,165.41,-2293.48
2.5144,0.1625,1.5806,-0.8896,-117.95,167.23,-2293.48
2.5168,0.1537,1.5792,-0.9165,-116.62,167.72,-2293.48
2.5192,0.1537,1.5684,-0.9394,-114.94,170.10,-2293.48
2.5216,0.1386,1.5601,-0.9418,-113.19,171.64,-2293.48
2.5240,0.1362,1.5509,-0.9252,-111.86,171.85,-2293.48
2.5264,0.1488,1.5357,-0.9062,-109.97,172.97,-2293.48
2.5288,0.1581,1.5157,-0.8818,-107.94,174.79,-2293.48
2.5313,0.1532,1.4991,-0.8764,-104.86,176.96,-2293.48
2.5337,0.1381,1.4943,-0.9150,-102.97,177.03,-2293.48
2.5361,0.1410,1.4816,-0.9379,-101.50,176.89,-2293.48
2.5385,0.1420,1.4674,-0.9257,-99.05,178.43,-2293.48
2.5409,0.1318,1.4596,-0.9067,-97.51,177.87,-2293.48
2.5433,0.1415,1.4445,-0.8945,-96.32,176.40,-2293.48
2.5457,0.1503,1.4298,-0.8945,-94.43,176.82,-2293.48
2.5481,0.1547,1.4220,-0.9062,-92.75,175.42,-2293.48
2.5505,0.1718,1.4147,-0.9199,-92.26,173.74,-2293.48
2.5529,0.1874,1.4020,-0.9135,-91.84,172.48,-2293.48
2.5553,0.2006,1.3913,-0.8906,-90.65,171.57,-2293.48
2.5577,0.2128,1.3903,-0.8696,-89.74,170.03,-2293.48
2.5601,0.2269,1.3888,-0.8638,-90.30,168.00,-2293.48
2.5625,0.2445,1.3747,-0.8833,-90.09,166.67,-2293.48
2.5649,0.2542,1.3786,-0.9223,-89.04,164.78,-2293.48
2.5673,0.2635,1.3888,-0.9394,-90.16,162.19,-2293.48
2.5697,0.2801,1.3845,-0.9487,-90.58,160.72,-2293.48
2.5721,0.2826,1.3869,-0.9301,-91.14,159.11,-2293.48
2.5745,0.2948,1.3986,-0.9033,-92.19,155.96,-2293.48
2.5769,0.3152,1.4059,-0.9052,-94.36,155.12,-2293.48
2.5793,0.3187,1.4093,-0.9218,-95.27,153.16,-2293.48
2.5817,0.3240,1.4235,-0.9306,-96.74,150.78,-2293.48
2.5841,0.3333,1.4367,-0.9121,-99.54,149.38,-2293.48
2.5865,0.3318,1.4440,-0.8969,-101.43,148.47,-2293.48
2.5889,0.3348,1.4567,-0.8940,-103.04,145.53,-2293.48
2.5913,0.3436,1.4689,-0.9072,-105.70,145.46,-2293.48
2.5938,0.3421,1.4767,-0.9248,-108.08,144.76,-2293.48
2.5962,0.3426,1.4879,-0.9311,-109.62,144.20,-2293.48
2.5986,0.3392,1.5074,-0.9282,-111.44,144.13,-2293.48
2.6010,0.3309,1.5157,-0.9121,-114.59,143.99,-2293.48
2.6034,0.3201,1.5157,-0.9057,-115.64,144.20,-2293.48
2.6058,0.3079,1.5338,-0.9170,-116.34,143.99,-2293.48
2.6082,0.2957,1.5479,-0.9306,-118.65,144.48,-2293.48
2.6106,0.2879,1.5460,-0.9506,-119.63,144.13,-2293.48
2.6130,0.2791,1.5504,-0.9443,-119.84,145.32,-2293.48
2.6154,0.2679,1.5572,-0.9238,-120.82,145.74,-2293.48
2.6178,0.2591,1.5533,-0.9130,-121.52,147.00,-2293.48
2.6202,0.2401,1.5557,-0.9248,-120.61,148.82,-2293.48
2.6226,0.2250,1.5675,-0.9511,-120.75,149.17,-2293.48
2.6250,0.2191,1.5748,-0.9701,-121.17,150.78,-2293.48
2.6274,0.2064,1.5738,-0.9887,-121.31,152.32,-2293.48
2.6298,0.1981,1.5699,-0.9858,-120.96,153.16,-2293.48
2.6322,0.1864,1.5684,-0.9687,-120.40,156.31,-2293.48
2.6346,0.1679,1.5689,-0.9579,-120.40,156.87,-2293.48
2.6370,0.1664,1.5650,-0.9653,-119.77,158.20,-2293.48
2.6394,0.1513,1.5616,-0.9892,-119.00,161.21,-2293.48
2.6418,0.1322,1.5557,-0.9984,-118.65,161.70,-2293.48
2.6442,0.1274,1.5455,-0.9921,-117.95,164.08,-2293.48
2.6466,0.1220,1.5348,-0.9780,-116.97,165.55,-2293.48
2.6490,0.1254,1.5211,-0.9672,-115.57,167.09,-2293.48
2.6514,0.1235,1.5162,-0.9540,-114.17,169.33,-2293.48
2.6538,0.1230,1.5094,-0.9521,-113.54,170.31,-2293.48
2.6563,0.1293,1.4918,-0.9706,-112.00,172.06,-2293.48
2.6587,0.1269,1.4791,-0.9858,-110.11,174.02,-2293.48
2.6611,0.1264,1.4694,-0.9843,-109.13,175.21,-2293.48
2.6635,0.1342,1.4552,-0.9687,-107.45,176.26,-2293.48
2.6659,0.1454,1.4406,-0.9536,-105.49,176.96,-2293.48
2.6683,0.1571,1.4347,-0.9404,-104.02,178.22,-2293.48
2.6707,0.1635,1.4274,-0.9492,-102.76,179.13,-2293.48
2.6731,0.1718,1.4206,-0.9555,-100.94,179.41,-2293.48
2.6755,0.1864,1.4201,-0.9477,-99.54,179.48,-2293.48
2.6779,0.1932,1.4167,-0.9316,-99.33,180.04,-2293.48
2.6803,0.1991,1.4113,-0.9189,-98.63,179.13,-2293.48
2.6827,0.2167,1.4054,-0.9165,-97.37,178.64,-2293.48
2.6851,0.2298,1.4020,-0.9213,-96.46,178.92,-2293.48
2.6875,0.2416,1.3957,-0.9389,-95.62,177.73,-2293.48
2.6899,0.2455,1.3967,-0.9448,-94.57,177.52,-2293.48
2.6923,0.2523,1.4025,-0.9423,-94.57,175.35,-2293.48
2.6947,0.2689,1.4010,-0.9399,-94.50,173.95,-2293.48
2.6971,0.2747,1.4059,-0.9218,-94.36,172.20,-2293.48
2.6995,0.2879,1.4118,-0.8950,-94.50,169.54,-2293.48
2.7019,0.2972,1.4157,-0.8960,-94.22,168.91,-2293.48
2.7043,0.2982,1.4225,-0.9218,-94.29,166.18,-2293.48
2.7067,0.3079,1.4337,-0.9496,-95.06,163.17,-2293.48
2.7091,0.3143,1.4445,-0.9575,-96.46,160.86,-2293.48
2.7115,0.3138,1.4528,-0.9331,-97.02,158.27,-2293.48
2.7139,0.3162,1.4630,-0.9052,-98.14,156.03,-2293.48
2.7163,0.3133,1.4703,-0.8955,-99.75,154.84,-2293.48
2.7188,0.3001,1.4816,-0.9101,-101.08,152.04,-2293.48
2.7212,0.3011,1.4899,-0.9306,-102.76,148.05,-2293.48
2.7236,0.3050,1.4938,-0.9340,-104.30,146.65,-2293.48
2.7260,0.3026,1.4982,-0.9335,-105.98,145.46,-2293.48
2.7284,0.3001,1.5045,-0.9209,-107.03,143.64,-2293.48
2.7308,0.2962,1.5148,-0.9101,-108.15,141.96,-2293.48
2.7332,0.2879,1.5230,-0.9301,-109.34,141.19,-2293.48
2.7356,0.2801,1.5323,-0.9633,-110.67,140.49,-2293.48
2.7380,0.2713,1.5367,-0.9882,-112.35,139.72,-2293.48
2.7404,0.2650,1.5352,-0.9750,-113.82,138.67,-2293.48
2.7428,0.2552,1.5357,-0.9350,-114.73,139.79,-2293.48
2.7452,0.2396,1.5362,-0.9135,-115.43,140.28,-2293.48
2.7476,0.2328,1.5382,-0.9257,-116.13,140.70,-2293.48
2.7500,0.2201,1.5377,-0.9531,-116.69,141.68,-2293.48
2.7524,0.2123,1.5387,-0.9609,-117.11,141.96,-2293.48
2.7548,0.2084,1.5367,-0.9482,-117.95,144.34,-2293.48
2.7572,0.1967,1.5323,-0.9272,-118.16,145.60,-2293.48
2.7596,0.1903,1.5318,-0.9101,-118.37,147.00,-2293.48
2.7620,0.1830,1.5309,-0.9096,-118.30,149.73,-2293.48
2.7644,0.1659,1.5309,-0.9184,-118.16,152.11,-2293.48
2.7668,0.1503,1.5250,-0.9414,-118.16,153.65,-2293.48
2.7692,0.1508,1.5201,-0.9579,-118.09,155.19,-2293.48
2.7716,0.1498,1.5113,-0.9570,-118.02,158.41,-2293.48
2.7740,0.1327,1.4962,-0.9453,-117.32,160.86,-2293.48
2.7764,0.1269,1.4855,-0.9209,-116.90,161.49,-2293.48
2.7788,0.1332,1.4762,-0.9145,-116.20,164.01,-2293.48
2.7813,0.1293,1.4674,-0.9448,-115.43,166.39,-2293.48
2.7837,0.1293,1.4645,-0.9658,-114.31,167.72,-2293.48
2.7861,0.1342,1.4586,-0.9575,-114.17,169.96,-2293.48
2.7885,0.1386,1.4494,-0.9379,-113.40,170.94,-2293.48
2.7909,0.1513,1.4391,-0.9048,-112.63,172.69,-2293.48
2.7933,0.1581,1.4289,-0.8813,-111.72,174.72,-2293.48
2.7957,0.1606,1.4191,-0.8994,-111.16,175.56,-2293.48
2.7981,0.1708,1.4059,-0.9389,-109.69,176.40,-2293.48
2.8005,0.1762,1.4025,-0.9560,-108.57,177.59,-2293.48
2.8029,0.1815,1.4035,-0.9370,-108.22,177.31,-2293.48
2.8053,0.1952,1.3957,-0.9028,-107.59,177.38,-2293.48
2.8077,0.2094,1.3893,-0.8638,-106.12,177.59,-2293.48
2.8101,0.2172,1.3918,-0.8403,-105.42,178.01,-2293.48
2.8125,0.2255,1.3932,-0.8555,-104.93,176.54,-2293.48
2.8149,0.2450,1.3913,-0.8808,-104.44,176.05,-2293.48
2.8173,0.2547,1.3932,-0.8969,-103.60,176.33,-2293.48
2.8197,0.2582,1.3976,-0.8877,-103.39,174.30,-2293.48
2.8221,0.2689,1.4010,-0.8525,-102.90,172.76,-2293.48
2.8245,0.2772,1.4054,-0.8247,-102.55,172.20,-2293.48
2.8269,0.2826,1.4128,-0.8203,-102.20,171.08,-2293.48
2.8293,0.2913,1.4201,-0.8472,-102.06,168.91,-2293.48
2.8317,0.3050,1.4284,-0.8779,-101.85,167.02,-2293.48
2.8341,0.3079,1.4352,-0.8828,-101.92,165.69,-2293.48
2.8365,0.3104,1.4440,-0.8594,-102.06,163.24,-2293.48
2.8389,0.3167,1.4450,-0.8379,-102.76,162.75,-2293.48
2.8413,0.3123,1.4464,-0.8423,-102.34,161.28,-2293.48
2.8438,0.3133,1.4679,-0.8477,-102.62,158.20,-2293.48
2.8462,0.3172,1.4821,-0.8584,-103.18,157.29,-2293.48
2.8486,0.3094,1.4879,-0.8638,-103.25,156.10,-2293.48
2.8510,0.3035,1.5026,-0.8662,-103.11,153.44,-2293.48
2.8534,0.3050,1.5138,-0.8623,-104.30,151.62,-2293.48
2.8558,0.3060,1.5123,-0.8516,-104.58,151.48,-2293.48
2.8582,0.2904,1.5157,-0.8579,-104.58,150.85,-2293.48
2.8606,0.2801,1.5211,-0.8613,-105.00,148.33,-2293.48
2.8630,0.2796,1.5255,-0.8623,-105.28,147.77,-2293.48
2.8654,0.2645,1.5279,-0.8574,-106.05,146.86,-2293.48
2.8678,0.2596,1.5309,-0.8477,-106.12,145.67,-2293.48
2.8702,0.2601,1.5367,-0.8496,-107.10,146.09,-2293.48
2.8726,0.2513,1.5367,-0.8481,-107.59,146.23,-2293.48
2.8750,0.2386,1.5382,-0.8398,-107.80,146.09,-2293.48
2.8774,0.2250,1.5416,-0.8369,-108.15,146.37,-2293.48
2.8798,0.2094,1.5421,-0.8374,-108.71,147.49,-2293.48
2.8822,0.1947,1.5421,-0.8472,-109.20,147.42,-2293.48
2.8846,0.1898,1.5416,-0.8618,-109.90,147.35,-2293.48
2.8870,0.1835,1.5333,-0.8711,-110.88,149.03,-2293.48
2.8894,0.1698,1.5226,-0.8569,-111.44,150.43,-2293.48
2.8918,0.1606,1.5157,-0.8350,-111.65,151.27,-2293.48
2.8942,0.1571,1.5060,-0.8179,-112.70,152.39,-2293.48
2.8966,0.1542,1.4962,-0.8218,-112.98,154.42,-2293.48
2.8990,0.1410,1.4908,-0.8496,-113.26,156.73,-2293.48
2.9014,0.1342,1.4816,-0.8545,-113.82,157.29,-2293.48
2.9038,0.1410,1.4728,-0.8384,-113.89,159.11,-2293.48
2.9063,0.1362,1.4664,-0.8267,-114.24,161.00,-2293.48
2.9087,0.1342,1.4533,-0.8125,-114.45,162.33,-2293.48
2.9111,0.1405,1.4435,-0.8072,-113.96,164.08,-2293.48
2.9135,0.1371,1.4401,-0.8276,-114.38,165.76,-2293.48
2.9159,0.1401,1.4303,-0.8467,-114.24,166.67,-2293.48
2.9183,0.1484,1.4176,-0.8491,-113.96,168.35,-2293.48
2.9207,0.1547,1.4045,-0.8345,-114.03,168.84,-2293.48
2.9231,0.1630,1.3962,-0.8286,-112.91,170.45,-2293.48
2.9255,0.1688,1.3981,-0.8311,-112.49,171.36,-2293.48
2.9279,0.1767,1.3962,-0.8355,-112.35,172.48,-2293.48
2.9303,0.1889,1.3888,-0.8374,-111.58,172.76,-2293.48
2.9327,0.1996,1.3879,-0.8233,-110.95,173.88,-2293.48
2.9351,0.2084,1.3879,-0.8194,-110.81,173.74,-2293.48
2.9375,0.2225,1.3835,-0.8223,-110.39,173.46,-2293.48
2.9399,0.2391,1.3801,-0.8252,-109.90,173.46,-2293.48
2.9423,0.2557,1.3766,-0.8306,-109.20,173.60,-2293.48
2.9447,0.2621,1.3776,-0.8359,-108.08,173.25,-2293.48
2.9471,0.2689,1.3835,-0.8330,-107.38,172.62,-2293.48
2.9495,0.2738,1.3937,-0.8189,-106.54,172.90,-2293.48
2.9519,0.2796,1.4035,-0.8130,-105.98,171.22,-2293.48
2.9543,0.2957,1.4074,-0.8018,-105.49,169.96,-2293.48
2.9567,0.2996,1.4142,-0.7906,-104.44,169.19,-2293.48
2.9591,0.3050,1.4250,-0.7993,-104.30,167.44,-2293.48
2.9615,0.3084,1.4328,-0.8159,-104.02,166.95,-2293.48
2.9639,0.3079,1.4416,-0.8237,-103.88,165.13,-2293.48
2.9663,0.3123,1.4523,-0.8213,-103.88,164.22,-2293.48
2.9688,0.3084,1.4606,-0.8067,-103.67,162.54,-2293.48
2.9712,0.3060,1.4640,-0.7979,-103.39,160.65,-2293.48
2.9736,0.3035,1.4718,-0.7906,-103.39,159.25,-2293.48
2.9760,0.2996,1.4772,-0.7915,-103.39,157.57,-2293.48
2.9784,0.2918,1.4821,-0.7979,-102.90,156.17,-2293.48
2.9808,0.2865,1.4947,-0.8067,-102.69,154.28,-2293.48
2.9832,0.2801,1.4991,-0.8091,-103.04,153.09,-2293.48
2.9856,0.2747,1.5001,-0.8013,-102.69,151.20,-2293.48
2.9880,0.2728,1.5079,-0.8086,-102.69,150.50,-2293.48
2.9904,0.2611,1.5094,-0.8091,-103.18,149.10,-2293.48
2.9928,0.2557,1.5089,-0.8091,-102.83,147.98,-2293.48
2.9952,0.2503,1.5113,-0.8111,-103.18,147.35,-2293.48
2.9976,0.2377,1.5152,-0.8067,-103.39,146.86,-2293.48
3.0000,0.2235,1.5172,-0.8037,-103.60,146.58,-2293.48
3.0024,0.2162,1.5128,-0.8008,-103.95,145.95,-2293.48
3.0048,0.2098,1.5113,-0.7930,-104.02,146.16,-2293.48
3.0072,0.2001,1.5108,-0.7954,-104.86,146.02,-2293.48
3.0096,0.1986,1.5065,-0.8062,-105.42,145.95,-2293.48
3.0120,0.1918,1.5060,-0.8115,-105.84,147.49,-2293.48
3.0144,0.1732,1.5026,-0.8057,-106.47,148.19,-2293.48
3.0168,0.1669,1.4933,-0.7950,-107.03,148.19,-2293.48
3.0192,0.1635,1.4874,-0.7842,-107.80,149.31,-2293.48
3.0216,0.1601,1.4791,-0.7871,-108.36,150.22,-2293.48
3.0240,0.1562,1.4713,-0.7993,-108.92,151.62,-2293.48
3.0264,0.1532,1.4650,-0.7993,-109.55,152.60,-2293.48
3.0288,0.1547,1.4572,-0.7906,-110.25,154.14,-2293.48
3.0313,0.1527,1.4469,-0.7891,-110.88,155.47,-2293.48
3.0337,0.1523,1.4401,-0.7881,-111.37,156.73,-2293.48
3.0361,0.1532,1.4347,-0.7793,-111.86,158.34,-2293.48
3.0385,0.1552,1.4235,-0.7710,-112.49,159.95,-2293.48
3.0409,0.1610,1.4152,-0.7676,-112.98,161.21,-2293.48
3.0433,0.1635,1.4093,-0.7730,-113.33,163.17,-2293.48
3.0457,0.1640,1.4059,-0.7749,-113.68,164.22,-2293.48
3.0481,0.1703,1.3976,-0.7735,-114.38,165.41,-2293.48
3.0505,0.1791,1.3879,-0.7725,-114.31,166.81,-2293.48
3.0529,0.1889,1.3859,-0.7706,-114.45,168.07,-2293.48
3.0553,0.1942,1.3830,-0.7706,-114.52,169.19,-2293.48
3.0577,0.2020,1.3810,-0.7749,-114.17,169.96,-2293.48
3.0601,0.2142,1.3869,-0.7686,-114.17,170.87,-2293.48
3.0625,0.2216,1.3898,-0.7574,-114.52,171.71,-2293.48
3.0649,0.2269,1.3913,-0.7393,-114.52,171.71,-2293.48
3.0673,0.2352,1.3888,-0.7281,-114.24,172.48,-2293.48
3.0697,0.2396,1.3884,-0.7437,-113.40,173.25,-2293.48
3.0721,0.2445,1.3923,-0.7706,-113.12,172.69,-2293.48
3.0745,0.2562,1.3971,-0.7857,-112.70,171.99,-2293.48
3.0769,0.2669,1.4020,-0.7828,-112.07,171.64,-2293.48
3.0793,0.2699,1.4050,-0.7779,-111.09,171.01,-2293.48
3.0817,0.2733,1.4113,-0.7759,-110.46,169.89,-2293.48
3.0841,0.2806,1.4172,-0.7837,-109.27,168.91,-2293.48
3.0865,0.2826,1.4235,-0.7998,-108.22,168.21,-2293.48
3.0889,0.2821,1.4323,-0.8023,-107.45,166.60,-2293.48
3.0913,0.2840,1.4372,-0.7881,-106.75,164.64,-2293.48
3.0938,0.2894,1.4386,-0.7803,-105.91,163.73,-2293.48
3.0962,0.2865,1.4469,-0.7759,-105.00,162.61,-2293.48
3.0986,0.2811,1.4538,-0.7710,-104.51,160.09,-2293.48
3.1010,0.2855,1.4567,-0.7730,-103.39,158.76,-2293.48
3.1034,0.2826,1.4655,-0.7823,-102.48,157.85,-2293.48
3.1058,0.2752,1.4752,-0.7896,-102.06,155.47,-2293.48
3.1082,0.2772,1.4767,-0.7906,-101.50,153.44,-2293.48
3.1106,0.2733,1.4767,-0.7823,-100.73,152.25,-2293.48
3.1130,0.2640,1.4825,-0.7740,-100.31,150.78,-2293.48
3.1154,0.2582,1.4855,-0.7847,-100.24,149.24,-2293.48
3.1178,0.2538,1.4869,-0.7984,-99.61,147.91,-2293.48
3.1202,0.2445,1.4894,-0.8023,-99.40,147.14,-2293.48
3.1226,0.2347,1.4913,-0.7969,-99.26,145.60,-2293.48
3.1250,0.2303,1.4908,-0.7823,-99.26,144.97,-2293.48
3.1274,0.2235,1.4889,-0.7764,-99.05,144.48,-2293.48
3.1298,0.2133,1.4904,-0.7764,-99.19,144.13,-2293.48
3.1322,0.2079,1.4904,-0.7818,-99.47,143.92,-2293.48
3.1346,0.2001,1.4869,-0.7959,-100.10,144.13,-2293.48
3.1370,0.1932,1.4811,-0.7906,-100.59,144.27,-2293.48
3.1394,0.1864,1.4742,-0.7749,-101.15,145.81,-2293.48
3.1418,0.1713,1.4674,-0.7696,-101.92,146.09,-2293.48
3.1442,0.1684,1.4586,-0.7715,-102.62,146.09,-2293.48
3.1466,0.1669,1.4562,-0.7881,-103.11,147.70,-2293.48
3.1490,0.1610,1.4528,-0.7979,-104.79,148.33,-2293.48
3.1514,0.1625,1.4401,-0.7876,-105.07,149.10,-2293.48
3.1538,0.1625,1.4352,-0.7710,-105.63,150.57,-2293.48
3.1563,0.1688,1.4318,-0.7554,-106.75,151.55,-2293.48
3.1587,0.1703,1.4245,-0.7749,-107.45,153.65,-2293.48
3.1611,0.1713,1.4201,-0.7935,-108.15,154.07,-2293.48
3.1635,0.1796,1.4157,-0.7950,-109.20,156.45,-2293.48
3.1659,0.1781,1.4084,-0.7989,-110.25,157.99,-2293.48
3.1683,0.1845,1.4054,-0.7852,-110.88,159.25,-2293.48
3.1707,0.1913,1.4054,-0.7647,-111.86,161.77,-2293.48
3.1731,0.1918,1.3986,-0.7627,-112.91,162.96,-2293.48
3.1755,0.1967,1.3947,-0.7745,-113.12,164.64,-2293.48
3.1779,0.2020,1.3962,-0.7906,-114.03,166.04,-2293.48
3.1803,0.2064,1.3918,-0.8076,-114.94,167.58,-2293.48
3.1827,0.2098,1.3874,-0.8052,-115.36,168.77,-2293.48
3.1851,0.2157,1.3908,-0.7837,-115.64,169.82,-2293.48
3.1875,0.2220,1.3908,-0.7637,-116.48,170.94,-2293.48
3.1899,0.2313,1.3859,-0.7671,-116.27,171.78,-2293.48
3.1923,0.2381,1.3903,-0.7745,-115.71,172.27,-2293.48
3.1947,0.2464,1.3971,-0.7837,-115.85,172.48,-2293.48
3.1971,0.2567,1.3986,-0.7881,-116.20,172.76,-2293.48
3.1995,0.2616,1.4001,-0.7818,-115.15,172.62,-2293.48
3.2019,0.2660,1.4050,-0.7730,-114.59,172.76,-2293.48
3.2043,0.2679,1.4084,-0.7574,-114.45,172.34,-2293.48
3.2067,0.2708,1.4098,-0.7549,-113.47,171.64,-2293.48
3.2091,0.2728,1.4181,-0.7569,-112.21,171.08,-2293.48
3.2115,0.2767,1.4264,-0.7647,-111.72,169.96,-2293.48
3.2139,0.2806,1.4279,-0.7681,-110.88,169.05,-2293.48
3.2163,0.2840,1.4337,-0.7525,-109.48,167.58,-2293.48
3.2188,0.2879,1.4430,-0.7335,-108.57,167.16,-2293.48
3.2212,0.2840,1.4503,-0.7320,-107.73,165.90,-2293.48
3.2236,0.2855,1.4596,-0.7515,-106.47,164.36,-2293.48
3.2260,0.2830,1.4664,-0.7696,-105.98,163.80,-2293.48
3.2284,0.2767,1.4684,-0.7730,-105.35,162.40,-2293.48
3.2308,0.2757,1.4699,-0.7666,-104.37,160.86,-2293.48
3.2332,0.2738,1.4752,-0.7549,-103.46,159.95,-2293.48
3.2356,0.2689,1.4816,-0.7476,-102.83,159.11,-2293.48
3.2380,0.2586,1.4864,-0.7535,-101.64,157.64,-2293.48
3.2404,0.2523,1.4923,-0.7735,-100.73,156.03,-2293.48
3.2428,0.2435,1.4928,-0.7925,-100.52,155.75,-2293.48
3.2452,0.2333,1.4908,-0.7964,-99.96,153.65,-2293.48
3.2476,0.2338,1.4869,-0.7823,-99.33,152.74,-2293.48
3.2500,0.2225,1.4860,-0.7662,-98.56,152.67,-2293.48
3.2524,0.2103,1.4835,-0.7657,-98.28,150.92,-2293.48
3.2548,0.2084,1.4767,-0.7735,-97.72,150.15,-2293.48
3.2572,0.1996,1.4752,-0.7823,-97.09,149.94,-2293.48
3.2596,0.1884,1.4742,-0.7984,-97.37,148.75,-2293.48
3.2620,0.1913,1.4664,-0.8052,-97.09,147.35,-2293.48
3.2644,0.1957,1.4606,-0.7906,-96.74,148.12,-2293.48
3.2668,0.1859,1.4601,-0.7867,-96.88,148.26,-2293.48
3.2692,0.1815,1.4557,-0.7915,-97.58,147.21,-2293.48
3.2716,0.1845,1.4489,-0.7998,-97.37,147.63,-2293.48
3.2740,0.1781,1.4440,-0.8106,-97.86,148.47,-2293.48
3.2764,0.1723,1.4362,-0.8130,-98.91,148.26,-2293.48
3.2788,0.1757,1.4279,-0.8072,-99.68,148.61,-2293.48
3.2813,0.1801,1.4215,-0.7925,-100.17,149.73,-2293.48
3.2837,0.1781,1.4132,-0.7857,-101.15,151.06,-2293.48
3.2861,0.1786,1.4069,-0.7818,-101.92,151.13,-2293.48
3.2885,0.1854,1.4025,-0.7828,-102.90,152.53,-2293.48
3.2909,0.1879,1.4010,-0.7828,-103.95,154.49,-2293.48
3.2933,0.1879,1.3986,-0.7828,-105.21,155.75,-2293.48
3.2957,0.1923,1.3957,-0.7910,-106.40,156.87,-2293.48
3.2981,0.2001,1.3942,-0.7842,-107.66,158.34,-2293.48
3.3005,0.1981,1.3908,-0.7862,-108.92,160.16,-2293.48
3.3029,0.1976,1.3908,-0.7925,-110.32,160.58,-2293.48
3.3053,0.2098,1.3879,-0.7989,-111.51,162.12,-2293.48
3.3077,0.2103,1.3859,-0.8115,-112.77,164.08,-2293.48
3.3101,0.2123,1.3845,-0.8184,-113.68,164.01,-2293.48
3.3125,0.2206,1.3854,-0.8184,-114.31,165.76,-2293.48
3.3149,0.2240,1.3923,-0.8120,-115.50,166.53,-2293.48
3.3173,0.2313,1.3942,-0.8067,-116.69,167.16,-2293.48
3.3197,0.2357,1.3957,-0.8028,-117.25,167.51,-2293.48
3.3221,0.2391,1.4015,-0.8013,-117.74,168.14,-2293.48
3.3245,0.2391,1.4079,-0.8115,-118.30,168.63,-2293.48
3.3269,0.2391,1.4123,-0.8213,-118.93,168.49,-2293.48
3.3293,0.2406,1.4152,-0.8145,-119.21,168.28,-2293.48
3.3317,0.2416,1.4172,-0.8023,-119.49,167.58,-2293.48
3.3341,0.2445,1.4206,-0.8072,-119.49,167.23,-2293.48
3.3365,0.2464,1.4250,-0.8115,-119.07,166.74,-2293.48
3.3389,0.2460,1.4303,-0.8086,-118.65,165.97,-2293.48
3.3413,0.2460,1.4328,-0.8115,-118.16,165.13,-2293.48
3.3438,0.2469,1.4367,-0.8115,-117.04,163.87,-2293.48
3.3462,0.2484,1.4411,-0.8091,-116.13,162.96,-2293.48
3.3486,0.2508,1.4440,-0.8076,-115.50,162.19,-2293.48
3.3510,0.2528,1.4440,-0.8106,-114.66,161.28,-2293.48
3.3534,0.2533,1.4464,-0.8198,-112.63,160.72,-2293.48
3.3558,0.2489,1.4596,-0.8320,-111.51,159.81,-2293.48
3.3582,0.2479,1.4616,-0.8345,-110.60,158.48,-2293.48
3.3606,0.2479,1.4611,-0.8237,-108.29,158.06,-2293.48
3.3630,0.2420,1.4645,-0.8169,-107.03,157.36,-2293.48
3.3654,0.2347,1.4645,-0.8184,-105.56,156.87,-2293.48
3.3678,0.2259,1.4645,-0.8291,-103.95,155.96,-2293.48
3.3702,0.2225,1.4630,-0.8413,-102.41,154.70,-2293.48
3.3726,0.2235,1.4625,-0.8413,-100.94,154.00,-2293.48
3.3750,0.2216,1.4645,-0.8438,-99.05,153.51,-2293.48
3.3774,0.2147,1.4655,-0.8457,-97.86,152.81,-2293.48
3.3798,0.2123,1.4660,-0.8462,-96.74,152.11,-2293.48
3.3822,0.2103,1.4635,-0.8501,-95.83,152.04,-2293.48
3.3846,0.2064,1.4586,-0.8511,-94.99,151.13,-2293.48
3.3870,0.2079,1.4538,-0.8481,-94.22,151.20,-2293.48
3.3894,0.2030,1.4498,-0.8472,-93.59,151.55,-2293.48
3.3918,0.1996,1.4484,-0.8496,-93.10,151.20,-2293.48
3.3942,0.2015,1.4450,-0.8525,-92.61,151.55,-2293.48
3.3966,0.1967,1.4411,-0.8564,-92.47,152.04,-2293.48
3.3990,0.1932,1.4401,-0.8545,-92.54,151.90,-2293.48
3.4014,0.1908,1.4342,-0.8603,-93.03,152.39,-2293.48
3.4038,0.1903,1.4254,-0.8652,-93.38,152.32,-2293.48
3.4063,0.1918,1.4211,-0.8672,-93.73,153.30,-2293.48
3.4087,0.1893,1.4162,-0.8618,-94.36,153.58,-2293.48
3.4111,0.1957,1.4128,-0.8452,-95.27,153.44,-2293.48
3.4135,0.1996,1.4093,-0.8291,-96.67,154.49,-2293.48
3.4159,0.2011,1.4050,-0.8194,-97.86,155.12,-2293.48
3.4183,0.1996,1.4025,-0.8145,-99.40,156.17,-2293.48
3.4207,0.1991,1.3976,-0.8179,-101.08,156.73,-2293.48
3.4231,0.2015,1.3967,-0.8379,-102.48,157.64,-2293.48
3.4255,0.1991,1.3976,-0.8530,-103.88,158.48,-2293.48
3.4279,0.2011,1.3976,-0.8560,-105.56,158.83,-2293.48
3.4303,0.2064,1.3962,-0.8486,-107.17,159.46,-2293.48
3.4327,0.2108,1.3967,-0.8364,-108.71,160.09,-2293.48
3.4351,0.2113,1.4001,-0.8247,-110.53,160.72,-2293.48
3.4375,0.2133,1.4006,-0.8306,-112.07,161.49,-2293.48
3.4399,0.2123,1.4010,-0.8433,-113.47,162.33,-2293.48
3.4423,0.2103,1.4045,-0.8428,-115.08,162.19,-2293.48
3.4447,0.2133,1.4040,-0.8384,-117.11,162.12,-2293.48
3.4471,0.2167,1.4035,-0.8281,-118.37,162.05,-2293.48
3.4495,0.2216,1.4069,-0.8203,-119.35,161.98,-2293.48
3.4519,0.2259,1.4118,-0.8276,-120.33,161.84,-2293.48
3.4543,0.2284,1.4132,-0.8384,-121.52,161.49,-2293.48
3.4567,0.2250,1.4132,-0.8491,-122.01,160.93,-2293.48
3.4591,0.2245,1.4196,-0.8355,-122.43,159.53,-2293.48
3.4615,0.2308,1.4201,-0.8154,-122.64,159.25,-2293.48
3.4639,0.2284,1.4176,-0.8150,-122.43,158.97,-2293.48
3.4663,0.2245,1.4220,-0.8194,-122.01,157.57,-2293.48
3.4688,0.2274,1.4230,-0.8364,-121.87,157.22,-2293.48
3.4712,0.2259,1.4254,-0.8506,-121.31,156.94,-2293.48
3.4736,0.2250,1.4303,-0.8442,-120.75,155.33,-2293.48
3.4760,0.2284,1.4303,-0.8213,-119.56,155.12,-2293.48
3.4784,0.2235,1.4274,-0.8032,-118.51,154.77,-2293.48
3.4808,0.2220,1.4289,-0.8052,-116.97,153.72,-2293.48
3.4832,0.2240,1.4352,-0.8189,-115.08,153.16,-2293.48
3.4856,0.2245,1.4406,-0.8364,-113.54,152.88,-2293.48
3.4880,0.2211,1.4416,-0.8442,-112.28,153.16,-2293.48
3.4904,0.2201,1.4381,-0.8364,-110.60,151.97,-2293.48
3.4928,0.2255,1.4367,-0.8174,-108.64,151.97,-2293.48
3.4952,0.2216,1.4347,-0.8028,-107.03,152.32,-2293.48
3.4976,0.2191,1.4328,-0.8028,-104.86,152.39,-2293.48
3.5000,0.2162,1.4367,-0.8130,-102.76,152.81,-2293.48
3.5024,0.2152,1.4396,-0.8262,-101.50,152.53,-2293.48
3.5048,0.2191,1.4352,-0.8311,-99.75,153.02,-2293.48
3.5072,0.2128,1.4357,-0.8296,-98.00,153.79,-2293.48
3.5096,0.2089,1.4367,-0.8233,-97.02,153.72,-2293.48
3.5120,0.2133,1.4313,-0.8218,-95.69,154.00,-2293.48
3.5144,0.2142,1.4303,-0.8330,-94.36,154.70,-2293.48
3.5168,0.2142,1.4303,-0.8413,-93.24,155.33,-2293.48
3.5192,0.2123,1.4269,-0.8433,-92.47,156.03,-2293.48
3.5216,0.2084,1.4259,-0.8355,-91.70,156.10,-2293.48
3.5240,0.2113,1.4254,-0.8272,-91.28,156.17,-2293.48
3.5264,0.2123,1.4206,-0.8257,-91.00,157.29,-2293.48
3.5288,0.2094,1.4201,-0.8296,-90.65,157.43,-2293.48
3.5313,0.2123,1.4206,-0.8330,-90.93,157.92,-2293.48
3.5337,0.2137,1.4196,-0.8301,-91.21,158.69,-2293.48
3.5361,0.2147,1.4147,-0.8174,-92.19,159.46,-2293.48
3.5385,0.2186,1.4093,-0.7959,-92.75,160.09,-2293.48
3.5409,0.2206,1.4089,-0.7901,-93.52,160.79,-2293.48
3.5433,0.2206,1.4064,-0.7935,-94.50,161.21,-2293.48
3.5457,0.2176,1.4059,-0.8023,-95.90,161.98,-2293.48
3.5481,0.2162,1.4079,-0.8081,-97.44,161.70,-2293.48
3.5505,0.2196,1.4074,-0.8018,-98.91,162.26,-2293.48
3.5529,0.2216,1.4045,-0.7901,-100.73,162.68,-2293.48
3.5553,0.2245,1.4015,-0.7745,-102.48,162.54,-2293.48
3.5577,0.2284,1.4025,-0.7710,-104.02,163.24,-2293.48
3.5601,0.2250,1.4025,-0.7798,-105.91,163.94,-2293.48
3.5625,0.2181,1.4030,-0.7969,-107.80,163.87,-2293.48
3.5649,0.2172,1.4054,-0.8130,-109.27,163.45,-2293.48
3.5673,0.2181,1.4050,-0.8194,-111.09,163.73,-2293.48
3.5697,0.2172,1.4045,-0.8213,-112.70,163.66,-2293.48
3.5721,0.2216,1.4020,-0.8164,-114.17,163.17,-2293.48
3.5745,0.2259,1.4015,-0.8164,-115.08,163.87,-2293.48
3.5769,0.2230,1.4050,-0.8286,-116.20,163.17,-2293.48
3.5793,0.2225,1.4074,-0.8389,-117.39,162.26,-2293.48
3.5817,0.2250,1.4108,-0.8389,-118.16,161.98,-2293.48
3.5841,0.2225,1.4118,-0.8316,-119.14,161.77,-2293.48
3.5865,0.2201,1.4108,-0.8257,-119.70,161.07,-2293.48
3.5889,0.2176,1.4132,-0.8291,-119.98,160.30,-2293.48
3.5913,0.2108,1.4167,-0.8398,-120.47,159.18,-2293.48
3.5938,0.2094,1.4176,-0.8477,-120.75,157.78,-2293.48
3.5962,0.2113,1.4172,-0.8520,-121.03,157.22,-2293.48
3.5986,0.2069,1.4128,-0.8550,-121.03,156.45,-2293.48
3.6010,0.2045,1.4093,-0.8467,-120.68,154.91,-2293.48
3.6034,0.2045,1.4118,-0.8428,-120.12,153.51,-2293.48
3.6058,0.2054,1.4118,-0.8486,-119.28,152.46,-2293.48
3.6082,0.2069,1.4142,-0.8569,-118.44,151.97,-2293.48
3.6106,0.2069,1.4128,-0.8725,-117.81,150.36,-2293.48
3.6130,0.2113,1.4074,-0.8852,-116.13,149.59,-2293.48
3.6154,0.2142,1.4113,-0.8740,-114.38,149.73,-2293.48
3.6178,0.2152,1.4123,-0.8633,-113.33,148.89,-2293.48
3.6202,0.2172,1.4093,-0.8696,-111.58,148.40,-2293.48
3.6226,0.2152,1.4113,-0.8862,-109.48,148.75,-2293.48
3.6250,0.2113,1.4142,-0.9048,-108.29,148.19,-2293.48
3.6274,0.2157,1.4113,-0.9106,-106.96,147.63,-2293.48
3.6298,0.2181,1.4098,-0.9013,-104.79,148.54,-2293.48
3.6322,0.2123,1.4113,-0.8867,-103.25,148.89,-2293.48
3.6346,0.2123,1.4113,-0.8769,-102.13,148.82,-2293.48
3.6370,0.2157,1.4108,-0.8789,-100.59,149.31,-2293.48
3.6394,0.2167,1.4123,-0.8916,-99.05,150.36,-2293.48
3.6418,0.2128,1.4147,-0.8945,-98.07,151.41,-2293.48
3.6442,0.2152,1.4152,-0.8886,-97.02,151.90,-2293.48
3.6466,0.2167,1.4157,-0.8877,-96.18,153.51,-2293.48
3.6490,0.2118,1.4162,-0.8916,-95.69,154.21,-2293.48
3.6514,0.2128,1.4132,-0.8891,-94.99,154.98,-2293.48
3.6538,0.2128,1.4108,-0.8813,-94.64,156.24,-2293.48
3.6563,0.2128,1.4098,-0.8808,-95.06,157.50,-2293.48
3.6587,0.2128,1.4074,-0.8877,-94.78,158.55,-2293.48
3.6611,0.2157,1.4059,-0.8877,-95.06,159.39,-2293.48
3.6635,0.2191,1.4059,-0.8784,-95.69,160.86,-2293.48
3.6659,0.2186,1.4045,-0.8745,-96.88,161.84,-2293.48
3.6683,0.2269,1.4010,-0.8711,-97.65,162.54,-2293.48
3.6707,0.2318,1.4040,-0.8721,-98.56,164.36,-2293.48
3.6731,0.2303,1.4108,-0.8828,-100.03,164.85,-2293.48
3.6755,0.2391,1.4137,-0.9028,-101.50,165.62,-2293.48
3.6779,0.2401,1.4191,-0.9072,-102.69,167.09,-2293.48
3.6803,0.2338,1.4294,-0.8994,-104.37,167.79,-2293.48
3.6827,0.2323,1.4328,-0.8950,-106.05,168.07,-2293.48
3.6851,0.2294,1.4376,-0.8930,-107.45,168.70,-2293.48
3.6875,0.2191,1.4425,-0.8911,-109.62,169.40,-2293.48
3.6899,0.2113,1.4420,-0.8896,-111.44,169.26,-2293.48
3.6923,0.2064,1.4396,-0.8940,-113.26,169.19,-2293.48
3.6947,0.2001,1.4381,-0.8926,-114.94,169.12,-2293.48
3.6971,0.1972,1.4357,-0.8930,-116.76,168.84,-2293.48
3.6995,0.1923,1.4279,-0.9018,-117.95,168.28,-2293.48
3.7019,0.1893,1.4250,-0.9077,-118.86,167.44,-2293.48
3.7043,0.1908,1.4264,-0.9043,-120.26,166.74,-2293.48
3.7067,0.1952,1.4235,-0.8974,-121.24,165.69,-2293.48
3.7091,0.1952,1.4196,-0.8930,-121.94,164.99,-2293.48
3.7115,0.1942,1.4186,-0.8955,-122.64,163.66,-2293.48
3.7139,0.1996,1.4142,-0.9048,-122.71,162.68,-2293.48
3.7163,0.1981,1.4137,-0.9067,-122.36,162.05,-2293.48
3.7188,0.1928,1.4142,-0.8994,-122.78,160.30,-2293.48
3.7212,0.1952,1.4103,-0.8945,-122.22,158.83,-2293.48
3.7236,0.1937,1.4118,-0.8984,-121.17,157.92,-2293.48
3.7260,0.1903,1.4176,-0.8999,-119.98,156.45,-2293.48
3.7284,0.1874,1.4196,-0.9038,-119.35,154.91,-2293.48
3.7308,0.1874,1.4142,-0.9067,-118.37,153.30,-2293.48
3.7332,0.1879,1.4069,-0.9057,-116.69,152.60,-2293.48
3.7356,0.1830,1.4035,-0.8989,-115.22,150.85,-2293.48
3.7380,0.1874,1.3991,-0.8940,-113.68,149.24,-2293.48
3.7404,0.1913,1.3957,-0.8969,-111.51,148.61,-2293.48
3.7428,0.1898,1.3976,-0.9096,-109.90,147.42,-2293.48
3.7452,0.1952,1.3937,-0.9257,-108.50,146.58,-2293.48
3.7476,0.2001,1.3898,-0.9311,-106.61,146.02,-2293.48
3.7500,0.2015,1.3898,-0.9194,-105.00,145.53,-2293.48
3.7524,0.2006,1.3879,-0.9048,-103.39,145.25,-2293.48
3.7548,0.2064,1.3820,-0.8989,-101.92,144.90,-2293.48
3.7572,0.2137,1.3786,-0.9004,-99.68,145.32,-2293.48
3.7596,0.2103,1.3781,-0.9091,-98.42,145.46,-2293.48
3.7620,0.2147,1.3752,-0.9106,-96.88,145.11,-2293.48
3.7644,0.2191,1.3742,-0.9057,-95.20,146.58,-2293.48
3.7668,0.2206,1.3757,-0.8974,-93.87,146.58,-2293.48
3.7692,0.2308,1.3766,-0.8862,-92.68,147.21,-2293.48
3.7716,0.2381,1.3776,-0.8808,-91.42,148.61,-2293.48
3.7740,0.2401,1.3791,-0.8882,-90.44,149.38,-2293.48
3.7764,0.2401,1.3815,-0.9087,-89.67,150.36,-2293.48
3.7788,0.2430,1.3840,-0.9243,-89.32,151.13,-2293.48
3.7813,0.2499,1.3874,-0.9165,-88.90,152.25,-2293.48
3.7837,0.2523,1.3913,-0.8911,-88.97,153.72,-2293.48
3.7861,0.2538,1.3942,-0.8725,-89.11,155.19,-2293.48
3.7885,0.2552,1.3967,-0.8750,-89.25,156.73,-2293.48
3.7909,0.2547,1.4006,-0.8877,-89.81,158.13,-2293.48
3.7933,0.2533,1.4064,-0.9038,-90.72,159.81,-2293.48
3.7957,0.2538,1.4103,-0.9087,-91.77,160.72,-2293.48
3.7981,0.2513,1.4137,-0.8989,-92.61,162.12,-2293.48
3.8005,0.2469,1.4176,-0.8818,-94.22,162.89,-2293.48
3.8029,0.2479,1.4181,-0.8682,-95.62,164.08,-2293.48
3.8053,0.2440,1.4206,-0.8764,-97.02,165.41,-2293.48
3.8077,0.2367,1.4264,-0.8960,-98.56,165.90,-2293.48
3.8101,0.2294,1.4298,-0.9087,-100.52,166.39,-2293.48
3.8125,0.2259,1.4274,-0.9038,-102.48,166.60,-2293.48
3.8149,0.2259,1.4269,-0.8862,-104.16,166.81,-2293.48
3.8173,0.2220,1.4259,-0.8647,-106.12,166.81,-2293.48
3.8197,0.2196,1.4240,-0.8569,-108.08,166.95,-2293.48
3.8221,0.2167,1.4254,-0.8730,-109.62,166.81,-2293.48
3.8245,0.2128,1.4269,-0.8960,-111.44,166.46,-2293.48
3.8269,0.2059,1.4240,-0.9033,-113.33,165.76,-2293.48
3.8293,0.2040,1.4181,-0.8872,-114.80,164.36,-2293.48
3.8317,0.2011,1.4118,-0.8633,-115.99,164.15,-2293.48
3.8341,0.1962,1.4089,-0.8472,-117.39,162.89,-2293.48
3.8365,0.1952,1.4054,-0.8545,-118.65,161.49,-2293.48
3.8389,0.1913,1.4030,-0.8813,-119.49,160.09,-2293.48
3.8413,0.1889,1.4030,-0.8999,-120.75,158.41,-2293.48
3.8438,0.1893,1.3952,-0.8940,-121.38,156.94,-2293.48
3.8462,0.1893,1.3903,-0.8745,-121.31,155.33,-2293.48
3.8486,0.1884,1.3903,-0.8618,-121.45,153.79,-2293.48
3.8510,0.1874,1.3869,-0.8652,-121.38,152.11,-2293.48
3.8534,0.1913,1.3845,-0.8804,-120.96,150.01,-2293.48
3.8558,0.1976,1.3864,-0.8901,-120.33,148.61,-2293.48
3.8582,0.1976,1.3854,-0.8960,-119.98,147.42,-2293.48
3.8606,0.1981,1.3835,-0.8945,-119.07,145.88,-2293.48
3.8630,0.2030,1.3849,-0.8891,-118.09,144.83,-2293.48
3.8654,0.2025,1.3806,-0.8916,-117.46,144.62,-2293.48
3.8678,0.1991,1.3732,-0.8969,-116.06,143.64,-2293.48
3.8702,0.2045,1.3693,-0.8994,-114.24,142.80,-2293.48
3.8726,0.2113,1.3684,-0.9038,-112.49,143.01,-2293.48
3.8750,0.2098,1.3693,-0.9189,-110.81,142.80,-2293.48
3.8774,0.2142,1.3723,-0.9321,-108.99,142.03,-2293.48
3.8798,0.2216,1.3766,-0.9399,-107.24,142.52,-2293.48
3.8822,0.2230,1.3806,-0.9467,-105.35,142.66,-2293.48
3.8846,0.2250,1.3845,-0.9487,-103.25,143.08,-2293.48
3.8870,0.2284,1.3884,-0.9335,-101.92,143.71,-2293.48
3.8894,0.2338,1.3918,-0.9170,-100.17,144.90,-2293.48
3.8918,0.2342,1.3957,-0.9126,-98.42,146.09,-2293.48
3.8942,0.2357,1.4015,-0.9228,-96.81,146.72,-2293.48
3.8966,0.2420,1.4074,-0.9433,-95.69,148.47,-2293.48
3.8990,0.2362,1.4123,-0.9560,-94.15,150.43,-2293.48
3.9014,0.2308,1.4162,-0.9492,-93.17,150.85,-2293.48
3.9038,0.2391,1.4176,-0.9233,-92.61,152.46,-2293.48
3.9063,0.2372,1.4176,-0.9174,-91.98,155.40,-2293.48
3.9087,0.2294,1.4240,-0.9394,-91.14,156.03,-2293.48
3.9111,0.2323,1.4323,-0.9633,-90.65,157.36,-2293.48
3.9135,0.2264,1.4352,-0.9692,-90.93,159.95,-2293.48
3.9159,0.2162,1.4352,-0.9536,-91.07,160.65,-2293.48
3.9183,0.2172,1.4372,-0.9282,-91.21,161.63,-2293.48
3.9207,0.2157,1.4401,-0.9130,-92.26,163.73,-2293.48
3.9231,0.2035,1.4362,-0.9316,-93.17,165.69,-2293.48
3.9255,0.1942,1.4303,-0.9677,-93.38,166.18,-2293.48
3.9279,0.1962,1.4303,-0.9853,-94.36,166.53,-2293.48
3.9303,0.1952,1.4269,-0.9667,-95.90,167.86,-2293.48
3.9327,0.1889,1.4220,-0.9267,-97.44,168.21,-2293.48
3.9351,0.1859,1.4211,-0.8896,-99.12,168.49,-2293.48
3.9375,0.1825,1.4162,-0.8906,-101.15,168.70,-2293.48
3.9399,0.1815,1.4054,-0.9355,-102.76,168.84,-2293.48
3.9423,0.1806,1.4006,-0.9858,-103.74,168.63,-2293.48
3.9447,0.1786,1.4054,-1.0009,-105.35,168.07,-2293.48
3.9471,0.1791,1.4054,-0.9643,-107.59,167.09,-2293.48
3.9495,0.1810,1.3996,-0.9170,-109.20,166.46,-2293.48
3.9519,0.1835,1.3957,-0.8950,-110.53,165.76,-2293.48
3.9543,0.1830,1.3952,-0.9116,-111.79,165.13,-2293.48
3.9567,0.1781,1.3947,-0.9575,-113.61,164.01,-2293.48
3.9591,0.1791,1.3903,-0.9882,-114.87,162.19,-2293.48
3.9615,0.1845,1.3849,-0.9814,-115.92,161.56,-2293.48
3.9639,0.1898,1.3825,-0.9521,-116.97,160.09,-2293.48
3.9663,0.1986,1.3786,-0.9331,-117.95,159.25,-2293.48
3.9688,0.2035,1.3752,-0.9389,-118.09,158.97,-2293.48
3.9712,0.2069,1.3815,-0.9672,-117.95,158.27,-2293.48
3.9736,0.2089,1.3864,-0.9887,-118.44,157.57,-2293.48
3.9760,0.2094,1.3879,-0.9775,-118.51,156.52,-2293.48
3.9784,0.2133,1.3893,-0.9443,-118.65,155.40,-2293.48
3.9808,0.2152,1.3893,-0.9121,-118.16,154.84,-2293.48
3.9832,0.2137,1.3903,-0.9023,-117.39,154.35,-2293.48
3.9856,0.2133,1.3937,-0.9145,-116.48,153.30,-2293.48
3.9880,0.2108,1.3967,-0.9379,-115.85,152.74,-2293.48
3.9904,0.2074,1.3996,-0.9545,-114.87,151.97,-2293.48
3.9928,0.2025,1.4010,-0.9492,-114.10,151.20,-2293.48
3.9952,0.1991,1.3967,-0.9243,-112.91,150.01,-2293.48
3.9976,0.1996,1.3942,-0.9106,-111.37,149.52,-2293.48
4.0000,0.1937,1.3928,-0.9189,-110.04,149.10,-2293.48
4.0024,0.1932,1.3845,-0.9379,-108.71,147.35,-2293.48
4.0048,0.2011,1.3786,-0.9462,-106.75,146.79,-2293.48
4.0072,0.2006,1.3820,-0.9384,-104.86,146.51,-2293.48
4.0096,0.1991,1.3830,-0.9301,-103.81,145.32,-2293.48
4.0120,0.2045,1.3810,-0.9252,-102.48,144.69,-2293.48
4.0144,0.2074,1.3869,-0.9379,-101.29,144.83,-2293.48
4.0168,0.2064,1.3888,-0.9482,-100.73,144.48,-2293.48
4.0192,0.2147,1.3815,-0.9472,-99.89,144.41,-2293.48
4.0216,0.2220,1.3762,-0.9292,-98.77,145.39,-2293.48
4.0240,0.2230,1.3747,-0.9028,-97.58,145.39,-2293.48
4.0264,0.2313,1.3732,-0.8945,-97.02,145.60,-2293.48
4.0288,0.2420,1.3727,-0.8999,-95.69,146.72,-2293.48
4.0313,0.2445,1.3806,-0.9209,-94.36,148.96,-2293.48
4.0337,0.2372,1.3869,-0.9423,-94.36,149.87,-2293.48
4.0361,0.2372,1.3869,-0.9404,-93.87,150.71,-2293.48
4.0385,0.2377,1.3893,-0.9155,-93.10,152.60,-2293.48
4.0409,0.2328,1.3918,-0.8921,-93.45,154.00,-2293.48
4.0433,0.2357,1.3908,-0.8872,-93.59,154.98,-2293.48
4.0457,0.2372,1.3932,-0.9062,-93.73,157.08,-2293.48
4.0481,0.2342,1.3971,-0.9189,-94.64,158.34,-2293.48
4.0505,0.2372,1.3996,-0.9101,-95.62,159.39,-2293.48
4.0529,0.2377,1.4030,-0.8886,-96.46,161.07,-2293.48
4.0553,0.2377,1.4059,-0.8657,-97.65,162.33,-2293.48
4.0577,0.2391,1.4079,-0.8701,-98.70,163.87,-2293.48
4.0601,0.2338,1.4113,-0.8882,-100.03,165.34,-2293.48
4.0625,0.2328,1.4113,-0.8994,-101.43,165.90,-2293.48
4.0649,0.2342,1.4118,-0.9048,-102.55,166.88,-2293.48
4.0673,0.2333,1.4191,-0.8960,-103.74,167.72,-2293.48
4.0697,0.2308,1.4230,-0.8838,-105.28,168.28,-2293.48
4.0721,0.2235,1.4259,-0.8833,-106.61,168.49,-2293.48
4.0745,0.2186,1.4298,-0.8911,-108.22,168.07,-2293.48
4.0769,0.2176,1.4318,-0.8999,-109.90,168.00,-2293.48
4.0793,0.2133,1.4362,-0.9062,-111.30,167.65,-2293.48
4.0817,0.2084,1.4396,-0.9082,-112.84,166.39,-2293.48
4.0841,0.2030,1.4401,-0.9091,-114.31,165.69,-2293.48
4.0865,0.1952,1.4391,-0.9057,-115.57,164.64,-2293.48
4.0889,0.1869,1.4396,-0.9096,-116.41,163.17,-2293.48
4.0913,0.1825,1.4425,-0.9213,-117.25,161.63,-2293.48
4.0938,0.1771,1.4396,-0.9374,-118.23,160.65,-2293.48
4.0962,0.1654,1.4347,-0.9589,-118.51,158.90,-2293.48
4.0986,0.1581,1.4328,-0.9789,-118.44,156.87,-2293.48
4.1010,0.1542,1.4298,-1.0043,-118.79,155.68,-2293.48
4.1034,0.1474,1.4235,-1.0355,-118.65,154.63,-2293.48
4.1058,0.1420,1.4181,-1.0555,-117.95,153.30,-2293.48
4.1082,0.1386,1.4132,-1.0707,-117.53,152.25,-2293.48
4.1106,0.1357,1.4020,-1.0912,-117.39,151.41,-2293.48
4.1130,0.1347,1.3928,-1.1214,-116.48,150.43,-2293.48
4.1154,0.1352,1.3893,-1.1624,-115.64,150.01,-2293.48
4.1178,0.1366,1.3859,-1.2122,-115.15,150.15,-2293.48
4.1202,0.1357,1.3854,-1.2742,-114.52,150.50,-2293.48
4.1226,0.1425,1.3952,-1.3571,-113.75,150.64,-2293.48
4.1250,0.1713,1.4523,-1.5006,-114.66,152.74,-2293.48
4.1274,0.1854,1.5640,-1.7021,-118.72,155.96,-2293.48
4.1298,0.3133,2.1467,-1.9339,-108.85,150.85,-2293.48
4.1322,0.6056,3.1447,-2.1370,-119.49,162.19,-2293.48
4.1346,-0.3802,3.9304,-3.7410,-207.69,274.26,-2293.48
4.1370,-3.4785,7.1341,-4.3671,-138.46,304.78,-2293.48
4.1394,-7.7441,12.5138,-4.8898,-280.07,306.11,-2293.48
4.1418,-11.1391,15.4896,-10.2704,-802.27,313.39,-2293.48
4.1442,-11.2923,15.9352,-15.1051,-1230.46,254.94,-2248.05
4.1466,-8.0120,15.7434,-12.5558,-1121.26,222.67,-2104.97
4.1490,-2.7606,15.7897,-2.0584,-1004.01,33.39,-1903.72
4.1514,-2.2541,15.9820,-4.9137,-975.80,-454.37,-1625.47
4.1538,3.4277,12.0141,-15.4110,-218.68,-833.14,-1418.13
4.1563,3.1686,10.4866,-15.9517,94.64,649.53,-1101.03
4.1587,-6.4845,8.4073,-5.3036,-771.05,243.32,-1040.76
4.1611,-4.2622,-2.6464,10.6516,-1253.84,-906.08,-1103.76
4.1635,7.3830,-5.8116,15.8254,977.34,-683.55,-1280.86
4.1659,1.6372,0.8618,4.0977,-66.50,1462.65,-1031.59
4.1683,-4.9859,4.6682,-11.2894,-116.83,-804.51,-910.28
4.1707,3.4926,1.3845,-15.3212,-107.24,118.58,-796.11
4.1731,-2.0989,1.5743,-4.7785,-385.56,535.43,-735.00
4.1755,-4.5389,-0.4885,10.9805,-1007.51,-739.06,-849.31
4.1779,6.1712,-5.8921,15.9888,337.12,-541.10,-925.54
4.1803,4.1909,1.6616,5.9775,183.40,946.26,-805.35
4.1827,-4.4384,3.0700,-10.0079,-369.88,179.41,-832.86
4.1851,-0.2791,-1.3293,-15.6272,-125.44,-306.46,-878.22
4.1875,1.0902,1.8085,-9.3603,-210.14,156.59,-826.56
4.1899,-1.3430,0.1669,6.2703,-721.28,-99.19,-865.97
4.1923,1.3069,-4.6443,15.9888,-170.66,-195.23,-983.15
4.1947,3.3267,-0.2450,10.7345,269.57,220.78,-1034.46
4.1971,-0.7305,2.0955,-5.2509,-302.54,510.30,-1038.66
4.1995,-2.8485,0.2777,-15.9820,-175.14,-97.65,-1033.83
4.2019,0.2123,1.5460,-13.5288,-175.35,-77.77,-1024.80
4.2043,0.6690,0.3162,0.5246,-419.51,101.50,-976.57
4.2067,-0.1508,-2.3985,14.0564,-385.70,20.02,-1008.49
4.2091,1.0551,-1.3264,13.6762,85.82,-7.00,-1071.00
4.2115,1.3835,1.1263,0.7749,-130.06,328.79,-1058.26
4.2139,-1.4923,1.0912,-12.8983,-188.16,260.82,-1033.20
4.2163,-1.3464,0.8355,-14.3184,-186.62,-81.69,-1028.02
4.2188,0.8081,0.5305,-5.5246,-240.38,49.00,-1005.13
4.2212,0.1645,-0.5710,8.7098,-374.99,136.01,-984.55
4.2236,-0.0073,-1.5553,14.8284,-117.11,57.12,-1046.57
4.2260,1.0965,0.1903,7.3220,-31.71,150.71,-1063.16
4.2284,0.1918,1.0243,-6.7676,-171.22,315.98,-1043.63
4.2308,-1.3376,0.5334,-14.0134,-164.71,137.13,-1024.73
4.2332,-0.3636,0.7823,-9.4853,-171.50,1.40,-1017.38
4.2356,0.5568,0.1322,2.0730,-275.38,134.47,-993.93
4.2380,0.0878,-1.0775,12.3571,-215.60,144.41,-1013.11
4.2404,0.3826,-0.5065,11.1147,-41.79,129.36,-1050.91
4.2428,0.6529,0.5553,0.4285,-110.95,231.07,-1049.23
4.2452,-0.4241,0.6764,-9.2837,-132.93,258.72,-1033.55
4.2476,-0.8721,0.6710,-10.5286,-140.28,106.75,-1022.07
4.2500,0.0737,0.4651,-3.6986,-177.38,93.31,-1009.82
4.2524,0.2996,-0.2913,6.2327,-218.47,171.22,-1002.12
4.2548,0.1698,-0.7418,10.6574,-95.55,163.87,-1030.05
4.2572,0.4431,0.0903,5.4324,-50.26,196.14,-1044.68
4.2596,0.1835,0.5690,-3.7161,-99.47,252.70,-1039.71
4.2620,-0.5251,0.5061,-8.8265,-101.99,211.68,-1025.64
4.2644,-0.4163,0.5900,-6.5504,-113.05,125.58,-1017.66
4.2668,0.1513,0.2074,0.7052,-159.25,154.35,-1008.14
4.2692,0.2001,-0.4616,7.3849,-126.56,184.17,-1016.68
4.2716,0.2884,-0.3030,7.3825,-36.82,193.62,-1036.21
4.2740,0.3060,0.3074,1.0629,-48.23,233.66,-1040.06
4.2764,-0.1230,0.4792,-5.4300,-65.94,240.52,-1031.94
4.2788,-0.4163,0.5017,-6.9628,-67.97,186.55,-1021.37
4.2813,-0.1352,0.4343,-2.9631,-88.76,155.68,-1014.37
4.2837,0.1386,-0.0195,3.3096,-106.54,180.88,-1012.48
4.2861,0.2123,-0.3577,6.6178,-46.55,192.50,-1025.99
4.2885,0.2918,0.0024,4.0426,-6.37,217.00,-1036.70
4.2909,0.1049,0.3631,-1.6831,-24.29,238.28,-1035.72
4.2933,-0.2284,0.4250,-5.4900,-29.40,216.23,-1027.39
4.2957,-0.2445,0.4631,-4.6306,-35.00,176.96,-1019.62
4.2981,-0.0029,0.2708,-0.1776,-55.44,173.67,-1014.86
4.3005,0.1391,-0.1288,4.2876,-41.16,185.92,-1019.27
4.3029,0.2377,-0.1649,4.9049,10.08,197.96,-1030.75
4.3053,0.2074,0.1669,1.3191,19.18,221.90,-1035.23
4.3077,-0.0459,0.3587,-3.0393,8.61,220.64,-1031.80
4.3101,-0.2069,0.4094,-4.5818,5.81,190.54,-1024.87
4.3125,-0.0981,0.3821,-2.3888,-3.92,170.10,-1019.41
4.3149,0.0630,0.1279,1.6065,-11.62,173.81,-1018.50
4.3173,0.1596,-0.1171,4.0963,18.13,179.55,-1025.64
4.3197,0.2142,0.0020,2.9695,48.02,194.04,-1032.99
4.3221,0.0927,0.2391,-0.5622,45.92,206.36,-1033.62
4.3245,-0.1122,0.3455,-3.3496,40.81,190.54,-1029.21
4.3269,-0.1332,0.3797,-3.2467,36.61,164.92,-1023.89
4.3293,-0.0029,0.2782,-0.5773,27.51,156.80,-1020.88
4.3317,0.0991,0.0425,2.4210,34.23,159.46,-1023.33
4.3341,0.1674,-0.0425,3.2213,62.58,164.50,-1030.33
4.3365,0.1532,0.1152,1.2420,75.25,176.47,-1034.04
4.3389,0.0029,0.2708,-1.6353,71.26,175.56,-1032.64
4.3413,-0.1069,0.3387,-2.9866,67.55,154.70,-1028.37
4.3438,-0.0498,0.3279,-1.8788,61.81,137.20,-1024.66
4.3462,0.0561,0.1845,0.6446,58.03,134.05,-1024.03
4.3486,0.1186,0.0210,2.4742,72.66,135.31,-1028.16
4.3510,0.1479,0.0420,2.0852,91.84,140.70,-1033.27
4.3534,0.0830,0.1845,-0.0586,94.78,145.88,-1034.53
4.3558,-0.0410,0.2855,-2.0403,90.79,135.73,-1032.15
4.3582,-0.0669,0.3206,-2.2770,86.24,116.27,-1028.79
4.3606,0.0112,0.2650,-0.7237,80.71,105.56,-1026.69
4.3630,0.0844,0.0893,1.2708,82.74,103.95,-1027.88
4.3654,0.1157,-0.0054,2.0311,98.49,104.79,-1031.87
4.3678,0.0834,0.0859,0.8804,103.74,107.94,-1034.46
4.3702,0.0200,0.1610,-1.0507,99.33,101.43,-1033.76
4.3726,-0.0244,0.1923,-2.1111,96.25,89.81,-1030.33
4.3750,-0.0303,0.1742,-1.6163,84.70,72.94,-1027.18
4.3774,0.0620,0.0420,-0.0254,78.61,60.83,-1025.92
4.3798,0.1093,-0.1088,1.2566,83.16,63.91,-1026.48
4.3822,0.0722,-0.1835,1.1531,87.50,60.76,-1028.09
4.3846,0.0293,-0.1996,-0.3065,79.45,55.51,-1026.83
4.3870,-0.0883,-0.3392,-1.9422,59.15,45.64,-1019.27
4.3894,-0.1293,-0.7745,-2.5347,36.68,17.08,-1009.12
4.3918,-0.1684,-1.3635,-2.1086,-2.24,-5.53,-990.78
4.3942,-0.4768,-1.9398,-1.8232,-56.56,-41.44,-968.66
4.3966,-0.7779,-2.2653,-3.0729,-133.28,-114.52,-940.94
4.3990,-0.4900,-1.9735,-5.2519,-223.72,-212.59,-910.28
4.4014,0.1523,-1.5699,-6.0234,-301.98,-244.93,-880.60
4.4038,0.5202,-1.4611,-3.7752,-332.64,-254.03,-856.59
4.4063,0.6871,-1.2537,0.2006,-355.32,-277.97,-842.59
4.4087,0.8545,-1.0321,2.9353,-378.14,-284.20,-836.57
4.4111,0.8867,-0.7676,2.4517,-352.38,-248.43,-834.19
4.4135,0.5436,-0.2679,-0.5724,-352.80,-218.89,-827.75
4.4159,0.2923,0.0268,-3.3540,-384.65,-249.76,-820.82
4.4183,0.4943,-0.0781,-3.8537,-408.10,-260.89,-810.11
4.4207,0.7159,-0.2274,-1.7431,-410.20,-251.93,-800.66
4.4231,0.7910,-0.2338,0.9643,-408.73,-246.75,-795.76
4.4255,0.9706,-0.1718,1.8593,-401.80,-246.54,-792.96
4.4279,1.2405,0.0005,0.1601,-376.88,-229.53,-787.08
4.4303,1.2517,0.4246,-2.9670,-352.38,-210.98,-773.78
4.4327,2.2468,1.8378,-4.2417,-351.54,-301.77,-754.18
4.4351,4.0162,3.7757,-3.3199,-321.09,-329.00,-712.39
4.4375,3.2823,4.2920,-8.7332,32.69,-238.84,-674.80
4.4399,2.2448,5.8828,-14.1335,314.30,-268.03,-591.22
4.4423,1.7285,6.7085,-10.7009,99.40,-28.70,-523.74
4.4447,-0.4987,3.5204,-4.2524,13.79,-27.09,-480.83
4.4471,-0.1610,1.2507,5.4685,290.78,-335.44,-482.37
4.4495,2.3609,1.8939,10.2651,397.46,-68.81,-489.23
4.4519,0.0371,1.1561,3.8567,126.28,235.90,-443.24
4.4543,-1.5611,-0.0459,-5.5554,283.29,-174.72,-470.19
4.4567,0.5104,1.0350,-8.3624,321.86,-102.62,-436.31
4.4591,0.0142,1.6758,-4.9937,157.92,47.39,-417.48
4.4615,-0.9267,0.1723,0.3694,87.50,-56.98,-408.52
4.4639,-0.3113,-0.5070,5.7843,273.07,-126.49,-419.30
4.4663,0.2216,0.6090,5.8809,213.15,16.45,-415.94
4.4688,-0.9140,0.2113,-0.3421,97.30,110.60,-403.13
4.4712,-1.6206,-0.0698,-6.4767,172.62,-46.13,-390.81
4.4736,-0.9687,0.8969,-6.6910,134.19,-12.95,-361.83
4.4760,-1.2654,0.8115,-3.5419,-17.01,97.37,-333.83
4.4784,-1.5616,-0.1810,0.3177,-39.20,36.96,-319.13
4.4808,-0.5241,-0.2401,3.2223,30.73,-11.34,-319.55
4.4832,0.2220,0.2338,3.1466,-9.66,80.99,-313.04
4.4856,-0.2186,0.0561,0.0449,-26.67,119.77,-312.83
4.4880,-0.4685,0.0800,-3.0563,9.03,49.56,-307.72
4.4904,-0.0425,0.4875,-3.2262,-14.70,46.41,-300.65
4.4928,-0.0659,0.2567,-1.4562,-66.92,97.86,-291.76
4.4952,-0.3431,-0.2216,1.1448,-38.22,59.50,-292.11
4.4976,-0.0132,-0.0639,2.7665,-2.38,39.48,-297.15
4.5000,0.1435,0.1186,1.8090,-33.81,95.55,-295.96
4.5024,-0.2279,-0.0190,-0.9594,-26.67,101.43,-294.63
4.5048,-0.3304,0.1283,-2.8031,-10.08,58.87,-289.31
4.5072,-0.1118,0.3094,-2.3453,-39.69,62.37,-283.01
4.5096,-0.1552,0.0054,-0.5261,-63.28,82.39,-277.27
4.5120,-0.2381,-0.2401,1.4279,-30.24,59.43,-278.46
4.5144,-0.0566,-0.0342,2.0218,-19.81,59.22,-279.93
4.5168,-0.0342,0.0298,0.5963,-39.55,85.47,-278.60
4.5192,-0.2484,-0.0259,-1.5621,-27.65,81.27,-274.89
4.5216,-0.2952,0.1254,-2.4293,-26.11,56.42,-269.43
4.5240,-0.1981,0.1191,-1.5948,-53.13,58.94,-263.41
4.5264,-0.2523,-0.1479,-0.0420,-58.59,63.98,-259.28
4.5288,-0.2977,-0.2440,1.0960,-38.64,49.77,-258.44
4.5313,-0.2425,-0.1469,0.8950,-40.88,52.99,-256.97
4.5337,-0.3470,-0.1835,-0.5866,-51.80,62.23,-252.21
4.5361,-0.5187,-0.1937,-2.0335,-50.05,42.91,-244.58
4.5385,-0.4812,-0.1142,-2.2311,-65.52,21.00,-235.97
4.5409,-0.4138,-0.2230,-1.5099,-78.05,23.17,-228.83
4.5433,-0.4465,-0.3606,-0.3660,-76.30,13.51,-220.99
4.5457,-0.4021,-0.3279,0.3762,-74.13,3.71,-217.00
4.5481,-0.3767,-0.3128,-0.0898,-87.08,1.12,-210.42
4.5505,-0.4046,-0.3109,-1.2649,-82.53,-12.53,-204.26
4.5529,-0.4109,-0.1908,-2.1848,-83.30,-25.13,-194.53
4.5553,-0.4290,-0.1103,-2.1428,-101.50,-44.38,-185.29
4.5577,-0.3065,-0.2142,-1.4284,-106.54,-64.12,-177.80
4.5601,-0.1771,-0.2094,-0.4670,-89.53,-63.56,-169.82
4.5625,-0.1874,0.0117,-0.0229,-82.39,-66.99,-165.27
4.5649,-0.1737,0.1381,-0.5705,-86.38,-74.97,-159.39
4.5673,-0.1098,0.1142,-1.5684,-70.84,-73.08,-152.46
4.5697,-0.1103,0.2381,-2.1980,-51.66,-65.52,-141.68
4.5721,-0.1918,0.3689,-2.0281,-56.49,-66.57,-132.37
4.5745,-0.1342,0.2782,-1.4699,-44.52,-77.00,-124.11
4.5769,-0.0649,0.2786,-0.9526,-17.01,-60.41,-113.96
4.5793,-0.1161,0.4607,-1.0868,1.96,-46.41,-103.95
4.5817,-0.2084,0.5134,-1.8861,7.35,-35.91,-91.07
4.5841,-0.2582,0.5144,-2.5874,25.34,-38.01,-77.49
4.5865,-0.2855,0.5339,-2.6523,22.89,-27.02,-61.46
4.5889,-0.4089,0.3762,-2.1589,17.78,-20.44,-47.53
4.5913,-0.4065,0.1440,-1.5133,23.80,-19.81,-33.88
4.5938,-0.4460,0.1010,-0.9960,29.05,3.92,-21.56
4.5962,-0.5597,0.0678,-1.1087,13.72,4.90,-12.60
4.5986,-0.5729,-0.0898,-1.4747,11.48,5.67,-3.78
4.6010,-0.5675,-0.0381,-1.5230,17.01,6.72,2.80
4.6034,-0.5256,-0.0249,-1.2571,1.82,6.58,8.05
4.6058,-0.4631,-0.1313,-0.7681,2.80,6.86,12.60
4.6082,-0.3933,-0.1532,-0.4070,8.54,8.82,15.05
4.6106,-0.3270,-0.0947,-0.3479,13.58,13.79,17.01
4.6130,-0.3372,-0.0498,-0.6051,7.28,18.13,18.48
4.6154,-0.2894,-0.0610,-0.9150,9.10,7.14,19.39
4.6178,-0.1728,-0.0464,-0.9545,10.43,13.72,20.79
4.6202,-0.1874,-0.0098,-0.7257,8.68,18.34,21.35
4.6226,-0.1884,-0.0337,-0.4685,4.90,12.53,19.88
4.6250,-0.1122,-0.0503,-0.3436,9.45,12.53,18.48
4.6274,-0.0898,-0.0083,-0.4421,8.33,19.53,16.94
4.6298,-0.1108,0.0107,-0.7471,5.81,19.11,15.26
4.6322,-0.1044,0.0395,-0.9740,4.34,16.10,13.58
4.6346,-0.0791,0.0712,-0.9789,1.40,14.42,11.69
4.6370,-0.0639,0.0771,-0.8472,-2.38,14.98,9.59
4.6394,-0.0771,0.0732,-0.7286,-3.22,12.18,6.58
4.6418,-0.0503,0.0844,-0.7266,-3.43,7.98,3.64
4.6442,-0.0449,0.0991,-0.8682,-5.60,9.94,0.77
4.6466,-0.0498,0.1244,-1.0814,-5.04,6.44,-1.19
4.6490,-0.0561,0.1444,-1.1976,-7.91,6.30,-3.01
4.6514,-0.0322,0.1430,-1.1980,-8.19,-0.56,-4.41
4.6538,-0.0020,0.1200,-1.1058,-7.00,4.13,-4.48
4.6563,-0.0254,0.1166,-1.0272,-4.20,0.91,-5.11
4.6587,-0.0439,0.1118,-1.0380,-6.79,-2.80,-4.97
4.6611,-0.0283,0.0844,-1.1380,-3.85,-6.72,-4.20
4.6635,-0.0439,0.0698,-1.2444,-1.19,-0.84,-2.38
4.6659,-0.1069,0.0737,-1.2571,0.49,-5.04,-1.40
4.6683,-0.1264,0.0532,-1.1775,-0.98,-7.14,-0.21
4.6707,-0.1313,0.0107,-1.0409,1.61,-8.26,0.07
4.6731,-0.1298,-0.0005,-0.9296,2.73,-5.88,0.42
4.6755,-0.1425,0.0054,-0.9013,2.52,-5.53,0.07
4.6779,-0.1288,0.0146,-0.9745,1.82,-6.93,-0.21
4.6803,-0.1054,0.0317,-1.0336,1.75,-4.69,-0.14
4.6827,-0.1088,0.0566,-1.0199,0.42,-3.99,0.00
4.6851,-0.0976,0.0659,-0.9311,-0.91,-5.74,0.00
4.6875,-0.0795,0.0737,-0.8325,0.28,-3.71,-0.28
4.6899,-0.0917,0.0903,-0.8154,0.84,-1.26,-0.49
4.6923,-0.1069,0.0961,-0.8896,1.05,-1.19,-0.91
4.6947,-0.1069,0.0883,-0.9921,1.26,-1.12,-1.05
4.6971,-0.1044,0.0737,-1.0424,1.19,-0.70,-0.98
4.6995,-0.1083,0.0561,-1.0302,0.56,-0.70,-0.70
4.7019,-0.1098,0.0410,-0.9892,0.42,-1.68,-0.77
4.7043,-0.1059,0.0337,-0.9682,0.63,-1.19,-0.63
4.7067,-0.1132,0.0371,-0.9936,0.84,-0.70,-0.56
4.7091,-0.1176,0.0439,-1.0419,0.56,-1.82,-0.70
4.7115,-0.1083,0.0498,-1.0609,0.35,-2.52,-0.56
4.7139,-0.1000,0.0590,-1.0292,0.28,-2.52,-0.42
4.7163,-0.0956,0.0669,-0.9731,0.28,-2.80,-0.42
4.7188,-0.0893,0.0693,-0.9326,0.56,-2.94,-0.56
4.7212,-0.0878,0.0703,-0.9287,0.91,-2.17,-0.49
4.7236,-0.0937,0.0669,-0.9536,0.70,-1.75,-0.63
4.7260,-0.0996,0.0615,-0.9804,0.56,-2.03,-0.70
4.7284,-0.1010,0.0561,-0.9858,0.35,-2.03,-0.63
4.7308,-0.1020,0.0517,-0.9760,0.35,-1.96,-0.70
4.7332,-0.1035,0.0522,-0.9726,0.56,-1.96,-0.70
4.7356,-0.1059,0.0537,-0.9892,0.84,-1.96,-0.63
4.7380,-0.1108,0.0551,-1.0150,0.84,-1.96,-0.56
4.7404,-0.1127,0.0566,-1.0272,0.63,-2.24,-0.49
4.7428,-0.1098,0.0576,-1.0097,0.35,-2.59,-0.56
4.7452,-0.1035,0.0561,-0.9750,0.35,-2.52,-0.56
4.7476,-0.0996,0.0547,-0.9536,0.35,-2.17,-0.56
4.7500,-0.0961,0.0571,-0.9545,0.63,-1.96,-0.56
4.7524,-0.0927,0.0590,-0.9711,0.63,-1.82,-0.63
4.7548,-0.0937,0.0605,-0.9862,0.63,-1.89,-0.56
4.7572,-0.0966,0.0620,-0.9892,0.56,-2.03,-0.56
4.7596,-0.1000,0.0615,-0.9843,0.56,-2.24,-0.63
4.7620,-0.1025,0.0586,-0.9823,0.63,-2.17,-0.70
4.7644,-0.1059,0.0556,-0.9877,0.63,-2.24,-0.70
4.7668,-0.1083,0.0551,-0.9989,0.56,-2.24,-0.70
4.7692,-0.1074,0.0551,-1.0009,0.49,-2.24,-0.63
4.7716,-0.1054,0.0547,-0.9906,0.49,-2.24,-0.49
4.7740,-0.1025,0.0561,-0.9780,0.42,-2.24,-0.49
4.7764,-0.1005,0.0576,-0.9706,0.49,-2.10,-0.56
4.7788,-0.0986,0.0595,-0.9745,0.70,-1.89,-0.49
4.7813,-0.0971,0.0620,-0.9838,0.77,-1.89,-0.63
4.7837,-0.0971,0.0620,-0.9897,0.63,-1.96,-0.63
4.7861,-0.0991,0.0600,-0.9872,0.56,-2.10,-0.63
4.7885,-0.1005,0.0586,-0.9809,0.63,-2.17,-0.70
