# throw_id=2,class=backhand,name=,samples=2288,sample_rate_hz=416.0,dropped=0,peak_accel_g=21.6277,peak_gyro_dps=2362.44
time_s,ax_g,ay_g,az_g,gx_dps,gy_dps,gz_dps
0.0000,0.1308,-0.0688,-0.9867,3.78,-14.49,-12.18
0.0024,0.1288,-0.0654,-0.9872,4.13,-14.49,-12.25
0.0048,0.1259,-0.0669,-0.9892,4.62,-15.19,-12.32
0.0072,0.1303,-0.0673,-1.0004,5.67,-16.03,-12.53
0.0096,0.1425,-0.0654,-1.0116,6.37,-15.54,-12.53
0.0120,0.1435,-0.0571,-1.0170,6.72,-15.40,-12.88
0.0144,0.1342,-0.0542,-1.0248,6.93,-15.47,-13.02
0.0168,0.1298,-0.0581,-1.0321,6.44,-16.31,-13.44
0.0192,0.1274,-0.0634,-1.0282,5.88,-16.45,-13.65
0.0216,0.1264,-0.0639,-1.0136,5.11,-17.36,-13.86
0.0240,0.1152,-0.0595,-0.9858,3.36,-17.50,-13.93
0.0264,0.1020,-0.0547,-0.9501,1.61,-18.55,-14.35
0.0288,0.0942,-0.0459,-0.9155,-0.49,-18.41,-14.42
0.0313,0.0766,-0.0307,-0.8852,-3.08,-18.27,-14.49
0.0337,0.0615,-0.0059,-0.8735,-6.30,-18.06,-14.49
0.0361,0.0508,0.0244,-0.8721,-9.59,-16.73,-14.42
0.0385,0.0322,0.0527,-0.8769,-13.58,-14.84,-14.21
0.0409,0.0073,0.0825,-0.8633,-17.85,-14.56,-13.79
0.0433,-0.0122,0.1152,-0.8281,-21.84,-13.58,-13.44
0.0457,-0.0268,0.1484,-0.7857,-26.11,-12.46,-12.74
0.0481,-0.0386,0.1850,-0.7452,-30.17,-11.90,-11.90
0.0505,-0.0493,0.2201,-0.7237,-34.09,-11.34,-10.92
0.0529,-0.0576,0.2586,-0.7130,-37.80,-10.85,-10.01
0.0553,-0.0786,0.2884,-0.7071,-41.58,-9.45,-8.75
0.0577,-0.1401,0.3079,-0.7164,-45.92,-7.42,-6.72
0.0601,-0.1493,0.2894,-0.7574,-51.31,-10.92,-4.69
0.0625,-0.1137,0.2894,-0.7520,-51.31,-7.42,-1.89
0.0649,-0.1279,0.3245,-0.7222,-54.74,-4.48,0.35
0.0673,-0.1171,0.3079,-0.7003,-59.22,-7.07,2.17
0.0697,-0.0795,0.2855,-0.6871,-59.08,-4.27,3.57
0.0721,-0.0620,0.2840,-0.7008,-59.22,-1.82,4.34
0.0745,-0.0468,0.2752,-0.7271,-60.83,-0.98,3.99
0.0769,-0.0429,0.2533,-0.7691,-61.60,0.21,3.15
0.0793,-0.0366,0.2377,-0.7954,-60.34,0.98,1.68
0.0817,-0.0176,0.2313,-0.7745,-59.64,2.31,-0.28
0.0841,-0.0156,0.2011,-0.7623,-60.62,3.85,-2.87
0.0865,-0.0102,0.1669,-0.7754,-58.45,3.08,-5.67
0.0889,0.0073,0.1327,-0.8106,-57.26,4.62,-8.40
0.0913,0.0205,0.0849,-0.8599,-56.00,4.69,-10.92
0.0938,0.0293,0.0381,-0.8808,-54.11,4.90,-13.30
0.0962,0.0376,-0.0068,-0.8794,-51.45,3.43,-15.33
0.0986,0.0615,-0.0444,-0.8642,-49.77,2.24,-16.87
0.1010,0.0795,-0.0747,-0.8560,-47.25,2.24,-18.27
0.1034,0.0834,-0.0820,-0.8208,-42.63,1.26,-19.39
0.1058,0.0927,-0.0688,-0.7828,-39.55,-0.91,-20.72
0.1082,0.1015,-0.0644,-0.7564,-37.31,-2.03,-21.63
0.1106,0.1035,-0.0561,-0.7554,-32.55,-3.01,-22.89
0.1130,0.0991,-0.0390,-0.7696,-28.98,-5.39,-24.01
0.1154,0.0893,-0.0327,-0.7681,-25.76,-7.21,-25.13
0.1178,0.0849,-0.0351,-0.7798,-22.47,-9.87,-26.25
0.1202,0.0849,-0.0468,-0.7808,-19.04,-12.53,-27.37
0.1226,0.0683,-0.0615,-0.7496,-14.77,-13.58,-28.42
0.1250,0.0522,-0.0747,-0.7149,-10.92,-16.80,-29.54
0.1274,0.0630,-0.0937,-0.6959,-7.63,-18.69,-30.52
0.1298,0.0644,-0.1132,-0.6905,-3.15,-18.41,-31.50
0.1322,0.0483,-0.1205,-0.6832,1.40,-19.74,-32.69
0.1346,0.0449,-0.1249,-0.6690,4.55,-22.33,-33.95
0.1370,0.0503,-0.1371,-0.6608,7.49,-22.75,-35.35
0.1394,0.0356,-0.1493,-0.6471,11.41,-22.54,-36.96
0.1418,0.0166,-0.1513,-0.6417,14.98,-24.71,-38.85
0.1442,0.0185,-0.1542,-0.6568,16.66,-27.30,-41.09
0.1466,0.0283,-0.1640,-0.6525,19.81,-26.88,-43.12
0.1490,0.0220,-0.1606,-0.6359,23.59,-26.95,-45.29
0.1514,0.0215,-0.1523,-0.6027,25.55,-29.54,-47.39
0.1538,0.0434,-0.1562,-0.5739,27.86,-30.73,-49.70
0.1563,0.0503,-0.1596,-0.5714,30.52,-30.24,-51.73
0.1587,0.0464,-0.1552,-0.5763,32.97,-31.78,-53.90
0.1611,0.0508,-0.1513,-0.5876,34.23,-33.18,-55.79
0.1635,0.0586,-0.1523,-0.5910,35.84,-34.16,-57.89
0.1659,0.0547,-0.1498,-0.5827,37.59,-34.09,-59.78
0.1683,0.0503,-0.1542,-0.5514,38.78,-35.91,-61.67
0.1707,0.0590,-0.1610,-0.5231,40.46,-37.24,-63.63
0.1731,0.0654,-0.1610,-0.5183,41.44,-37.87,-65.59
0.1755,0.0795,-0.1630,-0.5280,42.63,-40.11,-67.76
0.1779,0.0927,-0.1610,-0.5470,43.40,-40.53,-69.79
0.1803,0.0913,-0.1615,-0.5573,43.75,-41.44,-71.68
0.1827,0.0966,-0.1708,-0.5480,44.24,-43.54,-73.64
0.1851,0.1049,-0.1820,-0.5202,44.87,-45.29,-75.67
0.1875,0.1054,-0.1918,-0.5022,45.01,-45.71,-77.35
0.1899,0.1010,-0.2035,-0.4934,45.15,-47.88,-79.24
0.1923,0.1108,-0.2142,-0.4953,45.85,-50.82,-81.34
0.1947,0.1254,-0.2186,-0.5075,45.92,-51.73,-83.23
0.1971,0.1254,-0.2308,-0.5163,45.78,-52.71,-85.26
0.1995,0.1240,-0.2420,-0.5148,46.69,-55.02,-87.15
0.2019,0.1318,-0.2455,-0.5061,46.55,-57.26,-89.11
0.2043,0.1425,-0.2625,-0.5017,46.34,-58.31,-90.93
0.2067,0.1415,-0.2840,-0.5017,47.11,-59.43,-92.82
0.2091,0.1425,-0.2904,-0.5017,47.74,-62.23,-94.71
0.2115,0.1552,-0.2928,-0.4997,47.67,-64.19,-96.67
0.2139,0.1640,-0.3011,-0.5075,47.95,-65.03,-98.56
0.2163,0.1674,-0.3084,-0.5139,48.79,-66.43,-100.45
0.2188,0.1732,-0.3113,-0.5109,49.28,-68.18,-102.27
0.2212,0.1806,-0.3157,-0.5100,49.49,-69.44,-104.02
0.2236,0.1884,-0.3260,-0.5075,50.05,-70.70,-105.84
0.2260,0.1986,-0.3309,-0.5002,50.89,-72.38,-107.59
0.2284,0.2123,-0.3328,-0.4948,51.10,-73.85,-109.48
0.2308,0.2240,-0.3426,-0.4948,51.24,-74.62,-111.30
0.2332,0.2294,-0.3523,-0.4997,51.87,-75.46,-113.19
0.2356,0.2274,-0.3626,-0.4978,52.29,-76.65,-115.01
0.2380,0.2269,-0.3758,-0.4821,52.50,-77.56,-116.90
0.2404,0.2313,-0.3836,-0.4621,53.27,-77.91,-118.79
0.2428,0.2381,-0.3889,-0.4519,53.55,-79.38,-120.96
0.2452,0.2411,-0.4002,-0.4480,53.97,-79.45,-122.99
0.2476,0.2279,-0.4036,-0.4577,54.25,-79.24,-125.02
0.2500,0.2118,-0.4041,-0.4753,53.69,-80.85,-127.05
0.2524,0.2103,-0.4109,-0.4748,53.83,-81.48,-129.08
0.2548,0.2050,-0.4104,-0.4568,54.11,-80.99,-131.25
0.2572,0.1952,-0.4133,-0.4319,53.48,-81.83,-133.49
0.2596,0.1947,-0.4207,-0.4168,53.69,-82.32,-135.87
0.2620,0.1932,-0.4241,-0.4104,54.04,-81.69,-138.25
0.2644,0.1854,-0.4250,-0.4158,53.97,-81.34,-140.84
0.2668,0.1845,-0.4372,-0.4285,53.55,-81.55,-143.50
0.2692,0.1889,-0.4490,-0.4377,54.04,-81.06,-146.16
0.2716,0.1893,-0.4524,-0.4377,54.11,-80.57,-148.89
0.2740,0.1893,-0.4612,-0.4280,53.90,-80.85,-151.69
0.2764,0.1937,-0.4709,-0.4172,54.25,-80.85,-154.42
0.2788,0.2030,-0.4787,-0.4085,54.81,-80.71,-157.08
0.2813,0.2157,-0.4890,-0.4133,55.16,-80.71,-159.81
0.2837,0.2279,-0.5031,-0.4290,55.65,-80.71,-162.40
0.2861,0.2391,-0.5173,-0.4426,56.63,-80.78,-164.85
0.2885,0.2479,-0.5305,-0.4543,57.33,-80.92,-167.23
0.2909,0.2562,-0.5451,-0.4587,58.17,-81.41,-169.47
0.2933,0.2655,-0.5617,-0.4543,59.29,-81.55,-171.71
0.2957,0.2733,-0.5788,-0.4494,60.48,-82.04,-173.81
0.2981,0.2811,-0.5949,-0.4538,61.67,-82.39,-175.91
0.3005,0.2879,-0.6095,-0.4675,63.21,-82.88,-178.01
0.3029,0.2918,-0.6173,-0.4846,64.82,-83.30,-179.90
0.3053,0.2933,-0.6232,-0.4992,66.15,-84.00,-181.93
0.3077,0.2938,-0.6324,-0.5070,67.76,-84.42,-183.89
0.3101,0.2948,-0.6422,-0.5017,69.30,-85.05,-185.71
0.3125,0.2952,-0.6515,-0.4885,70.77,-85.54,-187.60
0.3149,0.2938,-0.6603,-0.4821,72.24,-86.10,-189.42
0.3173,0.2908,-0.6710,-0.4836,73.57,-86.52,-191.45
0.3197,0.2860,-0.6827,-0.4895,74.83,-86.66,-193.41
0.3221,0.2767,-0.6939,-0.4929,75.74,-87.22,-195.30
0.3245,0.2664,-0.7091,-0.4880,76.51,-87.50,-197.19
0.3269,0.2591,-0.7247,-0.4778,77.00,-87.57,-199.15
0.3293,0.2567,-0.7374,-0.4636,77.00,-87.78,-201.11
0.3317,0.2552,-0.7515,-0.4519,77.00,-87.78,-203.14
0.3341,0.2513,-0.7681,-0.4480,76.72,-87.57,-205.17
0.3365,0.2489,-0.7842,-0.4519,76.09,-87.50,-207.27
0.3389,0.2474,-0.7964,-0.4616,75.32,-87.29,-209.37
0.3413,0.2450,-0.8042,-0.4675,74.62,-86.73,-211.61
0.3438,0.2391,-0.8106,-0.4685,73.92,-86.17,-213.78
0.3462,0.2338,-0.8179,-0.4729,73.01,-85.19,-215.81
0.3486,0.2318,-0.8320,-0.4836,72.31,-84.28,-218.05
0.3510,0.2196,-0.8486,-0.4924,71.68,-82.53,-220.15
0.3534,0.2040,-0.8603,-0.5046,71.47,-82.25,-222.46
0.3558,0.2094,-0.8682,-0.5363,70.91,-80.85,-224.63
0.3582,0.2084,-0.8804,-0.5744,70.07,-77.98,-226.80
0.3606,0.2040,-0.8945,-0.6159,69.65,-77.35,-228.83
0.3630,0.2108,-0.9023,-0.6422,68.95,-75.60,-230.86
0.3654,0.2089,-0.9106,-0.6451,68.67,-73.57,-233.03
0.3678,0.2040,-0.9150,-0.6461,68.67,-71.75,-235.06
0.3702,0.2045,-0.9165,-0.6568,68.67,-70.63,-237.16
0.3726,0.2113,-0.9233,-0.6886,68.81,-69.16,-239.33
0.3750,0.2167,-0.9355,-0.7310,69.09,-67.27,-241.36
0.3774,0.2176,-0.9467,-0.7691,69.72,-65.80,-243.32
0.3798,0.2216,-0.9570,-0.8028,70.07,-64.61,-245.21
0.3822,0.2235,-0.9721,-0.8213,70.70,-62.86,-246.96
0.3846,0.2220,-0.9853,-0.8198,72.03,-61.32,-248.57
0.3870,0.2225,-0.9911,-0.8194,73.22,-60.13,-250.32
0.3894,0.2230,-0.9950,-0.8291,74.13,-59.08,-251.93
0.3918,0.2250,-0.9999,-0.8472,75.53,-57.96,-253.40
0.3942,0.2289,-1.0028,-0.8667,77.00,-56.70,-254.94
0.3966,0.2323,-1.0077,-0.8784,78.12,-55.72,-256.34
0.3990,0.2352,-1.0189,-0.8833,79.38,-54.53,-257.53
0.4014,0.2401,-1.0331,-0.8838,80.85,-53.13,-258.86
0.4038,0.2460,-1.0492,-0.8857,82.32,-51.24,-260.05
0.4063,0.2474,-1.0682,-0.8994,83.65,-49.49,-261.10
0.4087,0.2513,-1.0902,-0.9228,85.19,-47.88,-262.22
0.4111,0.2557,-1.1136,-0.9448,86.94,-45.71,-263.27
0.4135,0.2542,-1.1351,-0.9643,88.34,-43.68,-264.39
0.4159,0.2542,-1.1570,-0.9858,89.60,-42.07,-265.44
0.4183,0.2582,-1.1805,-1.0077,91.07,-40.39,-266.49
0.4207,0.2577,-1.1980,-1.0287,92.54,-38.43,-267.47
0.4231,0.2577,-1.2083,-1.0477,94.15,-36.68,-268.31
0.4255,0.2606,-1.2185,-1.0687,95.48,-35.35,-269.15
0.4279,0.2640,-1.2302,-1.0897,96.81,-33.81,-269.85
0.4303,0.2679,-1.2410,-1.1107,98.00,-32.20,-270.34
0.4327,0.2699,-1.2517,-1.1297,99.26,-30.73,-270.62
0.4351,0.2782,-1.2649,-1.1434,100.31,-29.61,-271.11
0.4375,0.2884,-1.2820,-1.1590,101.08,-28.21,-271.39
0.4399,0.2889,-1.3044,-1.1761,101.99,-26.60,-271.60
0.4423,0.2874,-1.3318,-1.1902,102.90,-25.55,-271.74
0.4447,0.2913,-1.3581,-1.2044,103.74,-24.92,-271.88
0.4471,0.2967,-1.3781,-1.2229,104.30,-23.87,-271.95
0.4495,0.2996,-1.3996,-1.2459,104.79,-22.68,-272.09
0.4519,0.2996,-1.4250,-1.2644,105.35,-21.42,-272.16
0.4543,0.2938,-1.4494,-1.2776,105.63,-20.65,-272.37
0.4567,0.2889,-1.4772,-1.2888,105.70,-20.23,-272.51
0.4591,0.2923,-1.5079,-1.3005,106.26,-19.32,-272.72
0.4615,0.2948,-1.5362,-1.3191,106.68,-18.27,-272.72
0.4639,0.2972,-1.5596,-1.3469,106.75,-17.92,-272.79
0.4663,0.3016,-1.5816,-1.3835,106.68,-17.92,-272.86
0.4688,0.3055,-1.6041,-1.4084,106.96,-17.22,-272.93
0.4712,0.3026,-1.6211,-1.4196,107.17,-16.59,-272.65
0.4736,0.2913,-1.6363,-1.4274,106.89,-16.66,-272.65
0.4760,0.2821,-1.6568,-1.4367,106.89,-16.31,-272.51
0.4784,0.2723,-1.6777,-1.4557,107.17,-15.75,-272.58
0.4808,0.2596,-1.6978,-1.4830,107.17,-15.47,-272.37
0.4832,0.2489,-1.7222,-1.5148,106.89,-15.47,-272.02
0.4856,0.2381,-1.7446,-1.5435,106.61,-15.75,-271.60
0.4880,0.2255,-1.7588,-1.5694,106.26,-15.96,-271.18
0.4904,0.2118,-1.7851,-1.5943,105.07,-16.52,-270.90
0.4928,0.2001,-1.8095,-1.6246,104.16,-17.92,-270.69
0.4952,0.1840,-1.8232,-1.6734,101.85,-19.74,-270.55
0.4976,0.1654,-1.8446,-1.7212,99.47,-22.54,-270.48
0.5000,0.1459,-1.8559,-1.7792,97.16,-25.69,-270.69
0.5024,0.1161,-1.8598,-1.8476,93.38,-29.26,-270.90
0.5048,0.0883,-1.8690,-1.9105,89.25,-33.81,-271.60
0.5072,0.0576,-1.8778,-1.9798,84.84,-38.15,-272.30
0.5096,0.0205,-1.8851,-2.0447,80.08,-43.54,-273.42
0.5120,-0.0137,-1.8973,-2.1077,74.97,-48.72,-274.68
0.5144,-0.0483,-1.9105,-2.1726,69.93,-53.62,-275.94
0.5168,-0.0800,-1.9213,-2.2399,64.54,-59.08,-277.27
0.5192,-0.1152,-1.9252,-2.3121,59.15,-64.12,-278.88
0.5216,-0.1488,-1.9252,-2.3863,53.34,-69.51,-280.28
0.5240,-0.1762,-1.9261,-2.4537,47.39,-75.04,-281.61
0.5264,-0.2035,-1.9154,-2.5132,41.44,-80.43,-283.01
0.5288,-0.2259,-1.9042,-2.5561,35.00,-86.38,-284.34
0.5313,-0.2420,-1.9066,-2.5801,28.56,-91.84,-285.46
0.5337,-0.2616,-1.9134,-2.5937,22.19,-97.30,-286.16
0.5361,-0.2806,-1.9227,-2.6054,15.19,-103.25,-287.14
0.5385,-0.3016,-1.9354,-2.6147,8.33,-108.50,-287.56
0.5409,-0.3255,-1.9544,-2.6245,0.91,-113.61,-287.91
0.5433,-0.3421,-1.9891,-2.6298,-6.86,-118.58,-288.19
0.5457,-0.3689,-2.0208,-2.6293,-14.28,-122.78,-288.33
0.5481,-0.4182,-2.0345,-2.6411,-22.82,-127.61,-288.33
0.5505,-0.4738,-2.0359,-2.6484,-31.15,-132.02,-288.33
0.5529,-0.5207,-2.0794,-2.6489,-40.67,-135.31,-288.47
0.5553,-0.5812,-2.0862,-2.6367,-46.83,-138.25,-288.47
0.5577,-0.6525,-2.0774,-2.6596,-59.01,-143.29,-288.89
0.5601,-0.7081,-2.1140,-2.6918,-68.74,-146.16,-289.03
0.5625,-0.7945,-2.1130,-2.7367,-77.07,-145.81,-289.24
0.5649,-0.8852,-2.1145,-2.7592,-87.43,-150.01,-289.38
0.5673,-0.9399,-2.1360,-2.7396,-96.95,-151.13,-289.66
0.5697,-0.9999,-2.1365,-2.7274,-105.07,-151.69,-289.59
0.5721,-1.0634,-2.1272,-2.7089,-113.82,-153.02,-289.73
0.5745,-1.1102,-2.1526,-2.7001,-122.99,-153.58,-289.45
0.5769,-1.1658,-2.1711,-2.7040,-129.43,-152.74,-289.10
0.5793,-1.2254,-2.1755,-2.7030,-136.43,-153.30,-288.26
0.5817,-1.2688,-2.1740,-2.6728,-142.59,-153.09,-287.49
0.5841,-1.3196,-2.1667,-2.6557,-149.31,-152.11,-286.72
0.5865,-1.3727,-2.1692,-2.6264,-155.26,-151.97,-285.88
0.5889,-1.4254,-2.1731,-2.5830,-160.51,-149.94,-284.76
0.5913,-1.4806,-2.1818,-2.5322,-165.97,-148.75,-283.57
0.5938,-1.5240,-2.1867,-2.4742,-170.94,-147.28,-282.17
0.5962,-1.5606,-2.1853,-2.4117,-175.21,-145.95,-280.49
0.5986,-1.5875,-2.1818,-2.3195,-179.34,-144.97,-278.95
0.6010,-1.6167,-2.1779,-2.2219,-183.61,-142.45,-277.20
0.6034,-1.6558,-2.1862,-2.1330,-188.44,-140.49,-275.24
0.6058,-1.6919,-2.1975,-2.0574,-192.43,-137.83,-273.07
0.6082,-1.7187,-2.1926,-1.9974,-196.77,-136.01,-270.76
0.6106,-1.7387,-2.1770,-1.9354,-202.09,-133.91,-268.52
0.6130,-1.7627,-2.1545,-1.8700,-207.97,-131.11,-266.21
0.6154,-1.7851,-2.1204,-1.7993,-214.06,-128.24,-263.76
0.6178,-1.7993,-2.0808,-1.7051,-220.08,-124.60,-261.03
0.6202,-1.8105,-2.0428,-1.5919,-226.03,-120.40,-258.37
0.6226,-1.8183,-2.0115,-1.4728,-232.33,-115.85,-255.71
0.6250,-1.8246,-1.9915,-1.3679,-238.14,-110.88,-252.63
0.6274,-1.8363,-1.9720,-1.2908,-243.67,-105.91,-249.62
0.6298,-1.8451,-1.9535,-1.2390,-249.48,-101.15,-246.47
0.6322,-1.8471,-1.9335,-1.1951,-254.87,-96.25,-243.04
0.6346,-1.8422,-1.9081,-1.1478,-259.91,-91.21,-239.61
0.6370,-1.8295,-1.8827,-1.0853,-264.53,-86.45,-236.18
0.6394,-1.8212,-1.8612,-1.0087,-268.94,-81.13,-232.61
0.6418,-1.8207,-1.8388,-0.9282,-273.14,-76.30,-229.04
0.6442,-1.8222,-1.8144,-0.8628,-277.27,-71.12,-225.40
0.6466,-1.8320,-1.7866,-0.8145,-280.98,-65.87,-221.69
0.6490,-1.8363,-1.7588,-0.7442,-283.78,-61.04,-217.98
0.6514,-1.8554,-1.7280,-0.7154,-286.09,-54.67,-214.55
0.6538,-1.8705,-1.6929,-0.6871,-289.31,-52.01,-210.84
0.6563,-1.8603,-1.6704,-0.6012,-289.80,-44.80,-207.55
0.6587,-1.8764,-1.6363,-0.5041,-289.17,-37.87,-204.26
0.6611,-1.8817,-1.5948,-0.3953,-291.06,-34.37,-201.53
0.6635,-1.8764,-1.5694,-0.3221,-291.27,-27.65,-198.73
0.6659,-1.8939,-1.5294,-0.2996,-290.01,-22.68,-196.21
0.6683,-1.9056,-1.4728,-0.2962,-290.43,-18.90,-193.62
0.6707,-1.8969,-1.4313,-0.2879,-291.48,-15.12,-191.31
0.6731,-1.8744,-1.3981,-0.2547,-290.85,-11.27,-188.86
0.6755,-1.8466,-1.3498,-0.1806,-289.94,-6.93,-186.41
0.6779,-1.8119,-1.3025,-0.0986,-290.01,-3.43,-184.17
0.6803,-1.7807,-1.2673,-0.0454,-289.59,0.49,-181.86
0.6827,-1.7548,-1.2322,-0.0239,-287.77,4.48,-179.48
0.6851,-1.7329,-1.1907,-0.0259,-286.02,8.26,-176.82
0.6875,-1.7070,-1.1570,-0.0322,-284.90,10.92,-174.37
0.6899,-1.6724,-1.1248,-0.0229,-282.94,13.72,-171.64
0.6923,-1.6436,-1.0858,0.0156,-280.63,16.73,-168.91
0.6947,-1.6114,-1.0570,0.0800,-278.04,19.39,-166.18
0.6971,-1.5762,-1.0336,0.1415,-275.52,22.75,-163.17
0.6995,-1.5470,-1.0111,0.1820,-272.30,24.85,-160.30
0.7019,-1.5138,-0.9838,0.2030,-268.03,26.88,-157.36
0.7043,-1.4850,-0.9462,0.2054,-264.25,29.68,-154.42
0.7067,-1.4708,-0.9126,0.1986,-260.96,31.78,-151.34
0.7091,-1.4577,-0.8857,0.2103,-256.27,32.69,-148.26
0.7115,-1.4357,-0.8594,0.2562,-251.44,33.88,-144.97
0.7139,-1.4240,-0.8428,0.3148,-246.96,35.77,-141.68
0.7163,-1.4079,-0.8335,0.3514,-242.83,35.28,-138.60
0.7188,-1.3718,-0.8276,0.3470,-239.82,34.93,-135.52
0.7212,-1.3596,-0.8242,0.3411,-235.34,36.19,-132.30
0.7236,-1.3537,-0.8018,0.3719,-230.23,33.88,-129.64
0.7260,-1.3288,-0.7696,0.4299,-228.06,32.34,-126.84
0.7284,-1.3054,-0.7496,0.4831,-225.19,30.87,-124.11
0.7308,-1.2815,-0.7247,0.5207,-221.20,28.84,-121.24
0.7332,-1.2566,-0.6939,0.5607,-217.98,27.51,-118.16
0.7356,-1.2454,-0.6627,0.5905,-215.53,25.48,-115.08
0.7380,-1.2737,-0.6071,0.6271,-211.47,24.01,-111.72
0.7404,-1.3103,-0.5197,0.6954,-206.92,21.14,-108.15
0.7428,-1.2873,-0.4534,0.7330,-206.29,16.80,-105.14
0.7452,-1.2639,-0.4690,0.6500,-208.25,14.63,-102.83
0.7476,-1.2922,-0.5402,0.5080,-208.11,9.38,-100.31
0.7500,-1.3010,-0.5983,0.4875,-204.96,4.20,-97.02
0.7524,-1.2664,-0.5890,0.6383,-200.97,2.73,-93.10
0.7548,-1.2180,-0.5290,0.8042,-199.57,0.70,-89.18
0.7572,-1.1868,-0.3865,0.7964,-196.56,-2.24,-81.97
0.7596,-1.2390,-0.2972,0.6666,-187.60,-3.99,-78.12
0.7620,-1.3122,-0.2430,0.5602,-185.01,-8.26,-74.55
0.7644,-1.3430,-0.2181,0.5505,-181.16,-14.91,-71.26
0.7668,-1.3557,-0.2137,0.6681,-177.03,-18.69,-67.83
0.7692,-1.3806,-0.2338,0.8325,-173.04,-22.47,-64.89
0.7716,-1.4074,-0.2650,0.9492,-167.58,-27.30,-61.67
0.7740,-1.4313,-0.2786,0.9945,-160.58,-33.11,-58.38
0.7764,-1.4552,-0.2567,0.9750,-154.28,-37.80,-54.95
0.7788,-1.4840,-0.2147,0.9238,-149.03,-42.98,-51.31
0.7813,-1.5089,-0.1649,0.8833,-143.78,-49.91,-47.67
0.7837,-1.5235,-0.1069,0.9018,-138.32,-56.98,-44.10
0.7861,-1.5328,-0.0508,0.9838,-132.79,-64.33,-40.46
0.7885,-1.5435,-0.0078,1.0795,-126.56,-72.03,-36.96
0.7909,-1.5631,0.0259,1.1424,-118.79,-80.43,-33.46
0.7933,-1.5889,0.0551,1.1488,-110.67,-89.95,-29.75
0.7957,-1.6216,0.0834,1.1097,-102.76,-98.28,-25.62
0.7981,-1.6660,0.1176,1.0531,-95.27,-107.03,-21.35
0.8005,-1.7065,0.1503,1.0399,-88.20,-116.48,-16.94
0.8029,-1.7407,0.1693,1.0790,-81.62,-124.39,-12.60
0.8053,-1.7890,0.1889,1.1575,-74.76,-132.09,-8.05
0.8077,-1.8427,0.2098,1.2634,-67.83,-140.98,-3.50
0.8101,-1.8905,0.2289,1.3625,-60.20,-149.24,0.84
0.8125,-1.9398,0.2386,1.4328,-53.41,-155.82,5.46
0.8149,-2.0037,0.2420,1.4572,-46.83,-161.98,10.36
0.8173,-2.0657,0.2425,1.4489,-41.72,-169.96,15.12
0.8197,-2.1101,0.2294,1.4557,-36.89,-176.89,20.16
0.8221,-2.1677,0.2098,1.5021,-31.99,-181.02,25.48
0.8245,-2.2385,0.1908,1.5919,-27.16,-185.71,30.73
0.8269,-2.3038,0.1698,1.6895,-22.75,-191.52,35.98
0.8293,-2.3575,0.1298,1.7651,-17.71,-196.98,41.65
0.8317,-2.4049,0.0971,1.8188,-12.39,-200.06,47.39
0.8341,-2.4654,0.0673,1.8105,-9.52,-203.63,53.13
0.8365,-2.5186,0.0044,1.7700,-7.70,-209.37,59.08
0.8389,-2.5644,-0.0742,1.7485,-3.99,-212.52,65.59
0.8413,-2.6323,-0.1435,1.7871,-1.40,-215.67,72.59
0.8438,-2.7045,-0.2157,1.8710,-0.14,-221.13,79.52
0.8462,-2.7684,-0.2943,1.9569,2.24,-225.96,86.59
0.8486,-2.8504,-0.3767,2.0154,4.90,-229.53,93.59
0.8510,-2.9651,-0.4538,2.0213,6.16,-232.96,100.94
0.8534,-3.0920,-0.5222,1.9701,6.86,-238.63,107.94
0.8558,-3.2174,-0.5827,1.9091,7.35,-244.30,114.66
0.8582,-3.3462,-0.6344,1.8768,6.09,-248.01,120.96
0.8606,-3.4877,-0.6769,1.8676,4.06,-251.23,126.63
0.8630,-3.6917,-0.7164,1.9003,-1.68,-253.19,132.16
0.8654,-3.9196,-0.7788,1.9378,-7.00,-259.42,136.64
0.8678,-4.0772,-0.8633,1.9549,-13.02,-265.02,140.42
0.8702,-4.2944,-0.8672,2.0320,-17.78,-265.51,144.13
0.8726,-4.5852,-0.6588,2.0428,-19.53,-270.48,147.56
0.8750,-4.7478,-0.3660,1.8544,-30.80,-268.59,153.93
0.8774,-4.7731,-0.1635,1.7007,-37.31,-274.47,161.14
0.8798,-4.7331,0.0878,1.4416,-37.73,-278.53,168.56
0.8822,-4.8512,0.5397,1.1097,-35.70,-254.80,183.12
0.8846,-4.9869,0.7959,0.9740,-43.12,-265.23,198.24
0.8870,-4.8932,0.9604,0.8242,-27.72,-270.41,214.34
0.8894,-4.9376,1.3225,0.4563,-16.10,-246.96,235.69
0.8918,-5.1806,1.6865,0.0508,-8.33,-237.65,260.19
0.8942,-5.3724,2.1736,-0.1845,14.70,-240.03,290.57
0.8966,-5.4949,2.8036,-0.0405,45.50,-243.53,327.53
0.8990,-5.4549,3.1515,0.6129,63.56,-282.38,364.98
0.9014,-5.4012,3.2603,1.2537,104.02,-326.76,403.34
0.9038,-5.6349,3.4565,1.4303,157.71,-338.66,450.17
0.9063,-5.9770,3.6502,1.8022,194.81,-353.01,505.82
0.9087,-6.2420,3.6907,2.3361,235.41,-391.58,560.49
0.9111,-6.4845,3.7610,2.5342,303.87,-441.98,617.40
0.9135,-6.7954,4.0514,2.5864,358.19,-464.24,676.97
0.9159,-7.1350,4.1387,2.3839,386.33,-462.28,740.46
0.9183,-7.5728,4.0919,2.1818,430.85,-448.56,808.50
0.9207,-8.1311,4.2666,2.1267,475.58,-455.63,876.05
0.9231,-8.5190,4.4598,2.1589,500.85,-463.54,943.11
0.9255,-8.9558,4.5062,2.2121,520.59,-427.56,1011.78
0.9279,-9.6561,4.4813,2.3263,538.65,-398.58,1082.90
0.9303,-10.3280,4.4506,2.4986,552.16,-383.95,1152.83
0.9327,-10.9048,4.4696,2.6230,562.45,-356.93,1223.95
0.9351,-11.5944,4.5081,2.6498,566.86,-312.41,1294.86
0.9375,-12.3976,4.5140,2.5664,567.84,-280.70,1366.96
0.9399,-13.1116,4.5721,2.5386,573.65,-258.30,1438.85
0.9423,-13.7533,4.7229,2.4898,574.35,-228.83,1510.32
0.9447,-14.3457,4.8717,2.3507,566.23,-204.05,1581.58
0.9471,-14.8630,5.0503,2.0496,561.68,-185.50,1652.14
0.9495,-15.3740,5.3719,1.6680,557.06,-170.80,1722.70
0.9519,-15.8132,5.7462,1.3371,549.85,-152.04,1794.17
0.9543,-15.9888,6.1332,1.1527,543.20,-126.28,1868.30
0.9567,-15.9888,6.6270,1.1302,534.66,-105.35,1943.41
0.9591,-15.9888,7.2414,1.0341,524.86,-90.37,2017.89
0.9615,-15.9888,8.0261,0.9409,517.30,-65.52,2091.04
0.9639,-15.9888,8.8133,0.8574,499.66,-20.58,2160.90
0.9663,-15.9888,9.3457,0.6134,464.80,17.64,2228.59
0.9688,-15.9888,9.6478,0.2001,429.66,46.62,2282.70
0.9712,-15.9888,10.1402,-0.2552,381.29,83.65,2293.48
0.9736,-15.9888,10.9429,-0.6051,318.36,98.07,2293.48
0.9760,-15.9888,11.8091,-0.9004,230.37,113.68,2293.48
0.9784,-15.9888,13.3478,-1.8573,134.54,94.29,2293.48
0.9808,-15.9888,14.2906,-2.8094,35.91,4.62,2293.48
0.9832,-15.7629,13.7118,-1.3147,-24.71,-34.23,2293.48
0.9856,-13.9231,10.9366,0.2279,-156.73,-79.17,2293.48
0.9880,-8.2506,5.4812,0.1693,-199.64,-283.71,2293.48
0.9904,-1.4840,1.2342,-2.3439,-148.33,-286.51,2293.48
0.9928,1.4850,-0.7593,-3.1769,-21.00,-44.31,2293.48
0.9952,0.4421,0.8833,-2.3829,222.88,167.79,2293.48
0.9976,-1.9027,2.2272,-2.6723,-120.33,-63.35,2293.48
1.0000,0.2728,-0.2767,-2.1877,-119.07,-334.88,2293.48
1.0024,1.3732,0.2386,-4.4867,130.41,126.42,2293.48
1.0048,-1.3498,2.0486,-3.4790,-5.39,-34.65,2293.48
1.0072,-0.7125,1.3679,-1.7822,-124.88,-227.78,2293.48
1.0096,0.3714,0.2435,-3.3979,-52.36,-138.11,2293.48
1.0120,0.2147,1.0311,-3.0105,98.70,-91.14,2293.48
1.0144,-0.7647,2.1618,-1.2903,-51.31,-98.91,2293.48
1.0168,-0.4968,0.9262,-1.1990,-105.49,-292.46,2293.48
1.0192,0.6510,0.7013,-3.2696,41.72,-160.51,2293.48
1.0216,-0.2274,1.8925,-2.8411,20.16,-119.98,2293.48
1.0240,-0.6534,1.8100,-2.4327,-68.32,-235.41,2293.48
1.0264,-0.0317,1.0433,-3.0124,-38.99,-260.89,2293.48
1.0288,0.3475,1.2854,-1.9823,63.35,-214.13,2293.48
1.0313,-0.2255,1.9364,-0.1347,3.01,-188.79,2293.48
1.0337,-0.3909,1.4884,-0.4738,-20.65,-303.24,2293.48
1.0361,0.3494,1.2527,-2.5586,48.44,-276.29,2293.48
1.0385,0.1474,1.9110,-2.9880,66.29,-219.80,2293.48
1.0409,-0.3328,2.0213,-3.0563,4.55,-268.03,2293.48
1.0433,0.0483,1.4630,-2.5488,19.74,-325.08,2293.48
1.0457,0.5788,1.4318,-0.7906,82.25,-279.86,2293.48
1.0481,0.2342,1.7895,0.5988,74.97,-245.91,2293.48
1.0505,0.0356,1.6392,-0.6422,57.26,-306.39,2293.48
1.0529,0.4758,1.4679,-2.7709,95.90,-296.94,2293.48
1.0553,0.4168,1.8207,-3.4985,113.61,-246.19,2293.48
1.0577,0.0732,1.8998,-3.1339,77.00,-267.33,2293.48
1.0601,0.2801,1.4860,-1.8066,84.98,-305.55,2293.48
1.0625,0.6681,1.3654,-0.1327,125.72,-276.92,2293.48
1.0649,0.5207,1.5753,0.1776,133.84,-236.46,2293.48
1.0673,0.2835,1.5338,-1.5606,122.57,-256.34,2293.48
1.0697,0.5031,1.4211,-3.2989,142.52,-260.96,2293.48
1.0721,0.5705,1.5699,-3.6888,149.45,-216.23,2293.48
1.0745,0.3216,1.5504,-2.7748,131.25,-220.92,2293.48
1.0769,0.4353,1.2468,-1.1009,135.66,-246.12,2293.48
1.0793,0.7208,1.1219,0.0737,163.31,-217.56,2293.48
1.0817,0.5719,1.2288,-0.3948,173.81,-176.12,2293.48
1.0841,0.3294,1.2444,-2.1311,169.47,-188.58,2293.48
1.0865,0.4499,1.1936,-3.4692,175.00,-188.02,2293.48
1.0889,0.4904,1.2058,-3.4394,176.33,-154.91,2293.48
1.0913,0.3172,1.1390,-2.0921,167.51,-154.00,2293.48
1.0938,0.3816,0.9506,-0.3533,169.26,-165.62,2293.48
1.0962,0.5358,0.8535,0.3514,184.17,-138.95,2293.48
1.0986,0.3884,0.9487,-0.5383,192.01,-110.39,2293.48
1.1010,0.2133,1.0463,-2.1311,183.61,-117.53,2293.48
1.1034,0.2640,1.0404,-3.0510,175.28,-115.50,2293.48
1.1058,0.2528,0.9784,-2.6650,169.61,-97.09,2293.48
1.1082,0.1713,0.8711,-1.2415,163.52,-98.00,2293.48
1.1106,0.2191,0.7457,0.2054,162.33,-101.36,2293.48
1.1130,0.3099,0.6930,0.4089,170.59,-86.59,2293.48
1.1154,0.2372,0.7886,-0.8296,175.00,-64.05,2293.48
1.1178,0.0639,0.8955,-2.3375,164.71,-64.89,2293.48
1.1202,0.0420,0.8740,-2.9334,153.93,-70.28,2293.48
1.1226,0.0473,0.8306,-2.0857,147.49,-62.02,2293.48
1.1250,-0.0107,0.7803,-0.4904,143.36,-63.49,2293.48
1.1274,0.0220,0.7193,0.4875,142.10,-68.95,2293.48
1.1298,0.0669,0.7613,0.0581,146.93,-58.17,2293.48
1.1322,-0.0210,0.8843,-1.3991,143.22,-49.00,2293.48
1.1346,-0.1181,0.9780,-2.5200,132.72,-55.51,2293.48
1.1370,-0.1352,1.0014,-2.5356,119.84,-59.64,2293.48
1.1394,-0.1220,0.9379,-1.5133,108.92,-65.10,2293.48
1.1418,-0.1044,0.8633,-0.2826,107.87,-65.87,2293.48
1.1442,-0.1118,0.8745,0.1078,109.06,-67.69,2293.48
1.1466,-0.1342,0.9579,-0.7130,107.94,-66.85,2293.48
1.1490,-0.1991,1.0629,-2.0257,102.83,-68.39,2293.48
1.1514,-0.2333,1.1561,-2.6586,95.06,-79.87,2293.48
1.1538,-0.1884,1.1932,-2.1423,80.71,-86.80,2293.48
1.1563,-0.1337,1.1248,-0.9526,72.73,-91.07,2293.48
1.1587,-0.0698,1.0824,-0.0425,74.90,-95.83,2293.48
1.1611,-0.0112,1.1361,-0.0693,74.41,-96.67,2293.48
1.1635,0.0034,1.2019,-1.0004,69.65,-93.87,2293.48
1.1659,-0.0307,1.2673,-1.9466,64.19,-97.16,2293.48
1.1683,-0.0351,1.2956,-2.1614,56.35,-105.70,2293.48
1.1707,0.0156,1.2556,-1.4723,50.26,-110.46,2293.48
1.1731,0.0620,1.1961,-0.4250,50.61,-112.49,2293.48
1.1755,0.0903,1.1858,0.0898,53.69,-115.36,2293.48
1.1779,0.1210,1.2376,-0.3060,54.67,-117.88,2293.48
1.1803,0.1103,1.3069,-1.2766,51.80,-117.60,2293.48
1.1827,0.0800,1.3615,-1.9681,48.51,-124.95,2293.48
1.1851,0.1113,1.3727,-1.8588,44.17,-133.21,2293.48
1.1875,0.1825,1.3288,-1.0629,41.65,-139.72,2293.48
1.1899,0.2352,1.2878,-0.2655,45.08,-142.10,2293.48
1.1923,0.2416,1.3113,-0.1352,48.02,-146.58,2293.48
1.1947,0.2625,1.3615,-0.7188,47.67,-150.71,2293.48
1.1971,0.2723,1.4201,-1.5518,46.27,-150.92,2293.48
1.1995,0.2547,1.4562,-1.9525,41.02,-158.90,2293.48
1.2019,0.3026,1.4250,-1.5938,37.24,-169.61,2293.48
1.2043,0.3821,1.3474,-0.8047,37.38,-171.64,2293.48
1.2067,0.3948,1.2830,-0.2264,42.56,-172.76,2293.48
1.2091,0.4075,1.2961,-0.3377,48.23,-180.04,2293.48
1.2115,0.4455,1.3293,-1.0673,48.65,-178.43,2293.48
1.2139,0.4104,1.3176,-1.7124,49.35,-178.92,2293.48
1.2163,0.4187,1.2986,-1.7719,51.87,-189.07,2293.48
1.2188,0.4724,1.2424,-1.2722,50.40,-189.35,2293.48
1.2212,0.4934,1.1409,-0.6349,55.79,-190.82,2293.48
1.2236,0.4953,1.1107,-0.3484,66.57,-188.30,2293.48
1.2260,0.4485,1.1292,-0.6032,71.61,-188.23,2293.48
1.2284,0.4187,1.1117,-1.1707,75.60,-190.47,2293.48
1.2308,0.3836,1.1136,-1.4747,82.25,-190.82,2293.48
1.2332,0.3592,1.1185,-1.3025,84.70,-195.51,2293.48
1.2356,0.3626,1.0746,-0.8179,87.71,-196.70,2293.48
1.2380,0.3475,1.0194,-0.3841,95.97,-198.66,2293.48
1.2404,0.3538,1.0126,-0.3601,105.00,-198.24,2293.48
1.2428,0.3309,1.0336,-0.7618,107.87,-193.41,2293.48
1.2452,0.2899,1.0185,-1.2795,111.72,-195.58,2293.48
1.2476,0.2874,0.9931,-1.4982,118.09,-195.44,2293.48
1.2500,0.2518,0.9760,-1.2693,122.36,-191.73,2293.48
1.2524,0.2084,0.9594,-0.8164,125.79,-192.43,2293.48
1.2548,0.1923,0.9384,-0.4773,130.41,-190.96,2293.48
1.2572,0.1693,0.9272,-0.5344,137.83,-187.60,2293.48
1.2596,0.1454,0.9487,-0.8628,141.96,-184.10,2293.48
1.2620,0.1225,0.9721,-1.1541,143.85,-180.39,2293.48
1.2644,0.1098,0.9653,-1.1795,144.83,-178.22,2293.48
1.2668,0.1264,0.9492,-0.9243,148.89,-174.30,2293.48
1.2692,0.1313,0.9511,-0.5695,150.92,-167.16,2293.48
1.2716,0.1098,0.9423,-0.4114,152.74,-161.49,2293.48
1.2740,0.0693,0.9389,-0.6271,156.45,-153.93,2293.48
1.2764,0.0112,0.9828,-0.9448,158.83,-149.52,2293.48
1.2788,-0.0395,1.0263,-1.1463,155.96,-145.60,2293.48
1.2813,-0.0673,1.0248,-1.1063,154.28,-145.11,2293.48
1.2837,-0.0605,1.0116,-0.8511,155.40,-142.52,2293.48
1.2861,-0.0786,1.0146,-0.6393,156.31,-138.18,2293.48
1.2885,-0.1049,1.0263,-0.6900,156.80,-136.15,2293.48
1.2909,-0.1147,1.0609,-0.9223,157.01,-133.77,2293.48
1.2933,-0.1318,1.0990,-1.1819,155.96,-131.25,2293.48
1.2957,-0.1288,1.1326,-1.2678,153.37,-130.34,2293.48
1.2981,-0.1191,1.1595,-1.1068,150.36,-127.89,2293.48
1.3005,-0.1283,1.1688,-0.9082,147.42,-125.86,2293.48
1.3029,-0.1210,1.1814,-0.7881,146.23,-125.93,2293.48
1.3053,-0.0986,1.2093,-0.8423,144.97,-123.06,2293.48
1.3077,-0.0893,1.2459,-1.0131,141.54,-121.87,2293.48
1.3101,-0.0717,1.2668,-1.1478,136.57,-121.66,2293.48
1.3125,-0.0410,1.2678,-1.1322,131.95,-120.12,2293.48
1.3149,-0.0151,1.2678,-0.9433,128.45,-117.32,2293.48
1.3173,0.0078,1.2654,-0.7222,124.81,-116.48,2293.48
1.3197,0.0468,1.2815,-0.6593,122.57,-115.64,2293.48
1.3221,0.0830,1.2805,-0.7681,118.02,-111.44,2293.48
1.3245,0.1035,1.2605,-0.8935,116.69,-110.18,2293.48
1.3269,0.1352,1.2595,-0.9448,113.33,-110.11,2293.48
1.3293,0.1586,1.2517,-0.8969,109.97,-106.82,2293.48
1.3317,0.1527,1.2512,-0.7906,107.94,-105.21,2293.48
1.3341,0.1552,1.2468,-0.6886,105.70,-106.61,2293.48
1.3365,0.1820,1.2498,-0.6949,104.09,-107.31,2293.48
1.3389,0.2123,1.2561,-0.8394,100.94,-106.12,2293.48
1.3413,0.2294,1.2376,-0.9745,98.70,-105.77,2293.48
1.3438,0.2435,1.2337,-0.9960,96.74,-107.52,2293.48
1.3462,0.2635,1.2371,-0.9184,92.40,-108.99,2293.48
1.3486,0.2923,1.2195,-0.8233,89.39,-109.90,2293.48
1.3510,0.3040,1.2156,-0.7754,87.99,-110.53,2293.48
1.3534,0.3026,1.2107,-0.7881,84.21,-114.38,2293.48
1.3558,0.3299,1.1917,-0.8696,82.11,-116.41,2293.48
1.3582,0.3299,1.1888,-0.9467,79.73,-115.78,2293.48
1.3606,0.3240,1.1741,-0.9355,76.93,-121.10,2293.48
1.3630,0.3440,1.1405,-0.8364,74.69,-124.18,2293.48
1.3654,0.3587,1.1175,-0.7359,73.64,-126.70,2293.48
1.3678,0.3548,1.1102,-0.7159,73.15,-127.68,2293.48
1.3702,0.3411,1.1039,-0.7803,71.89,-132.23,2293.48
1.3726,0.3714,1.0795,-0.8886,71.26,-136.01,2293.48
1.3750,0.3777,1.0565,-0.9384,71.12,-134.82,2293.48
1.3774,0.3479,1.0331,-0.8706,70.91,-139.51,2293.48
1.3798,0.3553,0.9892,-0.7623,71.19,-143.64,2293.48
1.3822,0.3601,0.9687,-0.7110,74.13,-143.43,2293.48
1.3846,0.3211,0.9643,-0.7247,75.74,-144.69,2293.48
1.3870,0.2962,0.9584,-0.8076,77.56,-149.80,2293.48
1.3894,0.3060,0.9589,-0.9013,79.03,-150.99,2293.48
1.3918,0.2835,0.9623,-0.8950,80.71,-151.06,2293.48
1.3942,0.2562,0.9579,-0.8340,81.69,-155.54,2293.48
1.3966,0.2635,0.9287,-0.8013,82.81,-156.73,2293.48
1.3990,0.2372,0.9028,-0.8296,86.94,-154.49,2293.48
1.4014,0.1889,0.8979,-0.9218,90.65,-157.43,2293.48
1.4038,0.1693,0.9023,-0.9970,93.10,-160.44,2293.48
1.4063,0.1493,0.9013,-1.0224,96.04,-159.32,2293.48
1.4087,0.1122,0.9043,-0.9687,100.31,-159.81,2293.48
1.4111,0.0893,0.9184,-0.8403,103.32,-162.40,2293.48
1.4135,0.0908,0.9350,-0.7422,105.63,-162.61,2293.48
1.4159,0.0830,0.9575,-0.7056,107.87,-160.51,2293.48
1.4183,0.0703,0.9877,-0.7139,108.92,-160.65,2293.48
1.4207,0.0747,1.0136,-0.7418,109.13,-160.30,2293.48
1.4231,0.0673,1.0180,-0.7891,109.62,-157.85,2293.48
1.4255,0.0351,1.0194,-0.7950,110.95,-157.01,2293.48
1.4279,0.0039,1.0263,-0.7540,111.79,-157.57,2293.48
1.4303,-0.0083,1.0248,-0.7296,113.19,-157.15,2293.48
1.4327,-0.0181,1.0370,-0.7393,116.34,-155.89,2293.48
1.4351,-0.0327,1.0712,-0.7808,117.46,-155.12,2293.48
1.4375,-0.0229,1.0960,-0.7940,117.11,-155.75,2293.48
1.4399,0.0073,1.1087,-0.7647,118.51,-153.72,2293.48
1.4423,0.0224,1.1317,-0.7100,119.42,-151.13,2293.48
1.4447,0.0273,1.1478,-0.6739,118.86,-149.24,2293.48
1.4471,0.0381,1.1478,-0.6720,119.07,-146.09,2293.48
1.4495,0.0307,1.1590,-0.7164,119.98,-142.73,2293.48
1.4519,0.0063,1.1819,-0.8125,120.26,-141.89,2293.48
1.4543,0.0210,1.1932,-0.8481,119.28,-141.96,2293.48
1.4567,0.0415,1.2098,-0.8413,119.28,-137.48,2293.48
1.4591,0.0415,1.2278,-0.8154,118.37,-137.76,2293.48
1.4615,0.0752,1.2464,-0.7798,118.02,-137.76,2293.48
1.4639,0.0956,1.2708,-0.8037,116.06,-132.44,2293.48
1.4663,0.0859,1.2708,-0.8633,114.87,-131.88,2293.48
1.4688,0.1103,1.2600,-0.8779,114.31,-132.93,2293.48
1.4712,0.1444,1.2595,-0.8764,112.56,-129.22,2293.48
1.4736,0.1440,1.2542,-0.8774,110.88,-127.61,2293.48
1.4760,0.1562,1.2400,-0.8394,111.44,-129.78,2293.48
1.4784,0.1898,1.2439,-0.8467,110.67,-127.61,2293.48
1.4808,0.2015,1.2424,-0.8921,108.64,-125.02,2293.48
1.4832,0.2069,1.2127,-0.9218,108.78,-125.51,2293.48
1.4856,0.2313,1.2122,-0.9165,109.48,-126.84,2293.48
1.4880,0.2582,1.2195,-0.9287,106.89,-124.25,2293.48
1.4904,0.2528,1.1941,-0.9316,106.68,-123.20,2293.48
1.4928,0.2616,1.1912,-0.8999,108.08,-127.05,2293.48
1.4952,0.2991,1.2049,-0.9004,105.00,-125.16,2293.48
1.4976,0.2962,1.1927,-0.9496,101.92,-122.78,2293.48
1.5000,0.2796,1.1658,-0.9653,101.85,-126.98,2293.48
1.5024,0.3065,1.1536,-0.9062,101.50,-130.27,2293.48
1.5048,0.3221,1.1356,-0.8589,98.21,-127.40,2293.48
1.5072,0.2952,1.0917,-0.8613,98.56,-128.80,2293.48
1.5096,0.2967,1.0721,-0.8691,100.66,-133.42,2293.48
1.5120,0.3187,1.0702,-0.8784,98.98,-133.35,2293.48
1.5144,0.3030,1.0468,-0.9033,98.21,-132.30,2293.48
1.5168,0.3035,1.0326,-0.9184,100.24,-136.50,2293.48
1.5192,0.3201,1.0385,-0.8896,98.77,-136.22,2293.48
1.5216,0.2938,1.0248,-0.8296,96.53,-136.64,2293.48
1.5240,0.2811,0.9931,-0.8247,97.58,-138.74,2293.48
1.5264,0.2767,0.9950,-0.8481,98.84,-138.18,2293.48
1.5288,0.2596,0.9936,-0.8760,96.04,-138.81,2293.48
1.5313,0.2499,0.9540,-0.9096,95.27,-139.93,2293.48
1.5337,0.2494,0.9316,-0.9106,98.28,-141.12,2293.48
1.5361,0.2386,0.9384,-0.8564,98.91,-139.58,2293.48
1.5385,0.2035,0.9340,-0.8096,97.79,-140.21,2293.48
1.5409,0.1864,0.9174,-0.8072,98.70,-142.52,2293.48
1.5433,0.1776,0.9292,-0.8369,100.80,-141.47,2293.48
1.5457,0.1488,0.9467,-0.8935,99.54,-141.33,2293.48
1.5481,0.1357,0.9399,-0.9262,98.98,-143.50,2293.48
1.5505,0.1357,0.9360,-0.9023,100.73,-143.85,2293.48
1.5529,0.1108,0.9423,-0.8511,101.08,-143.15,2293.48
1.5553,0.0712,0.9409,-0.8496,100.87,-144.62,2293.48
1.5577,0.0620,0.9350,-0.8745,102.55,-147.35,2293.48
1.5601,0.0586,0.9511,-0.8886,105.00,-145.53,2293.48
1.5625,0.0332,0.9701,-0.8921,104.58,-147.07,2293.48
1.5649,0.0303,0.9677,-0.8950,105.21,-149.59,2293.48
1.5673,0.0351,0.9823,-0.8896,107.31,-148.61,2293.48
1.5697,0.0234,1.0141,-0.8672,108.15,-148.40,2293.48
1.5721,0.0142,1.0302,-0.8462,108.15,-148.54,2293.48
1.5745,0.0151,1.0385,-0.8296,109.62,-148.33,2293.48
1.5769,0.0181,1.0551,-0.8374,109.90,-147.21,2293.48
1.5793,0.0102,1.0731,-0.8496,109.55,-146.86,2293.48
1.5817,0.0059,1.0824,-0.8769,109.97,-147.14,2293.48
1.5841,0.0166,1.0936,-0.8506,110.32,-146.51,2293.48
1.5865,0.0195,1.1102,-0.8052,110.25,-143.78,2293.48
1.5889,0.0127,1.1156,-0.7920,109.90,-144.41,2293.48
1.5913,0.0303,1.1331,-0.8003,111.30,-143.64,2293.48
1.5938,0.0376,1.1605,-0.8350,110.32,-140.07,2293.48
1.5962,0.0361,1.1653,-0.8662,110.18,-140.49,2293.48
1.5986,0.0561,1.1697,-0.8857,110.60,-139.72,2293.48
1.6010,0.0688,1.1810,-0.8569,110.46,-137.76,2293.48
1.6034,0.0742,1.1927,-0.8267,110.25,-136.29,2293.48
1.6058,0.0864,1.2063,-0.8262,110.18,-136.43,2293.48
1.6082,0.1049,1.2263,-0.8467,109.83,-135.52,2293.48
1.6106,0.1030,1.2454,-0.8789,107.66,-133.63,2293.48
1.6130,0.0991,1.2605,-0.9170,106.05,-135.17,2293.48
1.6154,0.1249,1.2742,-0.9209,104.23,-136.08,2293.48
1.6178,0.1493,1.2825,-0.8960,102.76,-134.89,2293.48
1.6202,0.1591,1.2800,-0.8852,100.31,-135.45,2293.48
1.6226,0.1791,1.2708,-0.9043,99.12,-136.57,2293.48
1.6250,0.2011,1.2605,-0.9575,98.07,-136.08,2293.48
1.6274,0.2113,1.2464,-0.9843,97.30,-136.99,2293.48
1.6298,0.2206,1.2322,-0.9892,96.53,-138.32,2293.48
1.6322,0.2333,1.2190,-0.9692,96.18,-140.00,2293.48
1.6346,0.2479,1.2146,-0.9501,96.60,-140.49,2293.48
1.6370,0.2625,1.2127,-0.9628,96.11,-141.96,2293.48
1.6394,0.2889,1.2093,-1.0087,95.55,-143.36,2293.48
1.6418,0.3074,1.2054,-1.0531,94.50,-143.08,2293.48
1.6442,0.3109,1.1990,-1.0492,94.22,-143.99,2293.48
1.6466,0.3211,1.1868,-1.0248,93.66,-144.48,2293.48
1.6490,0.3255,1.1595,-0.9911,93.10,-144.13,2293.48
1.6514,0.3289,1.1297,-0.9950,93.45,-144.06,2293.48
1.6538,0.3255,1.1024,-1.0019,93.87,-144.90,2293.48
1.6563,0.3079,1.0785,-0.9794,94.71,-146.51,2293.48
1.6587,0.2904,1.0585,-0.9521,94.92,-148.33,2293.48
1.6611,0.2899,1.0458,-0.9496,96.46,-149.66,2293.48
1.6635,0.3006,1.0336,-0.9780,97.58,-150.08,2293.48
1.6659,0.3099,1.0111,-1.0126,99.40,-150.29,2293.48
1.6683,0.3079,0.9911,-1.0170,100.73,-149.73,2293.48
1.6707,0.3045,0.9584,-0.9916,102.55,-149.94,2293.48
1.6731,0.2972,0.9399,-0.9682,105.70,-148.05,2293.48
1.6755,0.2747,0.9404,-0.9394,107.10,-147.42,2293.48
1.6779,0.2674,0.9321,-0.9306,107.87,-146.93,2293.48
1.6803,0.2499,0.9126,-0.9662,110.25,-143.92,2293.48
1.6827,0.2176,0.9135,-1.0121,112.84,-143.43,2293.48
1.6851,0.2001,0.9223,-1.0092,112.00,-142.73,2293.48
1.6875,0.1850,0.9101,-0.9877,112.49,-141.12,2293.48
1.6899,0.1669,0.9062,-0.9872,114.45,-140.56,2293.48
1.6923,0.1606,0.9091,-1.0277,115.22,-139.72,2293.48
1.6947,0.1391,0.9062,-1.0936,114.80,-135.80,2293.48
1.6971,0.1069,0.9004,-1.1165,116.06,-135.59,2293.48
1.6995,0.0996,0.9048,-1.0912,117.25,-133.98,2293.48
1.7019,0.0732,0.9174,-1.0468,117.11,-130.83,2293.48
1.7043,0.0327,0.9223,-1.0253,117.04,-130.20,2293.48
1.7067,0.0083,0.9287,-1.0785,118.93,-129.57,2293.48
1.7091,-0.0063,0.9599,-1.0751,118.09,-129.50,2293.48
1.7115,-0.0044,0.9736,-1.0019,116.34,-128.73,2293.48
1.7139,0.0015,0.9814,-0.9462,116.97,-127.33,2293.48
1.7163,0.0098,1.0116,-0.8740,115.29,-126.56,2293.48
1.7188,0.0224,1.0307,-0.8467,111.51,-124.81,2293.48
1.7212,0.0346,1.0341,-0.8545,109.69,-122.71,2293.48
1.7236,0.0498,1.0541,-0.8589,108.50,-119.63,2293.48
1.7260,0.0390,1.0760,-0.8623,104.16,-116.97,2293.48
1.7284,0.0215,1.0731,-0.8989,101.01,-117.11,2293.48
1.7308,0.0298,1.0746,-0.8984,99.61,-116.97,2293.48
1.7332,0.0127,1.1146,-0.8945,97.93,-115.15,2293.48
1.7356,-0.0102,1.1424,-0.9204,92.75,-119.28,2293.48
1.7380,0.0093,1.1551,-0.9399,91.70,-121.73,2293.48
1.7404,0.0122,1.2034,-0.9589,89.18,-121.45,2293.48
1.7428,0.0117,1.2244,-0.9321,84.49,-125.58,2293.48
1.7452,0.0390,1.2220,-0.9004,81.83,-128.80,2293.48
1.7476,0.0678,1.2268,-0.8677,80.50,-131.67,2293.48
1.7500,0.0844,1.2434,-0.8564,78.19,-133.35,2293.48
1.7524,0.0947,1.2522,-0.8594,74.41,-137.06,2293.48
1.7548,0.1240,1.2517,-0.8608,73.50,-140.56,2293.48
1.7572,0.1425,1.2620,-0.8442,72.59,-142.87,2293.48
1.7596,0.1610,1.2639,-0.7925,71.12,-146.58,2293.48
1.7620,0.1767,1.2600,-0.7691,70.28,-147.91,2293.48
1.7644,0.1889,1.2625,-0.7745,71.19,-152.95,2293.48
1.7668,0.2133,1.2629,-0.7891,70.84,-154.63,2293.48
1.7692,0.2196,1.2410,-0.7862,70.42,-157.64,2293.48
1.7716,0.2318,1.2259,-0.7710,72.52,-161.14,2293.48
1.7740,0.2455,1.2268,-0.7715,72.80,-162.61,2293.48
1.7764,0.2752,1.2190,-0.7993,73.36,-166.18,2293.48
1.7788,0.3011,1.2122,-0.8530,75.39,-166.11,2293.48
1.7813,0.2957,1.2049,-0.8667,76.58,-168.77,2293.48
1.7837,0.3128,1.1785,-0.8667,78.47,-171.08,2293.48
1.7861,0.3221,1.1488,-0.8535,82.46,-169.61,2293.48
1.7885,0.3192,1.1380,-0.8325,86.38,-171.85,2293.48
1.7909,0.3240,1.1175,-0.8413,88.69,-173.18,2293.48
1.7933,0.3270,1.0985,-0.8613,92.89,-174.37,2293.48
1.7957,0.3387,1.1053,-0.9004,95.97,-173.81,2293.48
1.7981,0.3426,1.0926,-0.9170,97.37,-172.76,2293.48
1.8005,0.3440,1.0629,-0.8755,101.08,-173.11,2293.48
1.8029,0.3411,1.0472,-0.8047,104.93,-171.50,2293.48
1.8053,0.3343,1.0360,-0.7842,107.31,-170.17,2293.48
1.8077,0.3182,1.0189,-0.8325,109.48,-168.21,2293.48
1.8101,0.2962,1.0038,-0.8677,113.26,-168.70,2293.48
1.8125,0.2938,1.0004,-0.8647,115.85,-167.65,2293.48
1.8149,0.2747,0.9902,-0.8135,117.60,-164.36,2293.48
1.8173,0.2499,0.9677,-0.7666,120.47,-164.29,2293.48
1.8197,0.2494,0.9633,-0.7403,123.27,-162.82,2293.48
1.8221,0.2333,0.9560,-0.7374,124.18,-159.39,2293.48
1.8245,0.2035,0.9399,-0.7759,126.35,-158.27,2293.48
1.8269,0.1972,0.9389,-0.8067,128.31,-156.66,2293.48
1.8293,0.1884,0.9423,-0.8115,129.08,-152.81,2293.48
1.8317,0.1713,0.9379,-0.8179,129.78,-150.57,2293.48
1.8341,0.1523,0.9404,-0.8003,130.76,-147.63,2293.48
1.8365,0.1269,0.9360,-0.7867,130.97,-144.83,2293.48
1.8389,0.1035,0.9321,-0.8042,131.46,-142.10,2293.48
1.8413,0.0883,0.9355,-0.8233,131.32,-140.35,2293.48
1.8438,0.0761,0.9316,-0.8794,131.53,-137.34,2293.48
1.8462,0.0595,0.9326,-0.9360,131.53,-134.68,2293.48
1.8486,0.0483,0.9443,-0.9399,131.18,-131.60,2293.48
1.8510,0.0327,0.9536,-0.8969,128.87,-128.52,2293.48
1.8534,0.0190,0.9560,-0.8896,128.45,-127.40,2293.48
1.8558,0.0268,0.9809,-0.9013,126.63,-125.16,2293.48
1.8582,0.0356,1.0009,-0.9189,123.48,-120.26,2293.48
1.8606,0.0200,1.0146,-0.9638,121.24,-117.60,2293.48
1.8630,0.0181,1.0321,-0.9594,118.58,-116.97,2293.48
1.8654,0.0293,1.0463,-0.9277,114.73,-113.19,2293.48
1.8678,0.0254,1.0570,-0.9194,110.67,-110.04,2293.48
1.8702,0.0342,1.0624,-0.9292,108.01,-109.34,2293.48
1.8726,0.0532,1.0721,-0.9404,104.51,-106.61,2293.48
1.8750,0.0688,1.0760,-0.9716,100.38,-103.88,2293.48
1.8774,0.0781,1.0838,-0.9770,96.53,-101.01,2293.48
1.8798,0.0791,1.0985,-0.9838,93.17,-99.54,2293.48
1.8822,0.0878,1.1024,-0.9794,89.39,-98.28,2293.48
1.8846,0.0908,1.1151,-0.9823,87.08,-96.04,2293.48
1.8870,0.0942,1.1229,-1.0199,84.07,-95.48,2293.48
1.8894,0.1000,1.1219,-1.0238,82.32,-94.78,2293.48
1.8918,0.0937,1.1331,-1.0433,78.96,-94.85,2293.48
1.8942,0.0913,1.1424,-1.0746,75.60,-96.53,2293.48
1.8966,0.0991,1.1522,-1.1014,73.57,-97.72,2293.48
1.8990,0.1108,1.1673,-1.0975,71.47,-100.10,2293.48
1.9014,0.1313,1.1746,-1.0736,68.81,-102.34,2293.48
1.9038,0.1376,1.1795,-1.0756,67.20,-104.44,2293.48
1.9063,0.1484,1.1907,-1.0980,66.15,-109.34,2293.48
1.9087,0.1654,1.2005,-1.1307,64.47,-111.51,2293.48
1.9111,0.1698,1.2005,-1.1512,63.42,-116.34,2293.48
1.9135,0.1874,1.2034,-1.1414,63.21,-122.08,2293.48
1.9159,0.2079,1.2034,-1.1117,62.23,-126.07,2293.48
1.9183,0.2230,1.1888,-1.0956,61.67,-130.41,2293.48
1.9207,0.2298,1.1790,-1.0824,62.37,-135.73,2293.48
1.9231,0.2518,1.1785,-1.0756,62.79,-141.82,2293.48
1.9255,0.2801,1.1824,-1.1146,62.79,-143.99,2293.48
1.9279,0.2801,1.1849,-1.1575,63.35,-148.12,2293.48
1.9303,0.2982,1.1810,-1.1692,64.54,-154.56,2293.48
1.9327,0.3133,1.1702,-1.1268,64.68,-156.66,2293.48
1.9351,0.3128,1.1488,-1.0878,66.50,-160.65,2293.48
1.9375,0.3172,1.1248,-1.0975,69.02,-163.59,2293.48
1.9399,0.3104,1.1048,-1.1161,71.19,-167.86,2293.48
1.9423,0.3074,1.0907,-1.1297,73.36,-171.64,2293.48
1.9447,0.3040,1.0809,-1.1326,76.93,-173.81,2293.48
1.9471,0.2996,1.0775,-1.1331,80.50,-175.49,2293.48
1.9495,0.2977,1.0687,-1.1439,82.95,-178.15,2293.48
1.9519,0.2967,1.0458,-1.1570,86.52,-180.46,2293.48
1.9543,0.2889,1.0307,-1.1629,91.00,-181.58,2293.48
1.9567,0.2791,1.0131,-1.1844,93.87,-182.07,2293.48
1.9591,0.2718,0.9960,-1.2171,98.21,-182.56,2293.48
1.9615,0.2611,0.9897,-1.2254,102.34,-182.28,2293.48
1.9639,0.2494,0.9789,-1.2049,105.84,-182.00,2293.48
1.9663,0.2308,0.9643,-1.1932,109.27,-180.11,2293.48
1.9688,0.2040,0.9448,-1.1688,112.63,-178.92,2293.48
1.9712,0.1850,0.9311,-1.1458,116.83,-177.24,2293.48
1.9736,0.1620,0.9282,-1.1331,120.47,-175.14,2293.48
1.9760,0.1464,0.9316,-1.1034,124.04,-174.23,2293.48
1.9784,0.1405,0.9355,-1.0814,126.98,-170.66,2293.48
1.9808,0.1132,0.9384,-1.0570,129.85,-167.58,2293.48
1.9832,0.0947,0.9467,-1.0180,131.74,-165.76,2293.48
1.9856,0.0883,0.9531,-0.9814,133.49,-161.70,2293.48
1.9880,0.0727,0.9628,-0.9536,135.24,-158.55,2293.48
1.9904,0.0659,0.9765,-0.9287,136.22,-154.98,2293.48
1.9928,0.0581,0.9819,-0.9472,136.71,-149.59,2293.48
1.9952,0.0346,0.9906,-0.9970,136.99,-145.53,2293.48
1.9976,0.0122,1.0048,-1.0336,136.29,-143.08,2293.48
2.0000,0.0205,1.0043,-1.0375,135.80,-139.58,2293.48
2.0024,0.0185,1.0199,-0.9921,135.66,-134.40,2293.48
2.0048,0.0029,1.0385,-0.9662,133.49,-132.58,2293.48
2.0072,0.0200,1.0365,-0.9677,132.02,-129.71,2293.48
2.0096,0.0215,1.0516,-0.9653,131.46,-124.25,2293.48
2.0120,0.0049,1.0756,-0.9775,128.24,-121.87,2293.48
2.0144,0.0078,1.0819,-0.9906,124.95,-119.77,2293.48
2.0168,0.0161,1.0882,-0.9740,122.85,-116.76,2293.48
2.0192,0.0088,1.1102,-0.9443,119.98,-113.82,2293.48
2.0216,0.0142,1.1263,-0.9272,115.78,-114.03,2293.48
2.0240,0.0278,1.1361,-0.9326,112.98,-111.58,2293.48
2.0264,0.0224,1.1483,-0.9516,110.18,-110.39,2293.48
2.0288,0.0332,1.1644,-0.9594,105.98,-111.02,2293.48
2.0313,0.0542,1.1678,-0.9526,101.43,-109.76,2293.48
2.0337,0.0688,1.1702,-0.9394,99.12,-109.62,2293.48
2.0361,0.0830,1.1873,-0.9204,95.83,-109.55,2293.48
2.0385,0.1020,1.1834,-0.8911,92.05,-110.39,2293.48
2.0409,0.1264,1.1727,-0.8789,89.88,-110.53,2293.48
2.0433,0.1298,1.1814,-0.8833,87.64,-111.02,2293.48
2.0457,0.1357,1.1829,-0.8926,84.28,-113.40,2293.48
2.0481,0.1527,1.1771,-0.8926,82.18,-114.66,2293.48
2.0505,0.1698,1.1829,-0.8886,80.78,-116.69,2293.48
2.0529,0.1937,1.1888,-0.8774,78.33,-119.56,2293.48
2.0553,0.2157,1.1878,-0.8779,76.51,-121.87,2293.48
2.0577,0.2279,1.1785,-0.8965,74.76,-123.34,2293.48
2.0601,0.2333,1.1751,-0.9033,73.85,-125.72,2293.48
2.0625,0.2372,1.1717,-0.9262,71.96,-128.87,2293.48
2.0649,0.2557,1.1512,-0.9301,70.84,-132.79,2293.48
2.0673,0.2782,1.1317,-0.9072,70.98,-134.89,2293.48
2.0697,0.2850,1.1268,-0.8882,70.91,-137.48,2293.48
2.0721,0.2933,1.1146,-0.8926,70.28,-141.19,2293.48
2.0745,0.3035,1.0902,-0.9106,71.75,-143.43,2293.48
2.0769,0.3021,1.0775,-0.9126,73.29,-145.88,2293.48
2.0793,0.3001,1.0721,-0.9072,73.92,-148.96,2293.48
2.0817,0.2948,1.0575,-0.9077,74.83,-152.04,2293.48
2.0841,0.2908,1.0424,-0.9033,77.77,-155.61,2293.48
2.0865,0.2850,1.0424,-0.9033,80.15,-157.57,2293.48
2.0889,0.2708,1.0307,-0.9013,81.41,-160.86,2293.48
2.0913,0.2655,1.0214,-0.8891,85.12,-163.59,2293.48
2.0938,0.2567,1.0238,-0.8730,87.15,-165.27,2293.48
2.0962,0.2503,1.0155,-0.8691,89.60,-168.28,2293.48
2.0986,0.2508,1.0121,-0.8784,92.68,-170.31,2293.48
2.1010,0.2455,1.0087,-0.8794,95.69,-171.92,2293.48
2.1034,0.2357,0.9975,-0.8764,97.72,-173.25,2293.48
2.1058,0.2294,0.9848,-0.8867,100.52,-174.02,2293.48
2.1082,0.2172,0.9740,-0.9087,103.32,-173.81,2293.48
2.1106,0.2006,0.9648,-0.9189,106.96,-174.44,2293.48
2.1130,0.1967,0.9614,-0.9409,110.11,-173.74,2293.48
2.1154,0.1806,0.9653,-0.9331,112.00,-171.78,2293.48
2.1178,0.1581,0.9614,-0.9072,114.31,-171.92,2293.48
2.1202,0.1474,0.9633,-0.8838,117.39,-171.15,2293.48
2.1226,0.1357,0.9745,-0.8696,119.28,-168.91,2293.48
2.1250,0.1191,0.9716,-0.8730,120.19,-167.16,2293.48
2.1274,0.1039,0.9653,-0.8838,122.43,-165.90,2293.48
2.1298,0.0986,0.9643,-0.8877,123.90,-163.73,2293.48
2.1322,0.0878,0.9672,-0.8706,125.09,-160.44,2293.48
2.1346,0.0698,0.9721,-0.8520,125.93,-158.55,2293.48
2.1370,0.0717,0.9770,-0.8179,127.26,-157.22,2293.48
2.1394,0.0644,0.9902,-0.7964,128.24,-153.02,2293.48
2.1418,0.0537,0.9882,-0.7959,128.17,-151.27,2293.48
2.1442,0.0478,0.9902,-0.7950,129.43,-147.70,2293.48
2.1466,0.0303,1.0033,-0.7886,129.36,-145.74,2293.48
2.1490,0.0337,1.0067,-0.7906,129.43,-143.29,2293.48
2.1514,0.0215,1.0243,-0.7906,129.36,-139.72,2293.48
2.1538,0.0161,1.0355,-0.7803,128.73,-139.51,2293.48
2.1563,0.0268,1.0409,-0.7754,128.59,-135.87,2293.48
2.1587,0.0146,1.0546,-0.7945,127.19,-133.91,2293.48
2.1611,0.0161,1.0668,-0.8120,125.79,-133.21,2293.48
2.1635,0.0249,1.0741,-0.8003,124.95,-130.62,2293.48
2.1659,0.0254,1.0868,-0.7930,123.97,-129.01,2293.48
2.1683,0.0322,1.1009,-0.7769,121.45,-127.68,2293.48
2.1707,0.0449,1.1102,-0.7691,120.05,-125.93,2293.48
2.1731,0.0571,1.1244,-0.7730,118.23,-124.18,2293.48
2.1755,0.0752,1.1351,-0.7769,115.99,-122.43,2293.48
2.1779,0.0854,1.1366,-0.8057,113.54,-120.19,2293.48
2.1803,0.0966,1.1390,-0.8252,111.44,-119.70,2293.48
2.1827,0.1122,1.1502,-0.8276,108.29,-117.46,2293.48
2.1851,0.1176,1.1551,-0.8301,105.00,-116.55,2293.48
2.1875,0.1303,1.1546,-0.8291,102.69,-116.83,2293.48
2.1899,0.1449,1.1619,-0.8262,99.75,-115.92,2293.48
2.1923,0.1518,1.1658,-0.8418,96.53,-115.50,2293.48
2.1947,0.1596,1.1644,-0.8481,94.08,-116.27,2293.48
2.1971,0.1757,1.1629,-0.8301,91.98,-117.11,2293.48
2.1995,0.1835,1.1600,-0.8130,89.11,-117.32,2293.48
2.2019,0.1898,1.1527,-0.8130,87.15,-119.35,2293.48
2.2043,0.2108,1.1468,-0.8301,85.96,-120.75,2293.48
2.2067,0.2245,1.1478,-0.8320,84.07,-121.52,2293.48
2.2091,0.2289,1.1400,-0.8320,82.04,-123.83,2293.48
2.2115,0.2440,1.1195,-0.8252,81.34,-126.28,2293.48
2.2139,0.2513,1.1126,-0.8042,81.41,-127.05,2293.48
2.2163,0.2430,1.1087,-0.7896,80.08,-129.57,2293.48
2.2188,0.2528,1.0970,-0.7837,80.08,-132.86,2293.48
2.2212,0.2616,1.0907,-0.7984,80.43,-134.96,2293.48
2.2236,0.2601,1.0824,-0.8101,80.15,-138.18,2293.48
2.2260,0.2630,1.0736,-0.8223,80.22,-140.63,2293.48
2.2284,0.2596,1.0653,-0.8154,80.50,-143.64,2293.48
2.2308,0.2674,1.0638,-0.8028,81.69,-147.28,2293.48
2.2332,0.2708,1.0590,-0.8052,81.76,-148.96,2293.48
2.2356,0.2650,1.0492,-0.8018,83.09,-152.46,2293.48
2.2380,0.2621,1.0414,-0.8081,84.07,-155.05,2293.48
2.2404,0.2508,1.0331,-0.8076,85.33,-157.57,2293.48
2.2428,0.2425,1.0268,-0.8125,86.52,-160.65,2293.48
2.2452,0.2406,1.0185,-0.8203,88.20,-163.73,2293.48
2.2476,0.2381,1.0111,-0.8311,89.81,-165.69,2293.48
2.2500,0.2269,1.0063,-0.8423,91.56,-167.51,2293.48
2.2524,0.2186,1.0043,-0.8398,93.45,-170.52,2293.48
2.2548,0.2206,0.9994,-0.8457,95.27,-171.43,2293.48
2.2572,0.2108,0.9945,-0.8462,96.95,-171.85,2293.48
2.2596,0.2001,0.9872,-0.8462,98.70,-173.39,2293.48
2.2620,0.1957,0.9819,-0.8496,101.01,-173.74,2293.48
2.2644,0.1801,0.9819,-0.8569,102.97,-173.25,2293.48
2.2668,0.1620,0.9794,-0.8672,104.51,-173.53,2293.48
2.2692,0.1542,0.9731,-0.8740,106.26,-173.95,2293.48
2.2716,0.1513,0.9716,-0.8847,108.71,-173.04,2293.48
2.2740,0.1415,0.9780,-0.8955,110.39,-171.36,2293.48
2.2764,0.1274,0.9804,-0.8979,112.28,-170.66,2293.48
2.2788,0.1230,0.9780,-0.8979,114.31,-169.26,2293.48
2.2813,0.1142,0.9833,-0.9008,116.27,-166.74,2293.48
2.2837,0.0966,0.9936,-0.8945,117.18,-165.06,2293.48
2.2861,0.0942,0.9980,-0.8779,117.88,-163.38,2293.48
2.2885,0.0952,1.0019,-0.8623,119.42,-160.37,2293.48
2.2909,0.0869,1.0150,-0.8618,120.12,-157.15,2293.48
2.2933,0.0786,1.0204,-0.8677,119.84,-154.63,2293.48
2.2957,0.0693,1.0209,-0.8974,120.75,-151.20,2293.48
2.2981,0.0600,1.0302,-0.9018,120.89,-148.47,2293.48
2.3005,0.0595,1.0365,-0.8755,120.40,-145.18,2293.48
2.3029,0.0590,1.0346,-0.8760,119.77,-142.17,2293.48
2.3053,0.0649,1.0414,-0.8852,120.82,-139.30,2293.48
2.3077,0.0600,1.0555,-0.9038,119.56,-134.68,2293.48
2.3101,0.0532,1.0599,-0.9252,118.93,-133.28,2293.48
2.3125,0.0610,1.0653,-0.9545,118.37,-129.99,2293.48
2.3149,0.0639,1.0780,-0.9501,117.04,-127.05,2293.48
2.3173,0.0678,1.0868,-0.9296,115.57,-124.25,2293.48
2.3197,0.0673,1.0887,-0.9335,114.59,-122.36,2293.48
2.3221,0.0800,1.0946,-0.9345,114.03,-121.31,2293.48
2.3245,0.0854,1.1019,-0.9545,112.56,-116.90,2293.48
2.3269,0.0771,1.1063,-0.9740,111.02,-116.20,2293.48
2.3293,0.0883,1.1058,-0.9609,109.76,-115.29,2293.48
2.3317,0.0996,1.1034,-0.9506,108.36,-113.19,2293.48
2.3341,0.1078,1.1068,-0.9467,106.96,-112.28,2293.48
2.3365,0.1181,1.1122,-0.9506,105.84,-110.32,2293.48
2.3389,0.1240,1.1170,-0.9550,104.72,-110.53,2293.48
2.3413,0.1313,1.1175,-0.9511,102.97,-110.25,2293.48
2.3438,0.1303,1.1151,-0.9526,101.57,-109.90,2293.48
2.3462,0.1420,1.1175,-0.9579,100.45,-111.37,2293.48
2.3486,0.1542,1.1200,-0.9570,98.91,-111.09,2293.48
2.3510,0.1537,1.1175,-0.9594,97.23,-112.63,2293.48
2.3534,0.1635,1.1117,-0.9618,96.18,-114.45,2293.48
2.3558,0.1723,1.1092,-0.9565,95.41,-115.99,2293.48
2.3582,0.1771,1.0985,-0.9438,94.08,-117.46,2293.48
2.3606,0.1825,1.0887,-0.9243,93.66,-119.91,2293.48
2.3630,0.1913,1.0912,-0.9160,93.03,-122.43,2293.48
2.3654,0.2040,1.0868,-0.9243,92.33,-124.53,2293.48
2.3678,0.2098,1.0838,-0.9321,92.26,-126.70,2293.48
2.3702,0.2142,1.0795,-0.9272,91.77,-130.41,2293.48
2.3726,0.2284,1.0736,-0.9150,91.70,-132.58,2293.48
2.3750,0.2294,1.0658,-0.9048,91.49,-134.12,2293.48
2.3774,0.2294,1.0521,-0.8984,92.12,-137.76,2293.48
2.3798,0.2323,1.0526,-0.9028,92.75,-139.79,2293.48
2.3822,0.2240,1.0482,-0.9121,91.91,-142.66,2293.48
2.3846,0.2176,1.0365,-0.9018,92.61,-145.67,2293.48
2.3870,0.2167,1.0360,-0.8769,93.38,-148.54,2293.48
2.3894,0.2172,1.0297,-0.8457,93.31,-151.06,2293.48
2.3918,0.2181,1.0204,-0.8276,93.87,-153.16,2293.48
2.3942,0.2220,1.0150,-0.8467,94.71,-154.84,2293.48
2.3966,0.2264,1.0092,-0.8774,95.41,-156.31,2293.48
2.3990,0.2250,0.9980,-0.8843,95.69,-157.64,2293.48
2.4014,0.2230,0.9853,-0.8525,96.67,-158.90,2293.48
2.4038,0.2206,0.9765,-0.8198,97.58,-158.90,2293.48
2.4063,0.2118,0.9677,-0.8101,99.19,-158.62,2293.48
2.4087,0.2006,0.9658,-0.8115,100.38,-158.83,2293.48
2.4111,0.1972,0.9628,-0.8140,101.43,-158.83,2293.48
2.4135,0.1918,0.9599,-0.8125,102.55,-157.36,2293.48
2.4159,0.1801,0.9589,-0.8008,103.60,-156.80,2293.48
2.4183,0.1723,0.9589,-0.7710,104.51,-156.31,2293.48
2.4207,0.1635,0.9565,-0.7403,105.35,-154.84,2293.48
2.4231,0.1552,0.9545,-0.7340,107.03,-153.51,2293.48
2.4255,0.1484,0.9575,-0.7520,107.73,-152.53,2293.48
2.4279,0.1405,0.9638,-0.7593,108.08,-150.99,2293.48
2.4303,0.1313,0.9653,-0.7491,108.43,-149.03,2293.48
2.4327,0.1205,0.9672,-0.7388,109.13,-147.28,2293.48
2.4351,0.1142,0.9755,-0.7252,109.06,-145.88,2293.48
2.4375,0.1108,0.9775,-0.7325,109.34,-143.78,2293.48
2.4399,0.1049,0.9823,-0.7476,109.62,-141.68,2293.48
2.4423,0.1025,0.9906,-0.7476,109.41,-140.00,2293.48
2.4447,0.0947,0.9955,-0.7676,108.78,-137.83,2293.48
2.4471,0.0947,0.9989,-0.7749,108.43,-136.92,2293.48
2.4495,0.0966,1.0072,-0.7686,108.36,-133.42,2293.48
2.4519,0.0893,1.0136,-0.7579,107.45,-132.23,2293.48
2.4543,0.0976,1.0136,-0.7422,107.31,-130.62,2293.48
2.4567,0.0971,1.0185,-0.7447,107.10,-127.19,2293.48
2.4591,0.0913,1.0263,-0.7569,106.75,-126.00,2293.48
2.4615,0.0966,1.0307,-0.7857,106.12,-123.76,2293.48
2.4639,0.0956,1.0390,-0.8052,106.26,-121.73,2293.48
2.4663,0.0942,1.0477,-0.8115,105.70,-120.19,2293.48
2.4688,0.0971,1.0477,-0.8125,104.65,-119.00,2293.48
2.4712,0.1044,1.0482,-0.8179,104.65,-117.46,2293.48
2.4736,0.1103,1.0531,-0.8359,104.23,-115.85,2293.48
2.4760,0.1137,1.0570,-0.8589,103.67,-115.36,2293.48
2.4784,0.1205,1.0560,-0.8667,103.25,-114.52,2293.48
2.4808,0.1264,1.0551,-0.8516,103.53,-114.03,2293.48
2.4832,0.1283,1.0585,-0.8306,103.32,-113.75,2293.48
2.4856,0.1259,1.0585,-0.8223,102.97,-114.10,2293.48
2.4880,0.1308,1.0551,-0.8394,103.04,-114.38,2293.48
2.4904,0.1318,1.0609,-0.8594,103.11,-114.31,2293.48
2.4928,0.1332,1.0614,-0.8623,102.48,-115.92,2293.48
2.4952,0.1401,1.0590,-0.8403,102.34,-117.39,2293.48
2.4976,0.1449,1.0604,-0.8150,102.48,-119.14,2293.48
2.5000,0.1591,1.0634,-0.8008,102.62,-120.54,2293.48
2.5024,0.1640,1.0716,-0.8164,102.13,-121.66,2293.48
2.5048,0.1698,1.0731,-0.8506,101.43,-124.67,2293.48
2.5072,0.1835,1.0775,-0.8667,101.22,-126.00,2293.48
2.5096,0.1854,1.0853,-0.8608,99.89,-127.96,2293.48
2.5120,0.1889,1.0814,-0.8359,98.49,-130.62,2293.48
2.5144,0.1976,1.0731,-0.8091,97.72,-133.14,2293.48
2.5168,0.2069,1.0673,-0.7857,96.88,-135.59,2293.48
2.5192,0.2069,1.0648,-0.7823,95.76,-137.48,2293.48
2.5216,0.2054,1.0614,-0.7901,94.78,-140.21,2293.48
2.5240,0.2118,1.0560,-0.7959,94.43,-142.24,2293.48
2.5264,0.2113,1.0526,-0.8032,93.17,-144.20,2293.48
2.5288,0.2142,1.0458,-0.7896,92.26,-147.21,2293.48
2.5313,0.2235,1.0380,-0.7749,92.19,-148.68,2293.48
2.5337,0.2284,1.0287,-0.7671,91.77,-150.43,2293.48
2.5361,0.2294,1.0258,-0.7681,91.56,-151.83,2293.48
2.5385,0.2264,1.0146,-0.7779,91.28,-153.30,2293.48
2.5409,0.2289,1.0009,-0.7764,92.12,-154.49,2293.48
2.5433,0.2274,0.9984,-0.7564,92.33,-154.63,2293.48
2.5457,0.2162,0.9862,-0.7340,92.68,-155.89,2293.48
2.5481,0.2059,0.9765,-0.7310,93.80,-156.66,2293.48
2.5505,0.1996,0.9740,-0.7427,94.78,-157.08,2293.48
2.5529,0.1869,0.9697,-0.7544,95.41,-156.87,2293.48
2.5553,0.1767,0.9667,-0.7691,96.53,-157.99,2293.48
2.5577,0.1693,0.9692,-0.7774,97.93,-157.71,2293.48
2.5601,0.1527,0.9706,-0.7686,98.84,-157.92,2293.48
2.5625,0.1498,0.9697,-0.7491,99.82,-158.27,2293.48
2.5649,0.1479,0.9721,-0.7330,100.94,-157.78,2293.48
2.5673,0.1342,0.9770,-0.7296,101.85,-157.57,2293.48
2.5697,0.1235,0.9794,-0.7330,103.11,-157.01,2293.48
2.5721,0.1157,0.9833,-0.7374,104.37,-156.17,2293.48
2.5745,0.1083,0.9892,-0.7310,105.07,-155.47,2293.48
2.5769,0.1020,0.9936,-0.7135,105.70,-154.70,2293.48
2.5793,0.0971,0.9975,-0.6964,106.40,-153.79,2293.48
2.5817,0.0952,1.0024,-0.6812,107.10,-152.39,2293.48
2.5841,0.0913,1.0077,-0.6720,107.52,-150.99,2293.48
2.5865,0.0878,1.0072,-0.6837,107.87,-150.08,2293.48
2.5889,0.0874,1.0111,-0.6842,108.85,-148.40,2293.48
2.5913,0.0795,1.0238,-0.6778,109.13,-146.44,2293.48
2.5938,0.0747,1.0346,-0.6847,109.20,-145.60,2293.48
2.5962,0.0795,1.0404,-0.6910,109.76,-144.13,2293.48
2.5986,0.0820,1.0497,-0.7013,110.32,-142.03,2293.48
2.6010,0.0820,1.0570,-0.7130,109.62,-140.70,2293.48
2.6034,0.0917,1.0555,-0.7242,109.62,-139.58,2293.48
2.6058,0.1015,1.0555,-0.7178,109.97,-137.34,2293.48
2.6082,0.1054,1.0629,-0.7022,110.11,-135.45,2293.48
2.6106,0.1113,1.0658,-0.6944,109.41,-133.84,2293.48
2.6130,0.1210,1.0658,-0.7032,109.83,-132.09,2293.48
2.6154,0.1225,1.0716,-0.7252,109.62,-129.71,2293.48
2.6178,0.1196,1.0746,-0.7452,108.99,-128.73,2293.48
2.6202,0.1244,1.0726,-0.7564,108.50,-127.47,2293.48
2.6226,0.1293,1.0726,-0.7457,108.50,-126.35,2293.48
2.6250,0.1298,1.0804,-0.7266,108.08,-125.23,2293.48
2.6274,0.1308,1.0795,-0.7115,107.03,-124.46,2293.48
2.6298,0.1396,1.0731,-0.7061,107.03,-123.97,2293.48
2.6322,0.1430,1.0760,-0.7042,106.89,-123.41,2293.48
2.6346,0.1440,1.0809,-0.7105,105.91,-123.27,2293.48
2.6370,0.1523,1.0795,-0.7105,105.14,-123.48,2293.48
2.6394,0.1615,1.0765,-0.6949,105.00,-123.55,2293.48
2.6418,0.1708,1.0751,-0.6808,104.44,-123.97,2293.48
2.6442,0.1820,1.0712,-0.6788,103.60,-124.11,2293.48
2.6466,0.1869,1.0677,-0.6998,103.25,-124.32,2293.48
2.6490,0.1884,1.0653,-0.7159,102.62,-125.09,2293.48
2.6514,0.1903,1.0594,-0.7183,102.06,-125.44,2293.48
2.6538,0.1923,1.0526,-0.7042,101.64,-126.49,2293.48
2.6563,0.2006,1.0482,-0.6842,101.50,-126.98,2293.48
2.6587,0.2020,1.0443,-0.6822,101.01,-127.47,2293.48
2.6611,0.2025,1.0380,-0.6915,100.87,-129.15,2293.48
2.6635,0.2011,1.0355,-0.7071,100.66,-129.71,2293.48
2.6659,0.1981,1.0316,-0.7203,100.03,-131.18,2293.48
2.6683,0.2011,1.0189,-0.7174,99.82,-132.58,2293.48
2.6707,0.1957,1.0146,-0.7003,99.54,-134.19,2293.48
2.6731,0.1928,1.0121,-0.6861,98.98,-136.43,2293.48
2.6755,0.1923,1.0058,-0.6876,99.40,-137.69,2293.48
2.6779,0.1874,1.0077,-0.6993,99.61,-139.30,2293.48
2.6803,0.1874,1.0102,-0.7130,99.26,-141.40,2293.48
2.6827,0.1845,1.0072,-0.7218,99.05,-142.87,2293.48
2.6851,0.1825,1.0033,-0.7096,98.70,-144.97,2293.48
2.6875,0.1859,0.9999,-0.7003,98.77,-146.58,2293.48
2.6899,0.1815,0.9955,-0.7066,98.63,-147.77,2293.48
2.6923,0.1762,0.9945,-0.7193,98.56,-149.45,2293.48
2.6947,0.1732,0.9970,-0.7242,98.28,-150.71,2293.48
2.6971,0.1693,0.9965,-0.7257,98.21,-152.53,2293.48
2.6995,0.1693,0.9955,-0.7218,98.00,-153.72,2293.48
2.7019,0.1669,0.9931,-0.7120,97.93,-154.63,2293.48
2.7043,0.1620,0.9926,-0.7056,98.07,-155.82,2293.48
2.7067,0.1576,0.9945,-0.7056,97.93,-156.52,2293.48
2.7091,0.1537,0.9931,-0.7164,97.72,-157.22,2293.48
2.7115,0.1488,0.9916,-0.7237,97.79,-157.78,2293.48
2.7139,0.1449,0.9950,-0.7257,97.79,-158.34,2293.48
2.7163,0.1391,0.9994,-0.7227,97.72,-158.27,2293.48
2.7188,0.1347,1.0028,-0.7110,97.65,-158.83,2293.48
2.7212,0.1396,1.0082,-0.6964,97.51,-158.97,2293.48
2.7236,0.1381,1.0155,-0.6983,97.37,-157.99,2293.48
2.7260,0.1342,1.0209,-0.7086,97.02,-158.06,2293.48
2.7284,0.1366,1.0233,-0.7203,96.88,-157.50,2293.48
2.7308,0.1347,1.0253,-0.7335,96.74,-156.24,2293.48
2.7332,0.1362,1.0253,-0.7296,96.60,-155.61,2293.48
2.7356,0.1391,1.0268,-0.7208,96.74,-153.86,2293.48
2.7380,0.1381,1.0307,-0.7271,96.95,-152.46,2293.48
2.7404,0.1415,1.0331,-0.7388,97.16,-151.20,2293.48
2.7428,0.1449,1.0346,-0.7525,97.16,-149.38,2293.48
2.7452,0.1469,1.0360,-0.7666,97.72,-147.35,2293.48
2.7476,0.1459,1.0375,-0.7593,98.07,-145.32,2293.48
2.7500,0.1459,1.0375,-0.7427,98.35,-143.29,2293.48
2.7524,0.1459,1.0380,-0.7427,98.77,-141.05,2293.48
2.7548,0.1449,1.0380,-0.7525,99.40,-139.23,2293.48
2.7572,0.1479,1.0409,-0.7637,99.96,-137.20,2293.48
2.7596,0.1488,1.0409,-0.7793,100.24,-134.96,2293.48
2.7620,0.1493,1.0360,-0.7842,100.87,-133.35,2293.48
2.7644,0.1557,1.0350,-0.7710,101.64,-131.60,2293.48
2.7668,0.1552,1.0365,-0.7554,102.34,-129.08,2293.48
2.7692,0.1542,1.0336,-0.7462,103.11,-127.96,2293.48
2.7716,0.1601,1.0311,-0.7427,104.09,-126.49,2293.48
2.7740,0.1606,1.0336,-0.7535,104.86,-124.88,2293.48
2.7764,0.1630,1.0341,-0.7691,105.63,-123.90,2293.48
2.7788,0.1664,1.0346,-0.7759,106.61,-122.99,2293.48
2.7813,0.1674,1.0326,-0.7745,107.24,-122.01,2293.48
2.7837,0.1684,1.0272,-0.7681,107.80,-121.17,2293.48
2.7861,0.1713,1.0228,-0.7715,108.50,-120.75,2293.48
2.7885,0.1771,1.0160,-0.7798,109.20,-120.33,2293.48
2.7909,0.1815,1.0102,-0.7876,110.04,-119.49,2293.48
2.7933,0.1776,1.0082,-0.7984,110.67,-118.44,2293.48
2.7957,0.1723,1.0072,-0.8042,111.02,-118.86,2293.48
2.7981,0.1703,1.0028,-0.8052,111.09,-118.44,2293.48
2.8005,0.1606,1.0014,-0.8023,111.51,-118.23,2293.48
2.8029,0.1542,1.0004,-0.8023,111.72,-119.07,2293.48
2.8053,0.1557,0.9970,-0.8047,111.79,-119.84,2293.48
2.8077,0.1547,0.9980,-0.8125,112.00,-120.19,2293.48
2.8101,0.1488,0.9975,-0.8154,111.86,-121.10,2293.48
2.8125,0.1449,0.9926,-0.8076,111.37,-123.20,2293.48
2.8149,0.1386,0.9926,-0.7930,111.30,-125.09,2293.48
2.8173,0.1381,0.9950,-0.7784,110.88,-126.70,2293.48
2.8197,0.1405,0.9955,-0.7710,110.46,-128.38,2293.48
2.8221,0.1405,0.9950,-0.7784,109.83,-130.06,2293.48
2.8245,0.1396,0.9921,-0.7847,109.27,-132.30,2293.48
2.8269,0.1396,0.9950,-0.7876,108.78,-134.05,2293.48
2.8293,0.1396,0.9989,-0.7842,107.87,-135.45,2293.48
2.8317,0.1391,0.9980,-0.7779,107.24,-137.27,2293.48
2.8341,0.1410,0.9960,-0.7720,106.19,-139.44,2293.48
2.8365,0.1440,0.9970,-0.7701,105.35,-140.70,2293.48
2.8389,0.1415,0.9989,-0.7730,104.23,-142.10,2293.48
2.8413,0.1420,0.9980,-0.7715,103.18,-143.99,2293.48
2.8438,0.1459,0.9999,-0.7749,102.55,-145.32,2293.48
2.8462,0.1474,1.0014,-0.7730,101.57,-146.58,2293.48
2.8486,0.1464,1.0009,-0.7696,100.45,-147.42,2293.48
2.8510,0.1469,0.9999,-0.7710,99.61,-148.68,2293.48
2.8534,0.1503,0.9994,-0.7676,99.19,-149.38,2293.48
2.8558,0.1474,1.0028,-0.7618,97.93,-149.94,2293.48
2.8582,0.1430,1.0014,-0.7564,96.88,-150.64,2293.48
2.8606,0.1430,1.0004,-0.7452,96.32,-150.99,2293.48
2.8630,0.1435,1.0063,-0.7286,95.76,-151.27,2293.48
2.8654,0.1454,1.0072,-0.7198,94.85,-151.55,2293.48
2.8678,0.1440,1.0038,-0.7174,94.43,-151.27,2293.48
2.8702,0.1425,1.0033,-0.7076,94.08,-150.99,2293.48
2.8726,0.1435,1.0038,-0.6983,93.87,-150.71,2293.48
2.8750,0.1410,1.0033,-0.6944,93.45,-150.08,2293.48
2.8774,0.1376,1.0048,-0.6891,93.52,-149.38,2293.48
2.8798,0.1337,1.0087,-0.6842,93.38,-148.75,2293.48
2.8822,0.1352,1.0067,-0.6827,93.38,-148.40,2293.48
2.8846,0.1376,1.0053,-0.6778,93.80,-147.07,2293.48
2.8870,0.1352,1.0097,-0.6710,94.22,-146.09,2293.48
2.8894,0.1332,1.0126,-0.6617,94.50,-145.32,2293.48
2.8918,0.1357,1.0155,-0.6549,95.20,-144.20,2293.48
2.8942,0.1386,1.0199,-0.6515,95.69,-142.94,2293.48
2.8966,0.1386,1.0199,-0.6442,96.11,-141.82,2293.48
2.8990,0.1425,1.0224,-0.6378,96.88,-140.77,2293.48
2.9014,0.1459,1.0272,-0.6339,97.65,-139.09,2293.48
2.9038,0.1459,1.0263,-0.6329,98.42,-137.97,2293.48
2.9063,0.1493,1.0263,-0.6276,99.47,-136.78,2293.48
2.9087,0.1523,1.0272,-0.6227,100.52,-135.17,2293.48
2.9111,0.1542,1.0248,-0.6232,101.36,-133.91,2293.48
2.9135,0.1581,1.0233,-0.6290,102.34,-132.86,2293.48
2.9159,0.1586,1.0209,-0.6368,103.25,-131.60,2293.48
2.9183,0.1581,1.0204,-0.6432,104.44,-130.69,2293.48
2.9207,0.1566,1.0214,-0.6456,104.93,-129.64,2293.48
2.9231,0.1562,1.0194,-0.6442,105.70,-128.87,2293.48
2.9255,0.1586,1.0194,-0.6456,106.75,-128.17,2293.48
2.9279,0.1606,1.0209,-0.6515,107.45,-127.75,2293.48
2.9303,0.1606,1.0214,-0.6612,107.66,-127.12,2293.48
2.9327,0.1610,1.0199,-0.6671,108.15,-126.98,2293.48
2.9351,0.1640,1.0170,-0.6578,108.71,-126.98,2293.48
2.9375,0.1679,1.0150,-0.6534,109.06,-126.98,2293.48
2.9399,0.1679,1.0146,-0.6525,109.27,-126.84,2293.48
2.9423,0.1635,1.0131,-0.6520,109.48,-127.40,2293.48
2.9447,0.1635,1.0121,-0.6549,109.48,-128.38,2293.48
2.9471,0.1640,1.0116,-0.6544,109.55,-128.66,2293.48
2.9495,0.1610,1.0097,-0.6544,109.34,-129.50,2293.48
2.9519,0.1615,1.0092,-0.6461,109.13,-130.90,2293.48
2.9543,0.1635,1.0097,-0.6359,108.64,-131.39,2293.48
2.9567,0.1606,1.0082,-0.6354,108.29,-132.51,2293.48
2.9591,0.1591,1.0097,-0.6373,107.80,-134.12,2293.48
2.9615,0.1596,1.0072,-0.6388,107.17,-135.38,2293.48
2.9639,0.1566,1.0033,-0.6383,106.68,-136.43,2293.48
2.9663,0.1527,1.0033,-0.6310,106.12,-138.18,2293.48
2.9688,0.1518,1.0063,-0.6227,105.42,-139.79,2293.48
2.9712,0.1537,1.0063,-0.6256,104.58,-141.19,2293.48
2.9736,0.1523,1.0024,-0.6422,104.02,-142.52,2293.48
2.9760,0.1484,1.0033,-0.6578,103.25,-144.27,2293.48
2.9784,0.1469,1.0048,-0.6559,102.41,-145.95,2293.48
2.9808,0.1440,1.0067,-0.6427,101.71,-147.14,2293.48
2.9832,0.1405,1.0087,-0.6334,100.73,-148.82,2293.48
2.9856,0.1391,1.0087,-0.6373,99.75,-150.22,2293.48
2.9880,0.1376,1.0106,-0.6500,98.84,-151.62,2293.48
2.9904,0.1371,1.0141,-0.6676,98.21,-152.95,2293.48
2.9928,0.1381,1.0194,-0.6759,97.37,-154.14,2293.48
2.9952,0.1415,1.0224,-0.6808,96.32,-154.98,2293.48
2.9976,0.1420,1.0228,-0.6847,95.41,-155.68,2293.48
3.0000,0.1425,1.0248,-0.6832,94.78,-156.66,2293.48
3.0024,0.1440,1.0282,-0.6861,93.87,-156.73,2293.48
3.0048,0.1435,1.0297,-0.6915,93.17,-156.80,2293.48
3.0072,0.1464,1.0307,-0.6974,92.82,-157.08,2293.48
3.0096,0.1488,1.0346,-0.6978,92.19,-157.08,2293.48
3.0120,0.1474,1.0346,-0.6900,91.21,-156.52,2293.48
3.0144,0.1488,1.0326,-0.6803,91.00,-156.38,2293.48
3.0168,0.1547,1.0336,-0.6788,90.86,-155.89,2293.48
3.0192,0.1586,1.0331,-0.6822,90.58,-155.05,2293.48
3.0216,0.1596,1.0326,-0.6866,90.44,-154.00,2293.48
3.0240,0.1606,1.0311,-0.6891,90.16,-153.16,2293.48
3.0264,0.1625,1.0316,-0.6876,90.30,-151.97,2293.48
3.0288,0.1620,1.0316,-0.6925,90.44,-150.71,2293.48
3.0313,0.1625,1.0292,-0.7003,90.86,-149.80,2293.48
3.0337,0.1654,1.0302,-0.7081,91.35,-148.26,2293.48
3.0361,0.1688,1.0287,-0.7120,91.77,-146.79,2293.48
3.0385,0.1693,1.0268,-0.7154,92.54,-145.32,2293.48
3.0409,0.1713,1.0258,-0.7174,93.03,-143.85,2293.48
3.0433,0.1762,1.0214,-0.7169,93.80,-142.10,2293.48
3.0457,0.1747,1.0194,-0.7227,94.78,-140.14,2293.48
3.0481,0.1752,1.0170,-0.7281,95.62,-138.88,2293.48
3.0505,0.1771,1.0146,-0.7320,96.46,-136.92,2293.48
3.0529,0.1762,1.0136,-0.7418,97.44,-135.24,2293.48
3.0553,0.1752,1.0072,-0.7515,98.56,-133.70,2293.48
3.0577,0.1742,1.0033,-0.7510,99.68,-132.51,2293.48
3.0601,0.1771,1.0019,-0.7540,100.73,-131.25,2293.48
3.0625,0.1742,0.9984,-0.7618,101.85,-129.71,2293.48
3.0649,0.1703,0.9941,-0.7647,103.18,-129.15,2293.48
3.0673,0.1693,0.9882,-0.7637,104.44,-128.31,2293.48
3.0697,0.1664,0.9814,-0.7593,105.56,-127.40,2293.48
3.0721,0.1625,0.9784,-0.7520,107.10,-126.77,2293.48
3.0745,0.1571,0.9804,-0.7530,108.36,-126.49,2293.48
3.0769,0.1537,0.9789,-0.7623,109.55,-126.07,2293.48
3.0793,0.1488,0.9770,-0.7749,110.88,-125.93,2293.48
3.0817,0.1440,0.9780,-0.7798,111.79,-125.93,2293.48
3.0841,0.1410,0.9760,-0.7715,112.70,-125.93,2293.48
3.0865,0.1386,0.9745,-0.7637,113.61,-126.28,2293.48
3.0889,0.1376,0.9745,-0.7603,114.45,-126.49,2293.48
3.0913,0.1342,0.9770,-0.7642,114.87,-126.56,2293.48
3.0938,0.1259,0.9809,-0.7735,115.15,-127.47,2293.48
3.0962,0.1220,0.9799,-0.7701,115.57,-128.31,2293.48
3.0986,0.1200,0.9789,-0.7608,115.85,-128.94,2293.48
3.1010,0.1152,0.9809,-0.7515,115.57,-130.20,2293.48
3.1034,0.1113,0.9814,-0.7457,115.43,-131.60,2293.48
3.1058,0.1078,0.9853,-0.7505,115.36,-132.79,2293.48
3.1082,0.1020,0.9931,-0.7569,114.87,-133.84,2293.48
3.1106,0.0991,0.9965,-0.7662,114.17,-135.31,2293.48
3.1130,0.1000,0.9989,-0.7686,113.75,-137.27,2293.48
3.1154,0.0996,1.0048,-0.7623,112.70,-138.46,2293.48
3.1178,0.0966,1.0077,-0.7608,111.44,-139.93,2293.48
3.1202,0.0947,1.0077,-0.7598,110.60,-141.47,2293.48
3.1226,0.0942,1.0131,-0.7525,109.55,-143.15,2293.48
3.1250,0.0947,1.0189,-0.7530,107.80,-144.55,2293.48
3.1274,0.0947,1.0204,-0.7593,106.33,-146.23,2293.48
3.1298,0.0956,1.0272,-0.7574,105.14,-148.12,2293.48
3.1322,0.0976,1.0346,-0.7476,103.25,-149.38,2293.48
3.1346,0.1010,1.0346,-0.7432,101.43,-150.92,2293.48
3.1370,0.1069,1.0370,-0.7481,100.24,-152.53,2293.48
3.1394,0.1113,1.0424,-0.7510,98.77,-153.44,2293.48
3.1418,0.1122,1.0448,-0.7540,97.02,-154.42,2293.48
3.1442,0.1196,1.0424,-0.7540,95.69,-155.89,2293.48
3.1466,0.1298,1.0438,-0.7471,94.78,-156.73,2293.48
3.1490,0.1342,1.0487,-0.7408,93.31,-157.08,2293.48
3.1514,0.1371,1.0482,-0.7437,91.84,-157.36,2293.48
3.1538,0.1435,1.0492,-0.7466,90.93,-157.78,2293.48
3.1563,0.1479,1.0541,-0.7452,89.95,-157.78,2293.48
3.1587,0.1498,1.0546,-0.7466,88.55,-157.85,2293.48
3.1611,0.1537,1.0516,-0.7505,87.78,-157.85,2293.48
3.1635,0.1606,1.0521,-0.7525,87.22,-157.57,2293.48
3.1659,0.1698,1.0541,-0.7574,86.24,-156.73,2293.48
3.1683,0.1747,1.0516,-0.7662,85.54,-155.54,2293.48
3.1707,0.1767,1.0482,-0.7715,85.75,-154.77,2293.48
3.1731,0.1840,1.0497,-0.7788,85.33,-153.86,2293.48
3.1755,0.1889,1.0477,-0.7891,85.12,-152.32,2293.48
3.1779,0.1898,1.0414,-0.7945,85.47,-150.71,2293.48
3.1803,0.1947,1.0394,-0.7876,85.82,-149.45,2293.48
3.1827,0.2015,1.0350,-0.7754,86.03,-147.49,2293.48
3.1851,0.2040,1.0282,-0.7720,86.94,-145.25,2293.48
3.1875,0.2035,1.0233,-0.7818,87.78,-143.43,2293.48
3.1899,0.2040,1.0170,-0.8037,88.62,-141.75,2293.48
3.1923,0.2064,1.0111,-0.8281,89.60,-139.37,2293.48
3.1947,0.2050,1.0063,-0.8325,91.00,-137.41,2293.48
3.1971,0.2035,0.9994,-0.8150,92.26,-135.45,2293.48
3.1995,0.2035,0.9916,-0.7989,93.80,-133.63,2293.48
3.2019,0.1996,0.9877,-0.7979,95.69,-131.53,2293.48
3.2043,0.1967,0.9814,-0.8072,97.37,-129.64,2293.48
3.2067,0.1947,0.9755,-0.8208,98.98,-127.82,2293.48
3.2091,0.1903,0.9731,-0.8242,100.87,-126.28,2293.48
3.2115,0.1864,0.9677,-0.8130,102.34,-124.88,2293.48
3.2139,0.1820,0.9589,-0.8023,103.67,-123.41,2293.48
3.2163,0.1747,0.9536,-0.8023,105.63,-122.43,2293.48
3.2188,0.1742,0.9550,-0.8086,107.17,-121.24,2293.48
3.2212,0.1664,0.9555,-0.8242,108.15,-119.42,2293.48
3.2236,0.1503,0.9511,-0.8389,109.48,-119.42,2293.48
3.2260,0.1503,0.9521,-0.8335,110.88,-119.42,2293.48
3.2284,0.1479,0.9560,-0.8218,111.51,-118.09,2293.48
3.2308,0.1347,0.9531,-0.8091,112.14,-118.23,2293.48
3.2332,0.1298,0.9545,-0.7979,113.19,-118.86,2293.48
3.2356,0.1264,0.9594,-0.7925,113.75,-118.72,2293.48
3.2380,0.1157,0.9599,-0.7910,113.96,-119.35,2293.48
3.2404,0.1113,0.9609,-0.7950,114.45,-120.96,2293.48
3.2428,0.1132,0.9667,-0.7959,114.80,-121.52,2293.48
3.2452,0.1054,0.9736,-0.7940,114.38,-122.22,2293.48
3.2476,0.1005,0.9745,-0.7842,114.03,-124.11,2293.48
3.2500,0.1010,0.9780,-0.7642,114.17,-125.58,2293.48
3.2524,0.1010,0.9872,-0.7447,113.61,-127.12,2293.48
3.2548,0.1015,0.9902,-0.7374,112.91,-128.80,2293.48
3.2572,0.1025,0.9936,-0.7427,112.56,-130.76,2293.48
3.2596,0.1044,1.0043,-0.7515,111.86,-132.30,2293.48
3.2620,0.1035,1.0111,-0.7554,110.67,-134.19,2293.48
3.2644,0.1083,1.0121,-0.7486,109.83,-136.78,2293.48
3.2668,0.1132,1.0155,-0.7320,109.13,-138.04,2293.48
3.2692,0.1142,1.0233,-0.7164,108.22,-140.28,2293.48
3.2716,0.1205,1.0258,-0.7193,106.82,-142.52,2293.48
3.2740,0.1279,1.0214,-0.7320,105.84,-143.78,2293.48
3.2764,0.1298,1.0258,-0.7344,104.93,-144.90,2293.48
3.2788,0.1313,1.0311,-0.7261,103.11,-146.86,2293.48
3.2813,0.1376,1.0272,-0.7096,101.50,-148.33,2293.48
3.2837,0.1415,1.0268,-0.6944,100.73,-149.24,2293.48
3.2861,0.1430,1.0321,-0.6866,99.40,-150.29,2293.48
3.2885,0.1493,1.0316,-0.6974,97.65,-151.48,2293.48
3.2909,0.1576,1.0297,-0.7154,96.74,-152.32,2293.48
3.2933,0.1601,1.0355,-0.7164,95.69,-152.60,2293.48
3.2957,0.1606,1.0365,-0.7042,93.73,-153.37,2293.48
3.2981,0.1664,1.0307,-0.6925,92.47,-154.21,2293.48
3.3005,0.1703,1.0292,-0.6852,91.63,-154.28,2293.48
3.3029,0.1708,1.0292,-0.6881,90.30,-154.70,2293.48
3.3053,0.1757,1.0238,-0.6998,89.18,-155.05,2293.48
3.3077,0.1786,1.0180,-0.7056,88.90,-154.70,2293.48
3.3101,0.1815,1.0175,-0.6988,88.27,-154.63,2293.48
3.3125,0.1830,1.0146,-0.6837,87.50,-153.79,2293.48
3.3149,0.1815,1.0097,-0.6739,87.57,-153.16,2293.48
3.3173,0.1830,1.0097,-0.6710,87.29,-152.53,2293.48
3.3197,0.1830,1.0048,-0.6778,86.38,-151.34,2293.48
3.3221,0.1815,0.9950,-0.6871,86.87,-150.64,2293.48
3.3245,0.1781,0.9960,-0.6866,87.43,-149.59,2293.48
3.3269,0.1757,0.9945,-0.6832,87.01,-148.68,2293.48
3.3293,0.1762,0.9848,-0.6832,87.78,-147.49,2293.48
3.3317,0.1737,0.9799,-0.6817,89.18,-146.02,2293.48
3.3341,0.1693,0.9823,-0.6812,89.95,-144.69,2293.48
3.3365,0.1659,0.9780,-0.6827,90.72,-143.43,2293.48
3.3389,0.1640,0.9706,-0.6808,92.26,-141.82,2293.48
3.3413,0.1596,0.9711,-0.6749,93.66,-140.35,2293.48
3.3438,0.1566,0.9697,-0.6715,94.85,-138.81,2293.48
3.3462,0.1537,0.9667,-0.6749,96.32,-137.34,2293.48
3.3486,0.1464,0.9653,-0.6788,98.07,-136.15,2293.48
3.3510,0.1454,0.9672,-0.6817,99.61,-135.31,2293.48
3.3534,0.1454,0.9682,-0.6930,100.80,-133.42,2293.48
3.3558,0.1366,0.9677,-0.7037,102.48,-132.16,2293.48
3.3582,0.1342,0.9672,-0.6959,103.95,-131.95,2293.48
3.3606,0.1366,0.9667,-0.6798,105.35,-130.48,2293.48
3.3630,0.1298,0.9638,-0.6744,107.17,-129.22,2293.48
3.3654,0.1230,0.9643,-0.6739,109.27,-129.01,2293.48
3.3678,0.1249,0.9687,-0.6817,110.81,-128.45,2293.48
3.3702,0.1210,0.9701,-0.6949,112.42,-127.33,2293.48
3.3726,0.1137,0.9755,-0.7022,113.89,-127.47,2293.48
3.3750,0.1147,0.9794,-0.7042,115.01,-127.40,2293.48
3.3774,0.1147,0.9780,-0.7017,115.99,-126.42,2293.48
3.3798,0.1098,0.9780,-0.6959,117.25,-126.63,2293.48
3.3822,0.1093,0.9814,-0.6881,117.88,-127.05,2293.48
3.3846,0.1074,0.9838,-0.6895,118.37,-126.63,2293.48
3.3870,0.1000,0.9848,-0.6964,118.93,-126.84,2293.48
3.3894,0.0991,0.9877,-0.6969,119.28,-127.75,2293.48
3.3918,0.1020,0.9916,-0.6964,119.28,-127.89,2293.48
3.3942,0.1010,0.9960,-0.6969,119.42,-128.45,2293.48
3.3966,0.0996,1.0004,-0.6920,119.00,-129.15,2293.48
3.3990,0.1005,1.0028,-0.6895,118.72,-129.92,2293.48
3.4014,0.1039,1.0058,-0.6856,118.44,-130.90,2293.48
3.4038,0.1054,1.0106,-0.6798,117.81,-131.60,2293.48
3.4063,0.1049,1.0136,-0.6827,116.90,-132.72,2293.48
3.4087,0.1098,1.0150,-0.6915,115.78,-133.91,2293.48
3.4111,0.1147,1.0155,-0.6959,114.80,-134.96,2293.48
3.4135,0.1166,1.0189,-0.6900,113.40,-135.94,2293.48
3.4159,0.1200,1.0219,-0.6827,111.93,-137.20,2293.48
3.4183,0.1269,1.0204,-0.6832,110.46,-138.53,2293.48
3.4207,0.1327,1.0185,-0.6939,109.06,-139.02,2293.48
3.4231,0.1332,1.0180,-0.7066,107.45,-139.86,2293.48
3.4255,0.1357,1.0180,-0.7081,105.77,-141.05,2293.48
3.4279,0.1386,1.0199,-0.6954,104.30,-141.75,2293.48
3.4303,0.1440,1.0204,-0.6778,102.34,-143.15,2293.48
3.4327,0.1503,1.0189,-0.6725,100.45,-143.50,2293.48
3.4351,0.1488,1.0185,-0.6852,98.56,-143.99,2293.48
3.4375,0.1503,1.0180,-0.6969,96.53,-144.97,2293.48
3.4399,0.1576,1.0155,-0.6983,94.99,-145.18,2293.48
3.4423,0.1596,1.0126,-0.6934,93.24,-145.67,2293.48
3.4447,0.1630,1.0097,-0.6876,91.49,-146.23,2293.48
3.4471,0.1684,1.0048,-0.6886,90.16,-145.88,2293.48
3.4495,0.1703,1.0038,-0.6964,89.25,-145.88,2293.48
3.4519,0.1708,1.0048,-0.7017,87.85,-145.88,2293.48
3.4543,0.1693,0.9989,-0.7066,86.59,-145.81,2293.48
3.4567,0.1684,0.9941,-0.7042,85.89,-145.60,2293.48
3.4591,0.1688,0.9941,-0.6954,85.40,-145.46,2293.48
3.4615,0.1679,0.9921,-0.6866,84.56,-145.25,2293.48
3.4639,0.1708,0.9892,-0.6842,84.14,-144.55,2293.48
3.4663,0.1703,0.9882,-0.6876,84.07,-143.92,2293.48
3.4688,0.1698,0.9872,-0.6842,83.86,-143.64,2293.48
3.4712,0.1737,0.9848,-0.6788,83.86,-142.66,2293.48
3.4736,0.1703,0.9819,-0.6720,84.14,-141.54,2293.48
3.4760,0.1664,0.9784,-0.6617,84.63,-140.77,2293.48
3.4784,0.1684,0.9745,-0.6578,85.12,-139.93,2293.48
3.4808,0.1674,0.9721,-0.6647,85.96,-138.60,2293.48
3.4832,0.1601,0.9721,-0.6764,86.87,-137.69,2293.48
3.4856,0.1557,0.9711,-0.6871,88.13,-137.20,2293.48
3.4880,0.1562,0.9711,-0.6891,89.39,-136.08,2293.48
3.4904,0.1532,0.9697,-0.6837,90.30,-135.24,2293.48
3.4928,0.1523,0.9638,-0.6749,91.63,-135.03,2293.48
3.4952,0.1527,0.9614,-0.6637,93.24,-134.12,2293.48
3.4976,0.1479,0.9604,-0.6617,95.06,-133.00,2293.48
3.5000,0.1405,0.9599,-0.6720,96.95,-132.51,2293.48
3.5024,0.1376,0.9609,-0.6822,98.70,-132.23,2293.48
3.5048,0.1352,0.9623,-0.6905,100.24,-131.60,2293.48
3.5072,0.1293,0.9618,-0.6930,101.92,-130.97,2293.48
3.5096,0.1244,0.9618,-0.6891,103.67,-131.11,2293.48
3.5120,0.1225,0.9633,-0.6837,105.21,-130.69,2293.48
3.5144,0.1161,0.9638,-0.6827,106.89,-130.69,2293.48
3.5168,0.1118,0.9628,-0.6871,108.71,-131.04,2293.48
3.5192,0.1103,0.9638,-0.6959,110.25,-130.83,2293.48
3.5216,0.1044,0.9653,-0.7061,111.65,-131.04,2293.48
3.5240,0.1000,0.9662,-0.7071,113.40,-131.53,2293.48
3.5264,0.1005,0.9706,-0.6969,114.52,-131.95,2293.48
3.5288,0.0991,0.9740,-0.6891,115.71,-132.16,2293.48
3.5313,0.0937,0.9799,-0.6905,116.90,-132.86,2293.48
3.5337,0.0927,0.9862,-0.6988,117.67,-133.98,2293.48
3.5361,0.0937,0.9882,-0.7071,118.16,-134.12,2293.48
3.5385,0.0917,0.9902,-0.7110,118.86,-134.89,2293.48
3.5409,0.0917,0.9975,-0.7115,119.21,-135.87,2293.48
3.5433,0.0942,1.0009,-0.7037,119.21,-136.43,2293.48
3.5457,0.0937,1.0024,-0.6964,119.14,-137.13,2293.48
3.5481,0.0922,1.0087,-0.6964,119.21,-138.32,2293.48
3.5505,0.0942,1.0146,-0.7008,118.58,-139.23,2293.48
3.5529,0.0966,1.0165,-0.7096,117.81,-139.79,2293.48
3.5553,0.0996,1.0189,-0.7135,117.11,-141.12,2293.48
3.5577,0.1059,1.0189,-0.7125,116.27,-142.03,2293.48
3.5601,0.1103,1.0175,-0.7144,115.36,-142.31,2293.48
3.5625,0.1108,1.0199,-0.7169,114.52,-142.94,2293.48
3.5649,0.1161,1.0243,-0.7193,113.47,-143.92,2293.48
3.5673,0.1230,1.0248,-0.7232,112.28,-144.27,2293.48
3.5697,0.1254,1.0268,-0.7266,110.95,-144.20,2293.48
3.5721,0.1279,1.0292,-0.7320,109.41,-144.90,2293.48
3.5745,0.1352,1.0287,-0.7315,107.94,-145.25,2293.48
3.5769,0.1410,1.0272,-0.7237,106.33,-145.18,2293.48
3.5793,0.1415,1.0268,-0.7178,104.58,-145.39,2293.48
3.5817,0.1449,1.0263,-0.7115,102.76,-145.95,2293.48
3.5841,0.1527,1.0268,-0.7032,100.94,-145.81,2293.48
3.5865,0.1581,1.0258,-0.7017,98.77,-145.39,2293.48
3.5889,0.1610,1.0199,-0.7081,96.81,-145.04,2293.48
3.5913,0.1645,1.0155,-0.7203,95.27,-144.90,2293.48
3.5938,0.1674,1.0131,-0.7310,93.45,-144.27,2293.48
3.5962,0.1669,1.0077,-0.7388,91.77,-143.78,2293.48
3.5986,0.1674,1.0024,-0.7418,90.65,-143.71,2293.48
3.6010,0.1703,0.9994,-0.7354,89.53,-142.87,2293.48
3.6034,0.1708,0.9980,-0.7276,88.34,-142.31,2293.48
3.6058,0.1767,0.9921,-0.7247,87.29,-141.68,2293.48
3.6082,0.1820,0.9897,-0.7208,86.45,-140.14,2293.48
3.6106,0.1786,0.9892,-0.7149,85.68,-139.16,2293.48
3.6130,0.1776,0.9853,-0.7144,84.98,-138.53,2293.48
3.6154,0.1767,0.9819,-0.7144,84.28,-136.99,2293.48
3.6178,0.1698,0.9799,-0.7169,84.00,-135.66,2293.48
3.6202,0.1664,0.9770,-0.7218,83.58,-135.24,2293.48
3.6226,0.1703,0.9721,-0.7252,83.51,-134.54,2293.48
3.6250,0.1679,0.9677,-0.7281,83.86,-133.07,2293.48
3.6274,0.1606,0.9643,-0.7296,84.21,-132.51,2293.48
3.6298,0.1610,0.9638,-0.7344,84.77,-132.02,2293.48
3.6322,0.1615,0.9618,-0.7393,85.40,-131.11,2293.48
3.6346,0.1581,0.9614,-0.7388,86.45,-130.34,2293.48
3.6370,0.1591,0.9623,-0.7398,87.08,-130.13,2293.48
3.6394,0.1606,0.9594,-0.7393,87.99,-129.15,2293.48
3.6418,0.1532,0.9575,-0.7325,89.18,-128.24,2293.48
3.6442,0.1464,0.9550,-0.7261,90.58,-128.59,2293.48
3.6466,0.1440,0.9540,-0.7300,91.77,-128.31,2293.48
3.6490,0.1381,0.9550,-0.7496,93.17,-127.54,2293.48
3.6514,0.1303,0.9594,-0.7710,94.36,-128.17,2293.48
3.6538,0.1298,0.9618,-0.7808,95.48,-128.80,2293.48
3.6563,0.1288,0.9604,-0.7784,97.30,-128.52,2293.48
3.6587,0.1176,0.9614,-0.7593,99.19,-128.87,2293.48
3.6611,0.1142,0.9604,-0.7393,100.73,-130.48,2293.48
3.6635,0.1200,0.9609,-0.7427,102.62,-131.04,2293.48
3.6659,0.1147,0.9633,-0.7666,104.72,-130.83,2293.48
3.6683,0.1020,0.9692,-0.7896,106.47,-132.37,2293.48
3.6707,0.1044,0.9736,-0.7950,107.73,-133.91,2293.48
3.6731,0.1078,0.9736,-0.7837,109.62,-133.77,2293.48
3.6755,0.0947,0.9809,-0.7691,111.30,-134.75,2293.48
3.6779,0.0908,0.9858,-0.7652,112.28,-136.92,2293.48
3.6803,0.0966,0.9877,-0.7793,113.75,-137.62,2293.48
3.6827,0.0932,0.9955,-0.7959,115.01,-138.39,2293.48
3.6851,0.0878,1.0004,-0.8062,115.43,-140.00,2293.48
3.6875,0.0903,1.0004,-0.8042,115.92,-141.61,2293.48
3.6899,0.0947,1.0024,-0.7901,116.69,-142.38,2293.48
3.6923,0.0942,1.0082,-0.7774,116.76,-143.64,2293.48
3.6947,0.0971,1.0116,-0.7798,116.83,-145.25,2293.48
3.6971,0.0991,1.0150,-0.7998,117.25,-145.53,2293.48
3.6995,0.0961,1.0243,-0.8106,117.04,-146.65,2293.48
3.7019,0.0991,1.0272,-0.8072,116.20,-148.12,2293.48
3.7043,0.1059,1.0258,-0.7867,115.92,-148.82,2293.48
3.7067,0.1113,1.0307,-0.7627,115.78,-149.31,2293.48
3.7091,0.1157,1.0341,-0.7618,114.38,-149.94,2293.48
3.7115,0.1196,1.0302,-0.7847,113.54,-150.50,2293.48
3.7139,0.1230,1.0326,-0.8154,112.98,-150.78,2293.48
3.7163,0.1249,1.0370,-0.8276,111.58,-151.13,2293.48
3.7188,0.1264,1.0350,-0.8169,109.97,-151.41,2293.48
3.7212,0.1308,1.0316,-0.7925,108.99,-151.76,2293.48
3.7236,0.1381,1.0350,-0.7701,107.80,-151.55,2293.48
3.7260,0.1425,1.0385,-0.7676,106.12,-150.85,2293.48
3.7284,0.1449,1.0375,-0.7803,104.37,-150.50,2293.48
3.7308,0.1493,1.0390,-0.7925,102.69,-150.08,2293.48
3.7332,0.1518,1.0409,-0.7954,100.59,-149.10,2293.48
3.7356,0.1532,1.0380,-0.7803,98.56,-148.54,2293.48
3.7380,0.1606,1.0341,-0.7574,97.02,-148.26,2293.48
3.7404,0.1664,1.0326,-0.7486,95.13,-146.93,2293.48
3.7428,0.1669,1.0292,-0.7559,93.10,-146.51,2293.48
3.7452,0.1723,1.0263,-0.7735,91.56,-146.09,2293.48
3.7476,0.1801,1.0282,-0.7954,90.16,-145.04,2293.48
3.7500,0.1810,1.0272,-0.7979,88.20,-143.64,2293.48
3.7524,0.1815,1.0185,-0.7881,86.59,-143.08,2293.48
3.7548,0.1889,1.0136,-0.7842,85.61,-142.17,2293.48
3.7572,0.1913,1.0106,-0.7910,84.35,-140.35,2293.48
3.7596,0.1869,1.0072,-0.8115,83.16,-139.37,2293.48
3.7620,0.1874,1.0053,-0.8286,82.32,-138.88,2293.48
3.7644,0.1913,1.0033,-0.8316,81.41,-137.69,2293.48
3.7668,0.1932,0.9984,-0.8179,80.50,-136.43,2293.48
3.7692,0.1967,0.9916,-0.8003,80.22,-135.38,2293.48
3.7716,0.1991,0.9858,-0.7906,80.22,-133.63,2293.48
3.7740,0.1991,0.9809,-0.7891,80.36,-132.23,2293.48
3.7764,0.1962,0.9760,-0.7998,80.64,-131.11,2293.48
3.7788,0.1928,0.9736,-0.8154,81.06,-129.64,2293.48
3.7813,0.1874,0.9726,-0.8291,81.48,-128.80,2293.48
3.7837,0.1830,0.9692,-0.8364,81.69,-128.10,2293.48
3.7861,0.1835,0.9633,-0.8301,82.39,-127.19,2293.48
3.7885,0.1810,0.9594,-0.8208,83.51,-126.28,2293.48
3.7909,0.1752,0.9579,-0.8179,84.63,-125.79,2293.48
3.7933,0.1708,0.9565,-0.8194,85.82,-125.44,2293.48
3.7957,0.1664,0.9540,-0.8237,87.08,-124.95,2293.48
3.7981,0.1596,0.9526,-0.8311,88.55,-124.67,2293.48
3.8005,0.1552,0.9540,-0.8306,90.23,-125.30,2293.48
3.8029,0.1542,0.9545,-0.8233,91.84,-125.44,2293.48
3.8053,0.1508,0.9526,-0.8223,93.45,-125.23,2293.48
3.8077,0.1440,0.9550,-0.8286,95.41,-126.07,2293.48
3.8101,0.1425,0.9589,-0.8438,97.02,-126.98,2293.48
3.8125,0.1444,0.9589,-0.8662,98.63,-127.12,2293.48
3.8149,0.1381,0.9589,-0.8804,100.66,-127.82,2293.48
3.8173,0.1303,0.9589,-0.8677,102.41,-129.01,2293.48
3.8197,0.1269,0.9565,-0.8350,104.23,-130.27,2293.48
3.8221,0.1259,0.9565,-0.8120,106.33,-131.46,2293.48
3.8245,0.1215,0.9614,-0.8150,108.22,-132.58,2293.48
3.8269,0.1186,0.9662,-0.8491,109.48,-133.70,2293.48
3.8293,0.1171,0.9692,-0.8906,110.81,-134.75,2293.48
3.8317,0.1142,0.9760,-0.9096,112.14,-136.08,2293.48
3.8341,0.1098,0.9809,-0.8940,112.56,-137.48,2293.48
3.8365,0.1049,0.9784,-0.8599,113.19,-139.02,2293.48
3.8389,0.1035,0.9794,-0.8369,114.38,-140.42,2293.48
3.8413,0.1035,0.9833,-0.8457,115.36,-141.82,2293.48
3.8438,0.1015,0.9867,-0.8799,115.64,-143.01,2293.48
3.8462,0.0971,0.9926,-0.9087,115.71,-144.55,2293.48
3.8486,0.0966,0.9994,-0.9145,115.64,-146.23,2293.48
3.8510,0.0981,1.0019,-0.8926,115.15,-147.49,2293.48
3.8534,0.0996,1.0024,-0.8662,114.94,-148.89,2293.48
3.8558,0.1015,1.0058,-0.8594,114.87,-149.87,2293.48
3.8582,0.1020,1.0146,-0.8730,114.45,-150.50,2293.48
3.8606,0.1030,1.0243,-0.8999,113.33,-151.76,2293.48
3.8630,0.1098,1.0311,-0.9184,112.07,-152.53,2293.48
3.8654,0.1122,1.0316,-0.9184,110.53,-152.53,2293.48
3.8678,0.1118,1.0311,-0.9043,109.41,-153.65,2293.48
3.8702,0.1191,1.0355,-0.8847,108.08,-154.35,2293.48
3.8726,0.1264,1.0394,-0.8789,106.54,-154.35,2293.48
3.8750,0.1288,1.0390,-0.8955,105.07,-154.42,2293.48
3.8774,0.1322,1.0409,-0.9252,103.67,-154.63,2293.48
3.8798,0.1401,1.0438,-0.9462,101.71,-154.21,2293.48
3.8822,0.1469,1.0433,-0.9399,99.68,-153.51,2293.48
3.8846,0.1547,1.0424,-0.9116,98.21,-153.16,2293.48
3.8870,0.1630,1.0404,-0.8872,96.18,-152.25,2293.48
3.8894,0.1688,1.0385,-0.9004,94.57,-150.92,2293.48
3.8918,0.1674,1.0385,-0.9335,92.89,-149.94,2293.48
3.8942,0.1708,1.0360,-0.9609,90.93,-149.73,2293.48
3.8966,0.1840,1.0292,-0.9682,89.11,-148.19,2293.48
3.8990,0.1903,1.0233,-0.9433,87.57,-146.16,2293.48
3.9014,0.1942,1.0175,-0.9179,86.03,-144.76,2293.48
3.9038,0.1991,1.0116,-0.9194,84.84,-142.87,2293.48
3.9063,0.2015,1.0097,-0.9477,83.93,-140.77,2293.48
3.9087,0.2006,1.0067,-0.9887,82.81,-139.02,2293.48
3.9111,0.2040,0.9989,-1.0175,81.69,-137.34,2293.48
3.9135,0.2108,0.9887,-1.0131,81.06,-135.31,2293.48
3.9159,0.2084,0.9794,-0.9799,80.15,-132.86,2293.48
3.9183,0.2035,0.9706,-0.9521,79.73,-130.97,2293.48
3.9207,0.2006,0.9609,-0.9618,79.59,-129.15,2293.48
3.9231,0.1947,0.9545,-0.9984,79.94,-127.12,2293.48
3.9255,0.1908,0.9545,-1.0316,80.29,-125.79,2293.48
3.9279,0.1893,0.9492,-1.0399,80.57,-124.32,2293.48
3.9303,0.1859,0.9394,-1.0253,81.20,-122.64,2293.48
3.9327,0.1801,0.9321,-1.0033,82.04,-121.45,2293.48
3.9351,0.1747,0.9292,-0.9955,83.09,-120.47,2293.48
3.9375,0.1688,0.9296,-1.0067,83.79,-119.63,2293.48
3.9399,0.1620,0.9292,-1.0248,84.70,-118.79,2293.48
3.9423,0.1513,0.9277,-1.0385,86.03,-118.09,2293.48
3.9447,0.1430,0.9243,-1.0331,87.50,-118.30,2293.48
3.9471,0.1376,0.9228,-1.0111,89.25,-118.23,2293.48
3.9495,0.1303,0.9248,-0.9906,91.07,-118.58,2293.48
3.9519,0.1254,0.9252,-0.9931,93.03,-118.93,2293.48
3.9543,0.1205,0.9282,-1.0111,94.99,-118.93,2293.48
3.9567,0.1127,0.9296,-1.0248,96.60,-119.28,2293.48
3.9591,0.1054,0.9287,-1.0248,98.70,-120.19,2293.48
3.9615,0.1025,0.9306,-1.0092,100.73,-121.17,2293.48
3.9639,0.0913,0.9345,-0.9999,102.69,-122.15,2293.48
3.9663,0.0830,0.9399,-1.0092,104.79,-124.32,2293.48
3.9688,0.0859,0.9462,-1.0248,106.75,-125.93,2293.48
3.9712,0.0810,0.9526,-1.0429,108.22,-126.70,2293.48
3.9736,0.0722,0.9579,-1.0594,109.76,-128.66,2293.48
3.9760,0.0722,0.9643,-1.0521,111.44,-130.90,2293.48
3.9784,0.0756,0.9687,-1.0287,112.70,-132.30,2293.48
3.9808,0.0727,0.9711,-1.0092,114.17,-133.77,2293.48
3.9832,0.0678,0.9775,-0.9994,115.85,-136.15,2293.48
3.9856,0.0717,0.9872,-1.0126,116.69,-138.11,2293.48
3.9880,0.0722,0.9975,-1.0448,117.53,-139.23,2293.48
3.9904,0.0664,1.0053,-1.0604,117.81,-141.61,2293.48
3.9928,0.0732,1.0097,-1.0463,117.74,-144.13,2293.48
3.9952,0.0844,1.0136,-1.0253,117.60,-145.11,2293.48
3.9976,0.0834,1.0160,-1.0165,117.81,-146.23,2293.48
4.0000,0.0849,1.0204,-1.0165,117.88,-148.47,2293.48
4.0024,0.0961,1.0248,-1.0170,117.25,-149.94,2293.48
4.0048,0.1015,1.0258,-1.0209,116.48,-150.57,2293.48
4.0072,0.1059,1.0282,-1.0204,115.92,-152.25,2293.48
4.0096,0.1181,1.0336,-1.0087,114.87,-153.30,2293.48
4.0120,0.1230,1.0316,-1.0038,113.19,-153.44,2293.48
4.0144,0.1240,1.0248,-1.0116,112.28,-154.07,2293.48
4.0168,0.1308,1.0263,-1.0131,111.65,-154.42,2293.48
4.0192,0.1362,1.0287,-1.0043,109.97,-154.14,2293.48
4.0216,0.1386,1.0233,-0.9950,108.43,-153.65,2293.48
4.0240,0.1425,1.0214,-0.9809,107.38,-153.37,2293.48
4.0264,0.1508,1.0253,-0.9623,105.49,-152.95,2293.48
4.0288,0.1557,1.0219,-0.9433,103.11,-151.90,2293.48
4.0313,0.1557,1.0126,-0.9389,101.64,-151.41,2293.48
4.0337,0.1610,1.0111,-0.9506,100.45,-150.85,2293.48
4.0361,0.1635,1.0116,-0.9658,98.28,-149.66,2293.48
4.0385,0.1615,1.0009,-0.9843,96.18,-148.54,2293.48
4.0409,0.1610,0.9902,-0.9867,95.27,-147.70,2293.48
4.0433,0.1620,0.9882,-0.9638,93.80,-146.51,2293.48
4.0457,0.1664,0.9872,-0.9345,92.19,-145.18,2293.48
4.0481,0.1693,0.9823,-0.9165,91.00,-143.15,2293.48
4.0505,0.1693,0.9780,-0.9145,90.37,-141.47,2293.48
4.0529,0.1718,0.9775,-0.9248,89.25,-139.79,2293.48
4.0553,0.1742,0.9755,-0.9287,87.85,-137.55,2293.48
4.0577,0.1713,0.9682,-0.9150,86.59,-135.59,2293.48
4.0601,0.1698,0.9623,-0.8989,86.03,-134.40,2293.48
4.0625,0.1674,0.9599,-0.8965,84.98,-132.37,2293.48
4.0649,0.1591,0.9565,-0.9082,84.21,-130.83,2293.48
4.0673,0.1547,0.9555,-0.9218,83.72,-130.06,2293.48
4.0697,0.1552,0.9560,-0.9233,83.09,-128.87,2293.48
4.0721,0.1513,0.9526,-0.9174,82.53,-127.96,2293.48
4.0745,0.1479,0.9482,-0.9062,82.67,-127.54,2293.48
4.0769,0.1523,0.9501,-0.8911,82.95,-126.63,2293.48
4.0793,0.1532,0.9501,-0.8828,82.95,-125.30,2293.48
4.0817,0.1513,0.9492,-0.8823,83.51,-124.46,2293.48
4.0841,0.1493,0.9521,-0.8828,84.14,-123.41,2293.48
4.0865,0.1410,0.9545,-0.8862,84.63,-122.78,2293.48
4.0889,0.1332,0.9555,-0.8965,85.26,-122.78,2293.48
4.0913,0.1303,0.9579,-0.9057,86.24,-122.85,2293.48
4.0938,0.1288,0.9648,-0.9101,86.59,-122.78,2293.48
4.0962,0.1259,0.9648,-0.9038,87.08,-123.06,2293.48
4.0986,0.1269,0.9614,-0.8852,88.34,-123.62,2293.48
4.1010,0.1303,0.9633,-0.8642,89.53,-124.04,2293.48
4.1034,0.1279,0.9623,-0.8550,90.65,-124.25,2293.48
4.1058,0.1230,0.9628,-0.8540,92.54,-125.16,2293.48
4.1082,0.1254,0.9697,-0.8594,94.22,-126.21,2293.48
4.1106,0.1269,0.9755,-0.8686,95.20,-126.84,2293.48
4.1130,0.1254,0.9760,-0.8745,96.53,-127.96,2293.48
4.1154,0.1259,0.9799,-0.8740,98.07,-129.29,2293.48
4.1178,0.1254,0.9858,-0.8642,99.12,-130.48,2293.48
4.1202,0.1225,0.9848,-0.8555,99.96,-131.81,2293.48
4.1226,0.1196,0.9838,-0.8530,101.36,-133.77,2293.48
4.1250,0.1196,0.9867,-0.8520,102.62,-135.52,2293.48
4.1274,0.1176,0.9902,-0.8496,103.74,-136.99,2293.48
4.1298,0.1205,0.9931,-0.8496,105.28,-139.16,2293.48
4.1322,0.1244,0.9965,-0.8564,106.47,-140.14,2293.48
4.1346,0.1215,0.9989,-0.8652,107.66,-141.68,2293.48
4.1370,0.1230,1.0004,-0.8657,108.29,-143.92,2293.48
4.1394,0.1308,1.0033,-0.8633,108.99,-145.18,2293.48
4.1418,0.1322,1.0048,-0.8677,109.55,-146.09,2293.48
4.1442,0.1308,1.0019,-0.8725,109.97,-147.98,2293.48
4.1466,0.1337,1.0019,-0.8725,110.25,-149.31,2293.48
4.1490,0.1322,1.0058,-0.8657,110.39,-150.36,2293.48
4.1514,0.1293,1.0097,-0.8545,110.46,-152.04,2293.48
4.1538,0.1337,1.0097,-0.8423,110.39,-153.65,2293.48
4.1563,0.1420,1.0106,-0.8428,110.25,-154.63,2293.48
4.1587,0.1425,1.0131,-0.8657,109.69,-155.26,2293.48
4.1611,0.1430,1.0111,-0.8926,109.34,-156.24,2293.48
4.1635,0.1498,1.0092,-0.9038,109.27,-156.66,2293.48
4.1659,0.1508,1.0067,-0.8984,108.85,-156.73,2293.48
4.1683,0.1498,1.0043,-0.8945,108.50,-156.73,2293.48
4.1707,0.1513,1.0048,-0.8891,107.66,-156.94,2293.48
4.1731,0.1547,1.0038,-0.8872,106.89,-156.87,2293.48
4.1755,0.1576,1.0004,-0.9008,106.33,-156.45,2293.48
4.1779,0.1640,0.9970,-0.9082,105.98,-156.10,2293.48
4.1803,0.1684,0.9945,-0.9126,105.14,-155.05,2293.48
4.1827,0.1669,0.9906,-0.9179,104.09,-154.28,2293.48
4.1851,0.1718,0.9858,-0.9165,103.32,-153.30,2293.48
4.1875,0.1757,0.9814,-0.9111,102.41,-151.69,2293.48
4.1899,0.1767,0.9809,-0.9033,101.29,-150.22,2293.48
4.1923,0.1791,0.9780,-0.8960,100.10,-148.47,2293.48
4.1947,0.1830,0.9740,-0.8882,98.98,-146.65,2293.48
4.1971,0.1859,0.9692,-0.8847,97.51,-144.20,2293.48
4.1995,0.1850,0.9594,-0.8901,96.46,-141.75,2293.48
4.2019,0.1830,0.9540,-0.8940,95.34,-139.51,2293.48
4.2043,0.1801,0.9521,-0.8989,94.22,-137.48,2293.48
4.2067,0.1776,0.9472,-0.9096,93.17,-135.66,2293.48
4.2091,0.1747,0.9453,-0.9179,92.61,-133.21,2293.48
4.2115,0.1708,0.9443,-0.9194,91.84,-131.18,2293.48
4.2139,0.1732,0.9404,-0.9057,90.79,-129.57,2293.48
4.2163,0.1796,0.9350,-0.8862,90.37,-127.05,2293.48
4.2188,0.1767,0.9335,-0.8760,89.88,-124.67,2293.48
4.2212,0.1742,0.9296,-0.8847,89.04,-123.13,2293.48
4.2236,0.1767,0.9189,-0.9033,88.83,-121.10,2293.48
4.2260,0.1732,0.9160,-0.9126,89.25,-119.00,2293.48
4.2284,0.1669,0.9184,-0.9126,89.32,-117.46,2293.48
4.2308,0.1645,0.9121,-0.9126,89.04,-116.06,2293.48
4.2332,0.1601,0.9062,-0.9096,89.46,-114.52,2293.48
4.2356,0.1532,0.9067,-0.9033,89.88,-113.75,2293.48
4.2380,0.1493,0.9062,-0.9072,89.95,-112.70,2293.48
4.2404,0.1459,0.9023,-0.9238,90.09,-111.86,2293.48
4.2428,0.1430,0.9013,-0.9423,90.72,-111.51,2293.48
4.2452,0.1381,0.9043,-0.9487,90.79,-111.09,2293.48
4.2476,0.1318,0.9008,-0.9462,91.07,-111.23,2293.48
4.2500,0.1225,0.8974,-0.9404,91.98,-111.58,2293.48
4.2524,0.1147,0.9008,-0.9379,93.03,-112.98,2293.48
4.2548,0.1083,0.9062,-0.9472,93.45,-113.75,2293.48
4.2572,0.0942,0.9091,-0.9784,94.01,-114.52,2293.48
4.2596,0.0766,0.9145,-1.0160,95.13,-116.27,2293.48
4.2620,0.0610,0.9213,-1.0380,95.62,-118.23,2293.48
4.2644,0.0444,0.9204,-1.0580,95.83,-120.40,2293.48
4.2668,0.0249,0.9316,-1.1014,97.23,-122.92,2293.48
4.2692,0.0044,0.9887,-1.1653,98.35,-126.42,2293.48
4.2716,0.0127,1.1058,-1.3723,100.45,-130.62,2293.48
4.2740,0.1459,1.3474,-1.7495,104.65,-146.30,2293.48
4.2764,2.3570,2.4034,-2.3546,109.97,-188.72,2293.48
4.2788,10.2212,0.2660,-2.8328,168.91,-984.48,2140.88
4.2813,11.9262,3.4311,-3.7322,335.44,-899.92,1993.11
4.2837,2.5366,1.2049,-10.2680,65.45,70.07,1638.28
4.2861,6.5987,-9.6809,-3.3745,-44.94,-508.41,1319.71
4.2885,6.4006,-1.7700,12.6109,10.43,174.86,831.88
4.2909,-9.2681,9.2437,11.4612,-100.45,-51.10,579.81
4.2933,-6.2440,0.2420,-4.5242,-39.76,-688.80,342.37
4.2957,-1.8461,-0.0478,-15.9059,-20.58,-317.03,360.43
4.2981,0.7852,2.6113,-15.9059,-778.12,-526.40,294.14
4.3005,8.6557,-9.9005,-15.9820,-1254.40,-250.25,303.03
4.3029,1.1976,-13.1853,-4.2802,-807.87,73.57,293.23
4.3053,-3.0622,-3.2071,11.7052,-673.68,-1024.59,336.42
4.3077,6.5211,1.8939,7.0667,-657.79,-744.59,360.36
4.3101,1.5933,1.8354,-8.9187,-214.62,703.50,454.09
4.3125,-8.0100,-0.4363,-15.9820,-373.45,-368.13,394.94
4.3149,-5.6242,-3.7449,-15.9820,-411.39,-274.89,344.12
4.3173,-9.9240,-5.0454,-7.2858,-512.89,571.27,307.23
4.3197,-11.3660,-3.8698,8.6996,-331.59,-66.71,264.11
4.3221,-4.5540,2.6664,15.9888,-352.87,-77.21,248.57
4.3245,-0.7320,3.5463,7.7187,-884.59,81.69,219.59
4.3269,1.9891,1.1985,-8.2667,-507.85,402.57,262.43
4.3293,-2.1506,3.4326,-15.9820,-536.69,647.64,303.94
4.3317,-4.3803,4.3539,-14.0490,-968.80,-319.34,279.86
4.3341,0.9140,-0.3255,-1.9134,-1113.21,-274.33,376.74
4.3365,1.2786,-1.0199,12.1390,-535.36,138.67,477.12
4.3389,-0.6847,5.6662,14.1095,-318.85,198.94,500.22
4.3413,-0.5783,5.2440,1.2610,-953.19,-49.84,569.03
4.3438,-0.0039,3.6210,-12.8451,-503.72,40.25,585.83
4.3462,-1.1683,4.9127,-14.3784,-645.12,25.97,602.35
4.3486,-0.4050,2.8006,-7.4576,-734.23,-199.99,578.06
4.3510,0.7535,0.6378,5.1362,-847.28,-134.61,621.39
4.3534,0.7701,-0.4597,13.8246,-502.95,-174.93,602.07
4.3558,1.1019,2.1565,9.8283,-486.43,-26.60,614.46
4.3582,-0.2347,1.8495,-3.2110,-742.98,-33.60,668.36
4.3606,-0.5251,0.7574,-12.0277,-558.46,-175.49,704.69
4.3630,-0.1864,1.1688,-10.0953,-626.29,-174.44,755.37
4.3654,0.1620,0.1513,-1.7300,-716.17,-256.27,763.21
4.3678,0.6368,-1.2727,8.4053,-739.90,-258.86,782.32
4.3702,0.7525,-0.6822,11.6769,-456.33,-236.95,736.89
4.3726,0.3972,1.3117,4.2832,-573.79,-128.94,747.32
4.3750,-0.5558,1.0048,-5.8394,-632.94,-201.39,749.00
4.3774,-0.3753,0.2660,-9.9601,-569.52,-294.28,755.65
4.3798,0.1932,0.3845,-6.0444,-586.81,-321.72,765.45
4.3822,0.4353,-0.2469,1.9183,-672.35,-328.93,770.35
4.3846,0.3987,-1.0399,8.2506,-585.20,-343.35,758.59
4.3870,0.4636,0.0229,7.4713,-456.12,-331.45,734.65
4.3894,0.0781,0.9701,0.1371,-553.35,-263.69,742.42
4.3918,-0.5739,0.5929,-6.5573,-549.99,-336.35,742.63
4.3942,-0.2245,0.3128,-7.4254,-522.69,-418.11,748.51
4.3966,0.4255,0.1381,-2.6157,-541.52,-421.54,753.20
4.3990,0.4641,-0.3787,3.8445,-570.92,-417.55,759.29
4.4014,0.2777,-0.5285,6.8579,-471.66,-435.54,743.05
4.4038,0.2328,0.3465,3.8830,-429.03,-413.42,734.93
4.4063,-0.1591,0.7437,-2.2248,-479.08,-391.09,740.11
4.4087,-0.4128,0.4138,-6.0639,-465.99,-458.43,740.95
4.4111,0.0415,0.2464,-4.9073,-449.26,-512.12,743.12
4.4135,0.4846,0.0429,-0.1093,-465.99,-506.87,747.04
4.4159,0.3855,-0.3216,4.3832,-450.94,-500.99,745.01
4.4183,0.1815,-0.1547,4.9190,-374.57,-510.30,732.48
4.4207,0.0488,0.4260,1.2195,-368.20,-494.13,730.94
4.4231,-0.2196,0.5339,-3.2974,-384.79,-499.03,735.42
4.4255,-0.2147,0.3289,-4.9381,-369.74,-552.72,737.87
4.4279,0.2225,0.1923,-2.6806,-357.77,-582.82,738.78
4.4303,0.4641,-0.0166,1.4528,-362.39,-574.28,741.65
4.4327,0.2894,-0.1845,4.0231,-324.03,-568.82,735.00
4.4351,0.0869,0.0781,2.9953,-277.48,-569.66,727.37
4.4375,-0.0654,0.4172,-0.5319,-277.27,-562.80,727.30
4.4399,-0.1825,0.4163,-3.4692,-277.27,-579.74,730.80
4.4423,-0.0278,0.2889,-3.5595,-261.94,-616.56,732.76
4.4447,0.2967,0.1669,-0.9350,-253.82,-629.65,734.93
4.4471,0.3675,-0.0083,2.1716,-240.80,-619.99,734.44
4.4495,0.1859,-0.0459,3.1813,-200.34,-614.39,728.42
4.4519,0.0132,0.1864,1.3967,-172.13,-611.52,724.50
4.4543,-0.1000,0.3626,-1.4850,-169.05,-612.08,725.83
4.4567,-0.1015,0.3343,-3.0661,-160.93,-630.14,728.35
4.4591,0.0937,0.2489,-2.2160,-146.93,-651.42,729.54
4.4615,0.2904,0.1337,0.2582,-135.80,-653.17,730.38
4.4639,0.2621,0.0112,2.2751,-112.56,-643.30,728.07
4.4663,0.0981,0.0464,2.1945,-77.84,-636.16,723.73
4.4688,-0.0405,0.2206,0.2484,-58.87,-632.17,722.61
4.4712,-0.0981,0.3138,-1.8212,-51.31,-636.58,724.50
4.4736,-0.0234,0.2928,-2.3663,-39.48,-650.16,726.60
4.4760,0.1459,0.2269,-1.0555,-25.48,-658.98,727.65
4.4784,0.2381,0.1230,0.9731,-9.45,-654.08,727.16
4.4808,0.1684,0.0512,2.0281,16.73,-643.65,724.15
4.4832,0.0332,0.1108,1.3044,43.75,-635.11,721.56
4.4856,-0.0600,0.2328,-0.4558,58.59,-631.75,721.77
4.4880,-0.0639,0.2894,-1.7436,68.81,-635.53,723.66
4.4904,0.0317,0.2713,-1.5806,81.55,-642.67,725.27
4.4928,0.1493,0.2084,-0.1762,96.11,-642.88,725.97
4.4952,0.1723,0.1225,1.2825,115.15,-633.85,724.92
4.4976,0.0908,0.0878,1.5875,140.07,-622.16,722.40
4.5000,-0.0117,0.1493,0.5710,161.07,-612.92,721.42
4.5024,-0.0644,0.2347,-0.8262,173.88,-609.00,722.19
4.5048,-0.0332,0.2708,-1.4601,184.87,-610.19,723.80
4.5072,0.0561,0.2513,-0.8828,197.61,-610.54,724.85
4.5096,0.1240,0.1884,0.3777,212.94,-604.24,725.20
4.5120,0.1108,0.1186,1.2644,232.89,-592.13,724.08
4.5144,0.0371,0.1108,1.0643,254.45,-579.25,722.61
4.5168,-0.0332,0.1713,0.0190,270.97,-569.17,722.47
4.5192,-0.0508,0.2372,-0.9565,282.52,-563.99,723.59
4.5216,-0.0073,0.2611,-1.0946,293.44,-561.19,725.06
4.5240,0.0566,0.2342,-0.3445,305.76,-555.73,725.90
4.5264,0.0869,0.1747,0.6442,321.09,-544.67,725.69
4.5288,0.0590,0.1279,1.0482,339.50,-530.25,724.64
4.5313,0.0015,0.1357,0.5661,356.93,-516.11,724.01
4.5337,-0.0429,0.1879,-0.3436,369.88,-505.40,724.57
4.5361,-0.0439,0.2377,-0.9184,379.82,-498.26,726.04
4.5385,-0.0034,0.2460,-0.7286,389.83,-491.26,727.16
4.5409,0.0410,0.2103,0.0254,401.59,-480.97,727.65
4.5433,0.0483,0.1591,0.7022,415.94,-466.90,727.37
4.5457,0.0171,0.1308,0.7462,431.55,-451.08,726.88
4.5481,-0.0264,0.1513,0.1581,444.78,-436.17,726.88
4.5505,-0.0512,0.1981,-0.5388,454.65,-424.48,727.72
4.5529,-0.0420,0.2333,-0.7803,462.70,-414.96,729.19
4.5553,-0.0098,0.2323,-0.4075,471.31,-404.39,730.17
4.5577,0.0142,0.1942,0.2416,481.53,-390.88,730.66
4.5601,0.0093,0.1527,0.6202,493.71,-374.71,730.38
4.5625,-0.0181,0.1420,0.4304,505.26,-357.77,730.17
4.5649,-0.0508,0.1679,-0.1386,514.57,-342.58,730.66
4.5673,-0.0673,0.2064,-0.6017,521.43,-329.98,732.06
4.5697,-0.0576,0.2284,-0.5954,527.17,-318.01,733.32
4.5721,-0.0337,0.2137,-0.1591,533.61,-304.71,734.02
4.5745,-0.0190,0.1737,0.3270,541.52,-288.96,734.16
4.5769,-0.0259,0.1435,0.4612,550.27,-271.67,733.95
4.5793,-0.0478,0.1444,0.1518,558.04,-254.59,734.23
4.5817,-0.0703,0.1723,-0.3221,563.50,-238.98,735.21
4.5841,-0.0766,0.2045,-0.5675,567.21,-225.54,736.54
4.5865,-0.0669,0.2113,-0.4070,570.50,-211.96,737.66
4.5889,-0.0537,0.1874,0.0029,574.63,-196.91,738.36
4.5913,-0.0473,0.1527,0.3138,580.02,-180.25,738.50
4.5938,-0.0561,0.1322,0.2708,585.20,-162.61,738.71
4.5962,-0.0737,0.1420,-0.0683,588.84,-145.74,739.48
4.5986,-0.0883,0.1698,-0.4094,590.80,-130.34,740.60
4.6010,-0.0937,0.1874,-0.4812,591.64,-116.27,741.72
4.6034,-0.0849,0.1815,-0.2455,592.55,-101.78,742.70
4.6058,-0.0737,0.1537,0.0859,594.16,-85.82,743.33
4.6082,-0.0703,0.1235,0.2362,596.33,-68.74,743.54
4.6106,-0.0747,0.1171,0.0878,598.01,-51.31,743.96
4.6130,-0.0883,0.1337,-0.2211,597.87,-34.86,744.94
4.6154,-0.1015,0.1557,-0.4309,596.47,-19.88,746.06
4.6178,-0.1020,0.1635,-0.3826,594.58,-5.46,747.04
4.6202,-0.0927,0.1488,-0.1347,592.83,9.66,747.88
4.6226,-0.0834,0.1230,0.0966,591.71,25.83,748.30
4.6250,-0.0805,0.1064,0.1215,590.66,43.05,748.93
4.6274,-0.0844,0.1054,-0.0717,588.70,59.85,749.77
4.6298,-0.0961,0.1181,-0.3152,585.20,75.60,750.68
4.6322,-0.1064,0.1313,-0.4104,580.93,90.44,751.80
4.6346,-0.1069,0.1293,-0.2938,576.31,104.86,752.71
4.6370,-0.0986,0.1103,-0.0791,572.11,120.05,753.48
4.6394,-0.0922,0.0898,0.0473,568.19,135.87,754.04
4.6418,-0.0917,0.0810,-0.0161,563.85,151.83,754.74
4.6442,-0.1005,0.0854,-0.2113,558.39,167.51,755.58
4.6466,-0.1127,0.0961,-0.3802,551.81,181.79,756.70
4.6490,-0.1176,0.1015,-0.3928,544.67,195.44,757.61
4.6514,-0.1157,0.0937,-0.2547,537.39,208.95,758.38
4.6538,-0.1142,0.0698,-0.0927,530.25,223.16,759.01
4.6563,-0.1215,0.0488,-0.0478,523.53,237.58,759.50
4.6587,-0.1254,0.0483,-0.1586,516.04,251.37,760.27
4.6611,-0.1391,0.0571,-0.3240,507.50,264.46,761.18
4.6635,-0.1752,0.0634,-0.4207,497.70,279.65,762.30
4.6659,-0.1791,0.0556,-0.4065,488.11,288.12,762.86
4.6683,-0.1664,0.0356,-0.2733,478.45,301.63,763.91
4.6707,-0.1723,0.0200,-0.1566,468.93,313.81,764.26
4.6731,-0.1830,-0.0024,-0.1664,458.64,326.55,764.82
4.6755,-0.2181,-0.0176,-0.2894,448.56,338.80,765.24
4.6779,-0.2518,-0.0210,-0.4436,436.94,348.74,765.66
4.6803,-0.2845,-0.0420,-0.4895,425.18,359.66,766.29
4.6827,-0.3436,-0.0551,-0.4338,413.77,370.65,766.92
4.6851,-0.4416,-0.0942,-0.3040,400.54,380.31,767.69
4.6875,-0.6354,-0.2225,-0.1742,389.20,387.24,767.76
4.6899,-1.0468,-0.5070,-0.1991,375.27,403.34,767.83
4.6923,-1.7695,-0.8740,-0.4817,364.14,426.16,767.48
4.6947,-2.8431,-1.4259,-0.9233,345.24,443.80,766.50
4.6971,-3.9406,-1.9134,-1.2986,331.52,448.00,764.40
4.6995,-4.9049,-2.1638,-1.6402,315.42,459.27,763.00
4.7019,-6.1996,-2.2912,-1.6358,296.80,500.29,768.25
4.7043,-6.7690,-2.0052,-1.6992,278.95,460.39,767.41
4.7067,-5.8755,-1.1980,-1.7602,264.39,447.65,776.93
4.7091,-4.3969,-0.4695,-1.4430,240.94,448.63,784.35
4.7115,-2.9334,-0.2679,-0.8672,215.88,453.46,791.84
4.7139,-2.0984,-0.2074,0.0429,205.66,474.04,795.62
4.7163,-1.4840,-0.0996,0.3231,195.51,458.71,793.17
4.7188,-1.0546,-0.0449,0.1630,174.79,490.56,796.74
4.7212,-0.9994,-0.0181,-0.4319,161.14,485.52,793.94
4.7236,-0.7945,-0.0166,-0.8901,138.95,471.45,795.83
4.7260,-0.6085,-0.0195,-0.7222,127.75,484.12,794.78
4.7284,-0.6183,0.0039,-0.3523,104.86,487.97,796.25
4.7308,-0.5680,-0.0488,0.1454,91.21,473.34,793.66
4.7332,-0.3928,-0.0488,0.2757,82.74,472.22,792.47
4.7356,-0.2860,0.0054,0.0595,65.17,478.52,791.56
4.7380,-0.2879,0.0166,-0.4231,48.37,481.67,791.21
4.7404,-0.2645,0.0244,-0.7383,33.18,468.72,790.93
4.7428,-0.1542,0.0361,-0.6242,16.31,469.49,791.56
4.7452,-0.1576,-0.0005,-0.2518,-1.40,474.88,792.47
4.7476,-0.1513,-0.0473,0.0952,-11.27,460.53,791.07
4.7500,-0.0376,-0.0283,0.2103,-24.29,458.15,790.51
4.7524,-0.0112,-0.0098,-0.0142,-39.48,464.03,790.16
4.7548,-0.0571,0.0005,-0.4270,-52.22,459.27,790.16
4.7572,-0.0600,0.0264,-0.6466,-66.64,450.59,790.44
4.7596,-0.0420,0.0215,-0.5495,-84.14,448.42,791.00
4.7620,-0.0600,-0.0210,-0.2650,-96.60,445.41,791.00
4.7644,-0.0688,-0.0112,0.0093,-105.84,437.36,790.16
4.7668,-0.0322,0.0283,0.0478,-119.07,431.83,788.97
4.7692,-0.0288,0.0610,-0.2001,-129.71,432.25,788.55
4.7716,-0.0937,0.1454,-0.5104,-139.51,427.77,788.13
4.7740,-0.1610,0.2220,-0.6798,-152.25,420.28,787.29
4.7764,-0.2064,0.2728,-0.6539,-161.21,415.73,786.38
4.7788,-0.1923,0.3919,-0.7774,-150.22,415.17,784.07
4.7813,-0.2757,0.6481,-1.0838,-137.48,425.95,783.02
4.7837,-0.4021,1.0146,-1.7056,-113.26,427.42,779.17
4.7861,-0.4221,1.6319,-2.5742,-74.34,443.10,776.93
4.7885,-0.6559,2.5059,-2.6835,-58.73,452.48,774.13
4.7909,-0.7618,3.3989,-2.8392,-13.37,435.68,761.81
4.7933,-0.6090,4.5584,-3.2301,66.78,443.03,751.59
4.7957,-0.4085,5.7862,-3.4833,116.13,422.17,734.65
4.7981,0.1371,6.2440,-4.4613,168.70,375.62,719.67
4.8005,0.6544,6.1337,-4.8410,252.98,375.34,707.70
4.8029,0.8247,5.3714,-4.3837,286.72,358.12,697.06
4.8053,0.9433,4.0284,-3.3862,316.68,319.48,690.13
4.8077,1.2259,2.9475,-1.3435,348.53,302.82,684.74
4.8101,1.3205,2.2233,0.5617,358.61,330.05,683.90
4.8125,1.0599,1.5704,0.9340,354.48,330.12,679.70
4.8149,1.0941,1.1746,-0.1737,376.04,304.57,672.14
4.8173,1.3366,1.2459,-1.5816,377.09,319.62,671.51
4.8197,1.3440,1.3898,-2.3195,362.95,314.65,669.55
4.8221,1.3679,1.3879,-1.8207,352.94,290.85,665.77
4.8245,1.5762,1.3483,-0.6666,358.89,277.97,658.56
4.8269,1.7670,1.2722,0.2308,355.04,275.31,651.91
4.8293,1.8139,1.1336,0.0439,354.97,271.25,643.16
4.8317,1.7983,1.1107,-1.1507,357.70,253.61,635.74
4.8341,1.8983,1.1883,-2.1038,353.50,230.86,627.76
4.8365,2.0955,1.1673,-2.2555,337.12,218.12,620.69
4.8389,2.2707,1.0580,-1.6602,332.29,188.58,610.19
4.8413,2.6264,0.9731,-0.8179,329.42,158.20,597.38
4.8438,3.1974,0.8838,-0.2928,320.67,148.26,584.36
4.8462,3.5570,0.7876,-0.5998,315.56,148.54,569.73
4.8486,3.5473,0.7505,-1.7300,304.50,126.84,555.66
4.8510,3.7195,0.6525,-2.3902,284.06,92.26,542.08
4.8534,3.9552,0.4758,-1.9564,274.89,106.26,531.44
4.8558,3.8171,0.3533,-0.7886,264.95,99.89,519.12
4.8582,3.6868,0.1669,0.2050,252.21,81.90,503.72
4.8606,3.5170,-0.1005,0.4441,246.40,105.91,494.90
4.8630,2.4019,-0.1215,-0.8481,243.04,119.28,479.64
4.8654,2.1316,-0.1996,-1.0912,229.81,109.27,472.92
4.8678,1.8549,-0.2967,-0.6637,231.28,135.66,471.66
4.8702,1.4684,-0.2850,0.1937,231.00,134.82,466.55
4.8726,1.3571,-0.3109,0.7052,223.79,125.51,460.74
4.8750,1.3532,-0.3860,0.5197,224.84,141.54,456.82
4.8774,1.1531,-0.3382,-0.1776,231.91,163.66,454.44
4.8798,0.9184,-0.2518,-0.7427,219.52,154.49,451.92
4.8822,0.9179,-0.2991,-0.7588,212.10,146.72,448.49
4.8846,0.9043,-0.3426,-0.2713,212.59,163.87,447.16
4.8870,0.7584,-0.3206,0.2713,210.56,166.11,443.52
4.8894,0.7359,-0.3523,0.4128,202.16,159.04,439.39
4.8918,0.7910,-0.4055,0.0761,203.91,168.84,436.31
4.8942,0.7081,-0.3606,-0.4631,201.46,179.13,434.56
4.8966,0.5861,-0.3362,-0.7759,189.84,170.87,432.11
4.8990,0.5944,-0.4021,-0.6529,182.56,164.85,429.80
4.9014,0.6017,-0.4646,-0.1615,183.05,172.48,428.68
4.9038,0.5373,-0.4729,0.2586,179.97,175.35,426.44
4.9063,0.5124,-0.4890,0.2416,174.09,170.94,424.13
4.9087,0.5256,-0.4992,-0.1815,173.25,173.18,422.45
4.9111,0.4646,-0.4665,-0.6544,167.93,178.64,422.24
4.9135,0.3909,-0.4568,-0.7779,158.69,171.01,421.68
4.9159,0.3987,-0.4914,-0.5017,151.27,166.46,421.19
4.9183,0.3982,-0.5095,-0.0571,148.68,168.98,420.42
4.9207,0.3606,-0.4987,0.1259,142.17,168.98,418.95
4.9231,0.3411,-0.4978,-0.0810,135.03,164.22,417.55
4.9255,0.3416,-0.4690,-0.4900,130.41,164.01,416.71
4.9279,0.2860,-0.4080,-0.7696,120.75,164.15,416.92
4.9303,0.2289,-0.3850,-0.6915,110.18,156.87,416.50
4.9327,0.2391,-0.4041,-0.3309,103.32,152.60,415.94
4.9351,0.2416,-0.4065,0.0473,99.54,153.44,414.96
4.9375,0.2094,-0.3865,0.1186,94.50,154.28,413.91
4.9399,0.1845,-0.3762,-0.0898,90.79,152.18,413.00
4.9423,0.1698,-0.3309,-0.3689,89.18,153.09,412.72
4.9447,0.1279,-0.2767,-0.5139,81.13,152.60,413.00
4.9471,0.1235,-0.2962,-0.3831,75.25,146.86,412.58
4.9495,0.1518,-0.3270,-0.0825,74.76,147.77,412.16
4.9519,0.1440,-0.3104,0.1269,71.96,149.73,411.18
4.9543,0.1332,-0.3138,0.0600,66.71,149.03,409.85
4.9567,0.1293,-0.3109,-0.2020,65.87,149.10,409.29
4.9591,0.1083,-0.2757,-0.4314,61.60,149.52,409.01
4.9615,0.0844,-0.2674,-0.4416,55.30,147.49,409.01
4.9639,0.0786,-0.2801,-0.2552,51.17,146.02,408.73
4.9663,0.0986,-0.2928,0.0098,50.54,144.69,408.17
4.9688,0.1088,-0.2830,0.1132,48.02,148.12,406.91
4.9712,0.0849,-0.2889,-0.0547,42.63,148.40,406.28
4.9736,0.0859,-0.2957,-0.3138,41.65,146.30,405.51
4.9760,0.0795,-0.2752,-0.4719,36.33,148.12,405.65
4.9784,0.0605,-0.2801,-0.4236,28.84,145.46,405.37
4.9808,0.0771,-0.3060,-0.2381,25.06,143.85,404.88
4.9832,0.0922,-0.3240,-0.0610,21.77,144.06,404.11
4.9856,0.0966,-0.3211,-0.0532,17.15,144.83,403.13
4.9880,0.0878,-0.3226,-0.2259,11.55,145.11,402.50
4.9904,0.0854,-0.3201,-0.4133,8.19,142.94,402.01
4.9928,0.0874,-0.3118,-0.4631,1.68,143.08,401.87
4.9952,0.0839,-0.3396,-0.3465,-3.78,141.33,401.38
4.9976,0.0913,-0.3704,-0.1786,-7.84,140.21,400.68
5.0000,0.0898,-0.4099,-0.1025,-12.88,140.28,399.77
5.0024,0.0810,-0.4333,-0.1923,-16.73,140.14,399.35
5.0048,0.0703,-0.4294,-0.3806,-21.91,138.95,398.93
5.0072,0.0683,-0.4343,-0.5134,-28.98,136.43,398.93
5.0096,0.0708,-0.4631,-0.5041,-36.54,134.96,399.07
5.0120,0.0664,-0.5090,-0.3753,-41.86,133.00,398.79
5.0144,0.0649,-0.5754,-0.2347,-48.37,130.55,398.44
5.0168,0.0786,-0.6051,-0.2611,-55.02,129.43,397.67
5.0192,0.0776,-0.6134,-0.5080,-66.78,131.67,397.74
5.0216,0.0561,-0.6486,-0.7276,-74.55,128.73,397.81
5.0240,0.0756,-0.6456,-0.7354,-82.18,124.11,398.02
5.0264,0.1083,-0.6656,-0.5207,-91.49,122.50,397.95
5.0288,0.1025,-0.7471,-0.1976,-95.41,121.73,397.95
5.0313,0.0981,-0.7535,-0.0254,-94.22,118.09,396.69
5.0337,0.1005,-0.7203,-0.1742,-102.13,118.72,396.34
5.0361,0.0747,-0.7662,-0.4860,-107.17,118.09,396.55
5.0385,0.0634,-0.7813,-0.6568,-105.77,112.14,396.97
5.0409,0.0732,-0.7730,-0.5417,-112.42,109.13,397.53
5.0433,0.0766,-0.8213,-0.3152,-119.07,108.01,397.46
5.0457,0.0771,-0.8701,-0.1586,-118.86,104.51,397.04
5.0481,0.0956,-0.8584,-0.1586,-119.00,102.06,396.06
5.0505,0.0956,-0.8394,-0.3523,-125.72,103.04,395.78
5.0529,0.0737,-0.8545,-0.5744,-129.36,99.96,395.43
5.0553,0.0766,-0.8428,-0.6227,-131.11,94.71,394.94
5.0577,0.0849,-0.8115,-0.4846,-137.62,92.54,394.38
5.0601,0.0781,-0.8067,-0.3314,-144.06,90.37,393.40
5.0625,0.0810,-0.7818,-0.2596,-145.18,85.82,391.93
5.0649,0.0878,-0.7091,-0.3011,-147.91,84.63,390.46
5.0673,0.0634,-0.6676,-0.4285,-155.05,83.79,389.27
5.0697,0.0307,-0.6520,-0.5446,-159.04,79.17,388.08
5.0721,0.0190,-0.6139,-0.5358,-162.47,74.41,387.31
5.0745,0.0117,-0.5978,-0.4050,-168.14,72.03,386.33
5.0769,0.0000,-0.5802,-0.2821,-170.87,69.44,385.07
5.0793,-0.0229,-0.5485,-0.2528,-174.02,67.62,384.09
5.0817,-0.0415,-0.5168,-0.3172,-176.89,63.56,382.97
5.0841,-0.0390,-0.4782,-0.4343,-180.81,61.46,382.34
5.0865,-0.0537,-0.4621,-0.4704,-184.03,59.36,382.13
5.0889,-0.0581,-0.4368,-0.3992,-185.99,55.44,381.36
5.0913,-0.0571,-0.4070,-0.2860,-189.98,54.25,380.94
5.0938,-0.0644,-0.4177,-0.2162,-192.57,51.24,379.89
5.0962,-0.0576,-0.4202,-0.2206,-192.57,49.42,379.54
5.0986,-0.0527,-0.3889,-0.2845,-193.90,47.39,378.56
5.1010,-0.0595,-0.3826,-0.3601,-197.19,45.22,377.93
5.1034,-0.0556,-0.3782,-0.3982,-198.38,43.26,376.74
5.1058,-0.0630,-0.3655,-0.3621,-200.97,42.07,376.32
5.1082,-0.0747,-0.3924,-0.3113,-203.56,40.25,374.36
5.1106,-0.0815,-0.3850,-0.3201,-206.01,41.58,373.45
5.1130,-0.0961,-0.3460,-0.3875,-208.81,40.25,371.77
5.1154,-0.1064,-0.3211,-0.4202,-211.96,37.10,371.14
5.1178,-0.0903,-0.3030,-0.4021,-216.02,33.04,369.39
5.1202,-0.0781,-0.3011,-0.3924,-220.15,34.93,368.83
5.1226,-0.1064,-0.3138,-0.3645,-223.44,32.62,367.36
5.1250,-0.0986,-0.3255,-0.3567,-226.52,27.93,366.03
5.1274,-0.0815,-0.3362,-0.3723,-231.14,29.61,364.56
5.1298,-0.1113,-0.3465,-0.4353,-234.85,30.03,363.16
5.1322,-0.1332,-0.3582,-0.4729,-239.33,26.95,361.55
5.1346,-0.1288,-0.3577,-0.4982,-244.37,26.74,359.87
5.1370,-0.1396,-0.3543,-0.5217,-251.93,28.56,358.54
5.1394,-0.1552,-0.3616,-0.5207,-256.20,28.00,356.86
5.1418,-0.1562,-0.3465,-0.4826,-261.59,26.04,355.46
5.1442,-0.1479,-0.3284,-0.4382,-267.26,26.25,353.85
5.1466,-0.1693,-0.3172,-0.4514,-273.91,29.05,352.66
5.1490,-0.1981,-0.3021,-0.4919,-278.67,26.18,351.19
5.1514,-0.1923,-0.2845,-0.5329,-285.18,25.69,350.07
5.1538,-0.2011,-0.2835,-0.5436,-292.32,27.37,349.23
5.1563,-0.1932,-0.2762,-0.5295,-298.20,24.99,347.97
5.1587,-0.1527,-0.2660,-0.4753,-304.15,23.38,346.78
5.1611,-0.1420,-0.2552,-0.3909,-308.49,23.59,345.45
5.1635,-0.1547,-0.2455,-0.3362,-312.97,22.96,344.05
5.1659,-0.1747,-0.2269,-0.3294,-316.47,21.84,342.79
5.1683,-0.1835,-0.1947,-0.3943,-321.72,19.25,341.81
5.1707,-0.1776,-0.1840,-0.4665,-326.69,17.71,341.46
5.1731,-0.1918,-0.1723,-0.4324,-328.23,17.15,341.04
5.1755,-0.1962,-0.1523,-0.3294,-332.78,12.46,340.62
5.1779,-0.1732,-0.1488,-0.2655,-337.40,11.83,340.34
5.1803,-0.1742,-0.1376,-0.2816,-339.71,12.81,340.34
5.1827,-0.1864,-0.1098,-0.3626,-343.42,9.73,340.27
5.1851,-0.1752,-0.0937,-0.4290,-349.02,7.98,340.62
5.1875,-0.1654,-0.0898,-0.4431,-352.73,7.56,340.90
5.1899,-0.1581,-0.0776,-0.3836,-356.44,5.18,341.25
5.1923,-0.1288,-0.0669,-0.3104,-361.27,4.20,341.39
5.1947,-0.1176,-0.0727,-0.2889,-365.40,5.18,341.74
5.1971,-0.1342,-0.0698,-0.2967,-366.17,4.06,341.74
5.1995,-0.1288,-0.0434,-0.3606,-369.88,4.13,341.60
5.2019,-0.1391,-0.0415,-0.4597,-375.97,8.61,342.09
5.2043,-0.1669,-0.0522,-0.5183,-377.02,8.47,341.95
5.2067,-0.1747,-0.0307,-0.5036,-380.17,10.01,341.67
5.2091,-0.2006,-0.0551,-0.5222,-387.94,21.21,341.39
5.2115,-0.2567,-0.0644,-0.6398,-386.89,25.97,340.41
5.2139,-0.2786,0.0054,-0.7837,-389.27,32.90,339.71
5.2163,-0.2572,0.1215,-1.0512,-395.50,54.18,338.94
5.2188,-0.6120,0.1254,-1.1317,-396.83,84.00,343.70
5.2212,-0.7252,0.1464,-1.2527,-374.43,55.65,335.30
5.2236,-0.8032,0.5222,-1.2556,-384.44,127.05,344.26
5.2260,-1.5528,0.5100,-1.5645,-391.37,157.08,336.28
5.2284,-1.9291,0.8682,-2.5991,-322.21,160.51,335.51
5.2308,-2.5493,1.8437,-2.8436,-307.79,256.83,337.05
5.2332,-3.1305,1.9954,-4.1460,-286.30,269.08,323.40
5.2356,-3.0544,2.0774,-5.1450,-209.65,328.86,326.20
5.2380,-3.0441,2.5112,-4.7639,-146.79,383.32,313.88
5.2404,-2.6445,2.4176,-4.2920,-124.46,379.47,307.09
5.2428,-1.9998,2.0472,-2.7684,-53.34,404.67,297.36
5.2452,-1.4933,1.9086,-1.5304,2.38,418.32,288.47
5.2476,-1.0858,1.8022,-0.9579,29.96,413.21,277.55
5.2500,-0.6651,1.4918,-1.5699,58.17,407.61,265.86
5.2524,-0.4138,1.4455,-2.4922,108.50,407.61,261.80
5.2548,-0.3577,1.7358,-2.4532,121.45,393.47,252.70
5.2572,-0.2533,1.7871,-2.0106,129.50,375.55,243.04
5.2596,-0.0913,1.8373,-1.4284,171.64,337.47,228.34
5.2620,0.2791,2.0794,-1.1536,207.34,313.88,212.45
5.2644,0.3841,2.2463,-1.5997,207.90,309.47,199.29
5.2668,0.4943,2.2126,-2.3190,221.20,238.70,182.77
5.2692,0.9018,2.1711,-2.5108,245.77,226.17,169.61
5.2716,0.7403,2.3087,-2.3322,256.06,212.80,155.26
5.2740,0.7998,2.1643,-1.8163,241.50,123.27,136.85
5.2764,1.2332,1.8149,-1.2058,262.92,125.30,122.22
5.2788,1.0019,1.7280,-1.0311,262.99,120.47,111.09
5.2813,0.9067,1.5270,-1.1244,245.84,56.35,96.04
5.2837,1.0716,1.2600,-1.3552,242.69,52.57,86.80
5.2861,0.9091,1.1356,-1.4655,235.41,42.63,78.75
5.2885,0.7886,0.9531,-1.2010,216.79,14.56,70.63
5.2909,0.7671,0.7013,-0.8316,206.08,-4.20,63.28
5.2933,0.7569,0.5632,-0.5773,200.55,-16.66,56.84
5.2957,0.6734,0.5197,-0.5212,187.18,-15.47,51.80
5.2981,0.5334,0.4372,-0.6934,168.84,-33.46,46.34
5.3005,0.5617,0.3314,-0.8677,160.72,-48.02,41.58
5.3029,0.5549,0.3089,-0.8150,151.48,-43.19,39.27
5.3053,0.4504,0.2782,-0.5729,134.05,-48.86,35.77
5.3077,0.4187,0.2045,-0.3255,124.39,-57.82,32.20
5.3101,0.4304,0.1893,-0.2313,117.53,-60.13,28.77
5.3125,0.4026,0.1952,-0.3518,105.35,-57.19,26.11
5.3149,0.3299,0.1664,-0.5510,92.40,-59.92,23.73
5.3173,0.3182,0.1279,-0.6422,84.98,-66.92,21.28
5.3197,0.3362,0.1254,-0.5290,74.69,-65.17,19.81
5.3221,0.3035,0.0981,-0.3318,61.60,-63.56,17.50
5.3245,0.2801,0.0527,-0.2289,53.69,-66.57,15.33
5.3269,0.2840,0.0400,-0.2328,46.69,-66.64,13.23
5.3293,0.2689,0.0517,-0.3816,36.05,-63.21,11.41
5.3317,0.2318,0.0532,-0.5656,23.17,-63.63,10.15
5.3341,0.2245,0.0268,-0.5768,15.89,-66.92,8.75
5.3365,0.2357,0.0249,-0.3792,9.17,-64.75,7.70
5.3389,0.2225,0.0068,-0.1591,-0.84,-62.65,6.02
5.3413,0.2113,-0.0351,-0.1127,-7.21,-63.07,4.20
5.3438,0.2103,-0.0434,-0.2328,-11.83,-61.53,2.66
5.3462,0.1879,-0.0317,-0.4299,-19.53,-58.17,1.82
5.3486,0.1542,-0.0420,-0.5510,-28.21,-59.22,0.84
5.3510,0.1557,-0.0659,-0.5056,-34.16,-61.60,-0.21
5.3534,0.1771,-0.0742,-0.3782,-41.16,-57.96,-1.12
5.3558,0.1562,-0.0913,-0.3050,-48.86,-52.50,-2.03
5.3582,0.1322,-0.1049,-0.3338,-54.04,-54.53,-3.29
5.3606,0.1464,-0.0898,-0.3963,-59.01,-53.97,-4.06
5.3630,0.1264,-0.0903,-0.4719,-65.66,-49.63,-4.69
5.3654,0.1059,-0.0864,-0.5305,-70.35,-53.20,-5.53
5.3678,0.1235,-0.0839,-0.5368,-75.74,-51.52,-5.95
5.3702,0.1132,-0.0581,-0.5104,-79.73,-50.47,-6.23
5.3726,0.0986,-0.0610,-0.5051,-87.29,-50.89,-6.51
5.3750,0.1039,-0.0542,-0.4968,-87.57,-52.29,-6.86
5.3774,0.0942,-0.0346,-0.5305,-94.22,-48.86,-6.86
5.3798,0.0698,-0.0620,-0.5236,-98.14,-51.59,-6.65
5.3822,0.0839,-0.0756,-0.5217,-101.85,-52.85,-6.79
5.3846,0.0883,-0.0551,-0.5236,-103.04,-51.52,-5.95
5.3870,0.0737,-0.0786,-0.5397,-112.14,-50.26,-5.74
5.3894,0.0503,-0.1127,-0.6466,-112.21,-52.15,-5.25
5.3918,0.0556,-0.0986,-0.6676,-119.21,-54.88,-4.48
5.3942,0.0712,-0.0976,-0.6783,-121.73,-52.92,-3.92
5.3966,0.0659,-0.1015,-0.6983,-124.18,-54.74,-3.29
5.3990,0.1742,-0.2391,-0.9706,-120.26,-53.27,-3.85
5.4014,0.0371,-0.0659,-0.8276,-118.09,-40.60,-0.14
5.4038,-0.0493,-0.0483,-0.6803,-146.65,-77.07,-4.55
5.4063,0.2050,-0.2235,-0.9731,-120.96,-62.02,-2.17
5.4087,0.0088,0.0293,-0.9536,-116.20,-39.55,0.70
5.4111,-0.1264,0.0473,-1.2800,-136.50,-77.63,-2.17
5.4135,0.0986,-0.1161,-1.6377,-122.08,-71.26,0.49
5.4159,-0.0039,-0.0244,-1.5489,-106.75,-62.23,2.52
5.4183,-0.0205,-0.0205,-1.6358,-115.22,-86.80,1.89
5.4207,0.2133,-0.0742,-2.0008,-90.93,-68.32,3.22
5.4231,-0.0395,0.1083,-2.0052,-73.43,-52.15,7.00
5.4255,-0.1425,0.1962,-2.1150,-68.88,-104.37,1.61
5.4279,0.1728,0.1898,-2.3717,-50.82,-85.26,4.13
5.4303,0.0322,0.2552,-2.7396,-26.67,-44.10,3.92
5.4327,-0.2826,0.3899,-2.8304,-15.05,-66.85,4.13
5.4351,-0.1527,0.3826,-2.3292,-5.39,-88.13,-0.35
5.4375,0.0508,0.3460,-1.9827,11.34,-46.83,0.91
5.4399,-0.2108,0.4202,-1.7387,20.23,-14.49,1.75
5.4423,-0.4075,0.4431,-1.7075,21.49,-33.39,-0.49
5.4447,-0.1976,0.3982,-1.6397,18.13,-33.81,0.07
5.4471,-0.1488,0.3323,-1.4830,24.08,8.96,2.45
5.4495,-0.3826,0.3362,-1.2478,24.92,8.40,3.15
5.4519,-0.3050,0.3055,-0.9526,21.98,-12.74,1.33
5.4543,-0.1279,0.2440,-0.7837,23.66,13.93,2.87
5.4567,-0.2596,0.2430,-0.7774,27.30,28.91,3.01
5.4591,-0.3192,0.2582,-0.8623,24.50,11.55,1.75
5.4615,-0.1679,0.2313,-0.8735,21.28,13.58,1.61
5.4639,-0.1449,0.1986,-0.8252,21.21,33.18,2.45
5.4663,-0.2689,0.1908,-0.6666,21.28,30.31,2.17
5.4688,-0.2084,0.1850,-0.5158,19.81,15.68,0.28
5.4712,-0.0976,0.1562,-0.5222,17.36,31.85,0.98
5.4736,-0.2001,0.1313,-0.6422,18.48,39.06,0.77
5.4760,-0.2357,0.1288,-0.7330,16.59,21.63,0.00
5.4784,-0.1240,0.0996,-0.7354,13.30,22.68,0.14
5.4808,-0.1391,0.0659,-0.7393,12.95,32.76,1.26
5.4832,-0.2001,0.0737,-0.7003,13.23,22.82,0.77
5.4856,-0.1352,0.0649,-0.6759,9.38,14.77,0.49
5.4880,-0.0844,0.0366,-0.7208,7.70,19.88,0.77
5.4904,-0.1230,0.0283,-0.8394,7.49,19.95,1.05
5.4928,-0.1215,0.0351,-0.9384,6.37,9.10,0.98
5.4952,-0.0381,0.0337,-0.9814,2.94,5.39,1.12
5.4976,-0.0044,0.0181,-0.9941,2.24,8.19,1.82
