# throw_id=4,class=backhand,name=,samples=1963,sample_rate_hz=416.0,dropped=0,peak_accel_g=24.1732,peak_gyro_dps=2585.00
time_s,ax_g,ay_g,az_g,gx_dps,gy_dps,gz_dps
0.0000,0.2996,0.2791,-1.5304,18.62,-36.54,-99.82
0.0024,0.2869,0.3113,-1.4967,20.44,-32.97,-99.61
0.0048,0.2923,0.3250,-1.4723,22.82,-29.75,-99.54
0.0072,0.3157,0.3265,-1.4523,25.13,-25.41,-99.33
0.0096,0.3318,0.3074,-1.4630,27.86,-20.72,-99.19
0.0120,0.3274,0.2772,-1.4933,31.85,-18.48,-98.63
0.0144,0.3270,0.2645,-1.5348,34.72,-16.80,-97.93
0.0168,0.3123,0.2416,-1.6045,33.81,-14.14,-96.60
0.0192,0.2816,0.2142,-1.6504,35.21,-14.35,-94.99
0.0216,0.2577,0.2211,-1.6738,35.70,-14.28,-93.10
0.0240,0.2372,0.2289,-1.6734,33.25,-15.05,-91.00
0.0264,0.2250,0.2191,-1.6421,31.99,-16.10,-88.90
0.0288,0.2186,0.2142,-1.5797,31.78,-17.43,-86.66
0.0313,0.2230,0.2103,-1.5035,29.82,-19.25,-84.63
0.0337,0.2367,0.1962,-1.4577,29.26,-20.65,-82.74
0.0361,0.2513,0.1908,-1.4391,30.10,-22.96,-80.85
0.0385,0.2630,0.1986,-1.4376,30.24,-24.57,-79.17
0.0409,0.2733,0.2045,-1.4450,29.82,-27.30,-77.84
0.0433,0.2865,0.2006,-1.4401,30.38,-30.73,-76.58
0.0457,0.3055,0.1986,-1.4113,30.94,-34.37,-75.60
0.0481,0.3250,0.1854,-1.3791,29.82,-37.59,-74.69
0.0505,0.3377,0.1610,-1.3537,28.98,-41.30,-73.78
0.0529,0.3499,0.1469,-1.3440,28.56,-44.94,-73.15
0.0553,0.3645,0.1444,-1.3459,26.60,-48.44,-72.38
0.0577,0.3772,0.1318,-1.3537,24.85,-52.01,-71.89
0.0601,0.3816,0.1186,-1.3571,23.94,-55.16,-71.40
0.0625,0.3831,0.1240,-1.3586,23.03,-58.80,-71.26
0.0649,0.3880,0.1274,-1.3644,21.56,-62.65,-71.26
0.0673,0.4026,0.1303,-1.3615,21.14,-66.01,-71.54
0.0697,0.4016,0.1322,-1.3635,20.93,-68.11,-71.75
0.0721,0.3772,0.1313,-1.3786,20.02,-71.26,-72.38
0.0745,0.3699,0.1196,-1.3957,18.48,-74.62,-72.94
0.0769,0.3728,0.1093,-1.3991,18.76,-76.65,-73.57
0.0793,0.3694,0.1142,-1.3869,18.27,-79.03,-74.20
0.0817,0.3689,0.1225,-1.3884,17.50,-81.06,-74.69
0.0841,0.3767,0.1303,-1.4079,17.15,-83.51,-75.39
0.0865,0.3880,0.1444,-1.4215,17.50,-84.84,-75.95
0.0889,0.3909,0.1625,-1.4279,17.15,-86.10,-76.58
0.0913,0.3928,0.1674,-1.4172,16.45,-87.92,-77.14
0.0938,0.4026,0.1688,-1.3898,16.87,-88.76,-77.77
0.0962,0.4070,0.1728,-1.3664,17.01,-89.67,-78.54
0.0986,0.4114,0.1771,-1.3557,17.15,-90.86,-79.45
0.1010,0.4211,0.1762,-1.3620,17.15,-91.63,-80.29
0.1034,0.4265,0.1762,-1.3718,17.99,-92.54,-81.34
0.1058,0.4319,0.1786,-1.3659,18.27,-93.66,-82.53
0.1082,0.4460,0.1728,-1.3347,18.34,-94.78,-83.79
0.1106,0.4616,0.1649,-1.2878,19.18,-95.48,-85.19
0.1130,0.4641,0.1591,-1.2424,19.88,-95.76,-86.66
0.1154,0.4656,0.1566,-1.2083,20.72,-96.81,-88.34
0.1178,0.4734,0.1571,-1.1966,20.65,-97.44,-90.16
0.1202,0.4748,0.1537,-1.1941,21.49,-97.72,-91.98
0.1226,0.4743,0.1537,-1.1775,21.91,-98.56,-93.87
0.1250,0.4753,0.1523,-1.1434,21.84,-99.40,-96.04
0.1274,0.4714,0.1425,-1.1073,21.84,-99.96,-98.14
0.1298,0.4592,0.1327,-1.0795,22.19,-100.31,-100.10
0.1322,0.4455,0.1269,-1.0575,22.05,-100.87,-101.99
0.1346,0.4353,0.1215,-1.0385,21.63,-101.22,-104.16
0.1370,0.4236,0.1205,-1.0238,21.98,-101.36,-105.98
0.1394,0.4133,0.1240,-1.0038,22.26,-101.43,-107.87
0.1418,0.3997,0.1303,-0.9819,22.33,-100.66,-109.62
0.1442,0.3811,0.1362,-0.9643,22.61,-100.24,-111.16
0.1466,0.3675,0.1401,-0.9570,23.24,-99.47,-112.56
0.1490,0.3475,0.1488,-0.9706,23.80,-98.28,-113.89
0.1514,0.3226,0.1537,-0.9926,23.73,-97.86,-114.66
0.1538,0.3016,0.1518,-1.0053,23.87,-96.74,-115.43
0.1563,0.2791,0.1518,-0.9994,24.08,-95.34,-115.99
0.1587,0.2577,0.1537,-0.9858,24.15,-94.29,-116.48
0.1611,0.2401,0.1498,-0.9784,24.15,-93.17,-116.90
0.1635,0.2279,0.1479,-0.9745,24.78,-91.28,-117.25
0.1659,0.2225,0.1484,-0.9819,24.85,-89.25,-117.46
0.1683,0.2303,0.1459,-0.9897,25.34,-88.06,-117.67
0.1707,0.2562,0.1498,-0.9765,25.97,-86.38,-117.74
0.1731,0.2996,0.1542,-0.9511,26.18,-84.56,-117.74
0.1755,0.3333,0.1620,-0.9252,26.81,-82.32,-117.46
0.1779,0.3387,0.1645,-0.9126,27.65,-79.66,-117.39
0.1803,0.3616,0.1547,-0.9033,27.86,-78.68,-117.46
0.1827,0.3919,0.1469,-0.8838,27.93,-76.72,-117.32
0.1851,0.3870,0.1415,-0.8555,27.86,-73.43,-117.53
0.1875,0.3723,0.1327,-0.8272,28.77,-71.96,-118.37
0.1899,0.3719,0.1235,-0.8047,28.98,-71.19,-119.28
0.1923,0.3904,0.1054,-0.7930,28.91,-70.28,-120.47
0.1947,0.3992,0.0893,-0.7871,29.75,-66.64,-121.80
0.1971,0.4016,0.0908,-0.7647,30.24,-66.64,-123.48
0.1995,0.4372,0.0942,-0.7271,29.89,-66.50,-125.23
0.2019,0.4773,0.0937,-0.6856,29.96,-63.49,-126.84
0.2043,0.5129,0.0976,-0.6456,30.80,-61.81,-128.45
0.2067,0.5524,0.1161,-0.5924,30.17,-60.69,-129.71
0.2091,0.5695,0.1249,-0.5553,29.47,-56.70,-131.11
0.2115,0.5534,0.1327,-0.5456,31.29,-53.20,-132.58
0.2139,0.5510,0.1523,-0.5427,31.15,-53.55,-134.68
0.2163,0.5890,0.1508,-0.5348,29.82,-52.43,-136.85
0.2188,0.6149,0.1371,-0.5183,30.10,-48.23,-139.16
0.2212,0.6173,0.1337,-0.4958,30.94,-46.34,-141.75
0.2236,0.6324,0.1376,-0.4748,30.24,-45.71,-144.41
0.2260,0.6539,0.1322,-0.4592,30.17,-43.12,-147.00
0.2284,0.6647,0.1444,-0.4275,31.92,-40.39,-149.59
0.2308,0.6647,0.1728,-0.3831,31.71,-38.57,-152.39
0.2332,0.6744,0.1928,-0.3499,31.43,-36.89,-155.40
0.2356,0.6895,0.2147,-0.3309,32.41,-34.09,-158.20
0.2380,0.6959,0.2450,-0.3314,33.74,-32.48,-161.21
0.2404,0.7164,0.2757,-0.3216,33.25,-31.50,-163.94
0.2428,0.7462,0.2743,-0.2952,32.76,-27.86,-166.53
0.2452,0.7579,0.2674,-0.2630,35.14,-25.69,-168.70
0.2476,0.7818,0.2933,-0.2128,37.24,-25.69,-171.36
0.2500,0.8111,0.3133,-0.1830,37.52,-22.05,-173.53
0.2524,0.8028,0.3231,-0.1747,38.99,-18.83,-175.77
0.2548,0.7876,0.3411,-0.1640,41.02,-18.06,-178.29
0.2572,0.7862,0.3650,-0.1474,42.28,-16.87,-180.95
0.2596,0.7901,0.3743,-0.1347,43.05,-15.40,-183.54
0.2620,0.7881,0.3841,-0.1171,45.43,-13.72,-186.13
0.2644,0.7813,0.3987,-0.0752,46.97,-13.02,-188.72
0.2668,0.7788,0.4046,-0.0234,47.46,-11.62,-191.31
0.2692,0.7720,0.4080,0.0200,48.72,-10.08,-193.76
0.2716,0.7696,0.4128,0.0454,49.77,-9.73,-196.21
0.2740,0.7725,0.4182,0.0590,50.40,-8.75,-198.45
0.2764,0.7613,0.4260,0.0761,51.03,-7.14,-200.48
0.2788,0.7593,0.4407,0.1122,51.59,-6.86,-202.37
0.2813,0.7764,0.4548,0.1581,52.43,-7.21,-203.91
0.2837,0.7696,0.4699,0.1835,53.90,-4.83,-205.24
0.2861,0.7222,0.4895,0.1908,56.28,-3.15,-206.71
0.2885,0.6773,0.5134,0.2084,57.82,-3.99,-208.25
0.2909,0.6608,0.5168,0.2601,58.17,-4.34,-209.58
0.2933,0.6373,0.5080,0.3192,60.62,-1.96,-210.63
0.2957,0.5871,0.5202,0.3611,63.56,-1.05,-211.33
0.2981,0.5612,0.5373,0.3845,65.17,-2.87,-211.89
0.3005,0.5407,0.5436,0.3865,67.34,-1.05,-211.89
0.3029,0.4914,0.5641,0.3821,69.93,-0.35,-211.54
0.3053,0.4353,0.5710,0.3963,71.54,-1.33,-210.70
0.3077,0.3548,0.5656,0.4573,76.02,0.42,-208.95
0.3101,0.2552,0.5666,0.5661,79.73,1.33,-206.36
0.3125,0.1806,0.5607,0.6856,83.23,-0.07,-203.28
0.3149,0.1527,0.5641,0.7359,86.24,-0.56,-199.85
0.3173,0.1532,0.5778,0.6666,88.48,0.28,-196.21
0.3197,0.1752,0.5939,0.5119,89.04,-0.77,-192.85
0.3221,0.2518,0.6085,0.3762,87.71,-3.29,-189.63
0.3245,0.3758,0.6120,0.3650,85.33,-3.08,-187.11
0.3269,0.4895,0.5793,0.4553,83.65,-1.26,-185.57
0.3293,0.5876,0.5290,0.5519,83.93,-1.89,-185.29
0.3317,0.6744,0.3855,0.5758,83.16,-0.28,-186.06
0.3341,0.7501,0.3040,0.5075,88.48,2.31,-186.62
0.3365,0.8418,0.3606,0.4421,84.28,5.32,-188.51
0.3389,0.9384,0.4143,0.4109,85.40,7.84,-191.94
0.3413,1.0424,0.4738,0.4221,85.96,8.12,-195.65
0.3438,1.1561,0.5314,0.5017,85.89,12.53,-200.06
0.3462,1.2141,0.5495,0.5602,82.95,20.79,-204.05
0.3486,1.2424,0.5383,0.5763,85.61,22.54,-208.74
0.3510,1.2805,0.5436,0.5666,87.15,28.42,-212.59
0.3534,1.2766,0.5251,0.4978,87.50,35.28,-216.09
0.3558,1.2493,0.4943,0.4133,89.88,38.43,-219.24
0.3582,1.2351,0.4821,0.3899,93.80,41.65,-221.97
0.3606,1.2254,0.4929,0.4275,95.69,46.62,-224.56
0.3630,1.1961,0.4885,0.4817,97.37,51.52,-227.64
0.3654,1.1673,0.4826,0.5192,99.89,53.90,-230.86
0.3678,1.1746,0.4958,0.5461,101.01,57.19,-234.01
0.3702,1.1863,0.5051,0.5763,101.36,64.12,-237.37
0.3726,1.1888,0.5197,0.6305,100.73,67.41,-240.59
0.3750,1.2259,0.5202,0.7130,99.96,70.84,-244.02
0.3774,1.2605,0.5095,0.7950,100.80,78.19,-247.17
0.3798,1.2693,0.4978,0.8320,101.15,83.30,-250.67
0.3822,1.2893,0.4802,0.8076,101.99,86.94,-253.82
0.3846,1.3083,0.4763,0.7320,103.95,92.47,-256.97
0.3870,1.3083,0.4904,0.6364,105.35,97.16,-259.63
0.3894,1.3196,0.5114,0.5788,105.98,99.54,-262.36
0.3918,1.3400,0.5295,0.5700,106.82,103.46,-265.09
0.3942,1.3444,0.5475,0.5929,108.08,108.01,-267.82
0.3966,1.3415,0.5607,0.6217,108.78,111.79,-270.69
0.3990,1.3410,0.5622,0.6232,109.41,115.71,-273.70
0.4014,1.3371,0.5592,0.5910,110.74,120.12,-276.57
0.4038,1.3337,0.5661,0.5514,112.35,123.76,-279.37
0.4063,1.3357,0.5719,0.5251,113.26,127.75,-281.96
0.4087,1.3410,0.5802,0.5100,114.38,131.39,-284.34
0.4111,1.3571,0.5954,0.4997,115.15,134.82,-286.51
0.4135,1.3771,0.6124,0.4807,115.92,139.09,-288.61
0.4159,1.3957,0.6324,0.4494,115.64,142.66,-290.64
0.4183,1.4215,0.6422,0.4187,114.38,146.44,-292.39
0.4207,1.4430,0.6398,0.3899,113.26,150.78,-293.93
0.4231,1.4542,0.6339,0.3640,112.49,154.35,-295.61
0.4255,1.4699,0.6271,0.3387,112.00,157.43,-297.36
0.4279,1.4874,0.6222,0.3133,111.37,160.79,-299.11
0.4303,1.5006,0.6207,0.2801,110.46,163.59,-301.00
0.4327,1.5143,0.6256,0.2391,109.83,165.20,-303.10
0.4351,1.5309,0.6393,0.2015,109.20,166.04,-305.27
0.4375,1.5528,0.6554,0.1688,107.59,166.46,-307.51
0.4399,1.5840,0.6627,0.1586,105.28,165.55,-309.61
0.4423,1.6167,0.6539,0.1498,103.81,164.64,-311.50
0.4447,1.6363,0.6515,0.1254,102.90,163.10,-313.39
0.4471,1.6621,0.6539,0.1044,100.10,159.74,-315.14
0.4495,1.6943,0.6476,0.0810,97.30,157.22,-316.96
0.4519,1.7226,0.6407,0.0503,95.41,152.74,-318.92
0.4543,1.7607,0.6364,0.0342,92.68,147.49,-320.53
0.4567,1.7890,0.6256,0.0307,89.18,143.57,-322.21
0.4591,1.7997,0.6110,0.0278,86.10,138.53,-323.89
0.4615,1.8173,0.6017,0.0303,82.95,132.37,-325.71
0.4639,1.8373,0.5978,0.0273,78.96,127.61,-327.46
0.4663,1.8476,0.5895,0.0044,74.06,122.92,-328.93
0.4688,1.8627,0.5734,-0.0322,69.23,117.39,-330.33
0.4712,1.8876,0.5607,-0.0708,64.96,112.21,-331.59
0.4736,1.9139,0.5588,-0.1005,60.62,107.94,-332.64
0.4760,1.9364,0.5627,-0.1230,56.21,104.44,-333.48
0.4784,1.9593,0.5680,-0.1527,52.43,101.15,-334.39
0.4808,1.9940,0.5841,-0.1976,49.14,98.07,-335.30
0.4832,2.0364,0.6071,-0.2586,45.78,96.46,-336.14
0.4856,2.0760,0.6212,-0.3367,42.98,94.99,-336.70
0.4880,2.1223,0.6334,-0.4104,40.67,93.59,-337.12
0.4904,2.1711,0.6461,-0.4675,38.71,93.59,-337.47
0.4928,2.2184,0.6539,-0.5187,37.10,93.73,-337.40
0.4952,2.2765,0.6647,-0.5714,35.84,93.66,-337.33
0.4976,2.3375,0.6822,-0.6329,34.86,94.99,-336.84
0.5000,2.3858,0.6969,-0.7096,34.23,96.81,-336.49
0.5024,2.4273,0.7037,-0.7959,33.60,98.07,-335.79
0.5048,2.4742,0.7003,-0.8774,32.83,99.54,-335.02
0.5072,2.5156,0.6871,-0.9428,32.34,102.06,-333.90
0.5096,2.5439,0.6730,-0.9975,32.62,103.88,-332.78
0.5120,2.5762,0.6603,-1.0472,32.34,105.49,-331.52
0.5144,2.6137,0.6364,-1.0965,31.43,108.57,-330.19
0.5168,2.6425,0.6090,-1.1483,30.80,112.28,-328.65
0.5192,2.6664,0.5880,-1.1941,29.75,115.85,-326.90
0.5216,2.6967,0.5719,-1.2366,28.56,120.12,-325.22
0.5240,2.7348,0.5607,-1.2766,27.51,125.79,-323.47
0.5264,2.7718,0.5500,-1.3322,26.81,132.79,-321.72
0.5288,2.8119,0.5373,-1.4128,26.74,138.95,-319.90
0.5313,2.8631,0.5261,-1.5079,26.88,145.95,-317.87
0.5337,2.9085,0.5197,-1.6138,27.23,154.91,-315.56
0.5361,2.9373,0.5212,-1.7207,28.42,163.03,-313.32
0.5385,2.9612,0.5251,-1.8276,30.31,169.61,-311.15
0.5409,2.9836,0.5309,-1.9403,33.18,176.33,-308.91
0.5433,2.9949,0.5319,-2.0525,36.26,182.63,-306.53
0.5457,2.9968,0.5256,-2.1521,40.04,187.74,-304.01
0.5481,3.0036,0.5168,-2.2360,44.24,191.52,-301.42
0.5505,3.0202,0.5017,-2.3121,49.14,194.25,-298.90
0.5529,3.0368,0.4919,-2.3761,55.23,195.86,-296.45
0.5553,3.0539,0.4895,-2.4376,61.46,195.93,-294.07
0.5577,3.0827,0.4729,-2.5239,67.76,193.76,-291.83
0.5601,3.1291,0.4407,-2.6142,75.67,190.26,-289.59
0.5625,3.1720,0.4109,-2.6659,84.98,187.39,-287.70
0.5649,3.1793,0.3855,-2.6947,94.29,182.70,-286.23
0.5673,3.1559,0.3665,-2.7396,104.93,174.72,-285.46
0.5697,3.1310,0.3533,-2.8187,116.69,165.34,-285.46
0.5721,3.1022,0.3553,-2.9436,127.05,153.23,-285.18
0.5745,3.0637,0.3650,-3.1227,136.15,138.04,-284.83
0.5769,3.0339,0.3865,-3.2808,144.55,120.33,-283.99
0.5793,3.0154,0.4158,-3.3472,151.76,103.32,-283.29
0.5817,2.9885,0.4216,-3.3555,159.18,84.77,-282.59
0.5841,2.9690,0.4128,-3.3355,166.95,63.14,-282.17
0.5865,2.9773,0.4041,-3.3345,174.93,42.49,-281.89
0.5889,2.9851,0.4060,-3.3896,182.63,22.82,-281.33
0.5913,2.9992,0.4177,-3.4726,188.16,0.77,-280.63
0.5938,3.0266,0.4221,-3.5321,190.68,-19.95,-279.23
0.5962,3.0471,0.4080,-3.5390,191.73,-38.99,-277.48
0.5986,3.0661,0.3787,-3.4843,191.52,-57.89,-275.59
0.6010,3.0934,0.3333,-3.3984,190.47,-75.67,-273.98
0.6034,3.1247,0.2752,-3.3365,188.58,-92.19,-272.37
0.6058,3.1569,0.2089,-3.3296,186.69,-107.10,-270.76
0.6082,3.1940,0.1440,-3.3594,184.38,-121.45,-269.29
0.6106,3.2403,0.0717,-3.3887,180.39,-135.52,-268.03
0.6130,3.2935,-0.0132,-3.4106,176.82,-148.33,-266.91
0.6154,3.3438,-0.1118,-3.3931,171.92,-160.51,-265.93
0.6178,3.3921,-0.2274,-3.3511,168.42,-171.29,-265.09
0.6202,3.4311,-0.3455,-3.3174,165.55,-181.44,-264.32
0.6226,3.4575,-0.4602,-3.3028,163.45,-191.03,-263.76
0.6250,3.4780,-0.5754,-3.3135,161.07,-199.99,-263.20
0.6274,3.5024,-0.7071,-3.3238,157.99,-209.30,-262.92
0.6298,3.5185,-0.8428,-3.3194,155.33,-216.58,-262.57
0.6322,3.5102,-0.9755,-3.2784,152.18,-224.77,-262.22
0.6346,3.4872,-1.1136,-3.2203,149.24,-231.84,-262.29
0.6370,3.4833,-1.2073,-3.1442,147.28,-240.45,-262.22
0.6394,3.4721,-1.3132,-3.1183,144.62,-245.28,-262.43
0.6418,3.4058,-1.4308,-3.1427,143.08,-252.42,-262.57
0.6442,3.3687,-1.5113,-3.1217,139.02,-262.15,-263.20
0.6466,3.3662,-1.6202,-3.0402,133.56,-267.54,-263.06
0.6490,3.3330,-1.7090,-2.8992,131.04,-274.33,-262.64
0.6514,3.2906,-1.7651,-2.7304,126.84,-282.80,-262.43
0.6538,3.2559,-1.7949,-2.5888,123.97,-290.29,-262.43
0.6563,3.2472,-1.7856,-2.4820,120.19,-299.39,-262.08
0.6587,3.2252,-1.8198,-2.4322,117.32,-306.11,-261.45
0.6611,3.1510,-1.8973,-2.4044,114.17,-314.16,-260.12
0.6635,3.0744,-1.9842,-2.3566,110.60,-320.60,-259.28
0.6659,2.9983,-2.0394,-2.2302,107.59,-324.94,-257.74
0.6683,2.9695,-2.0394,-1.9252,100.03,-338.31,-256.97
0.6707,2.9788,-2.0867,-1.7212,93.94,-343.00,-256.13
0.6731,2.9260,-2.1594,-1.6816,92.61,-348.32,-254.59
0.6755,2.8831,-2.1243,-1.6158,89.11,-357.98,-252.91
0.6779,2.8338,-2.1818,-1.5958,78.61,-357.49,-251.44
0.6803,2.7357,-2.2287,-1.5211,78.89,-365.89,-249.41
0.6827,2.6903,-2.2058,-1.3474,70.28,-374.50,-247.45
0.6851,2.6430,-2.2389,-1.1624,64.82,-377.09,-244.86
0.6875,2.5669,-2.2189,-0.9892,60.62,-380.80,-242.55
0.6899,2.4986,-2.2253,-0.8686,56.56,-383.32,-240.31
0.6923,2.4219,-2.1921,-0.7896,54.39,-386.19,-238.07
0.6947,2.3790,-2.2023,-0.7296,47.74,-386.89,-235.90
0.6971,2.3434,-2.2609,-0.7261,47.67,-386.68,-233.45
0.6995,2.3243,-2.2629,-0.6881,43.26,-390.67,-229.88
0.7019,2.3204,-2.2482,-0.5739,38.92,-386.26,-226.73
0.7043,2.2468,-2.2468,-0.4577,33.32,-380.45,-223.02
0.7067,2.1794,-2.3200,-0.3582,32.83,-380.03,-220.43
0.7091,2.1501,-2.3609,-0.3714,35.00,-376.32,-216.51
0.7115,2.1184,-2.3351,-0.4016,32.13,-371.98,-212.52
0.7139,2.0662,-2.3439,-0.4089,25.90,-363.30,-208.53
0.7163,1.9784,-2.3570,-0.3870,24.08,-360.57,-204.89
0.7188,1.9408,-2.3429,-0.2840,21.14,-359.59,-201.74
0.7212,1.9017,-2.3326,-0.1728,16.10,-349.51,-197.75
0.7236,1.8183,-2.3248,-0.1083,13.37,-344.68,-194.32
0.7260,1.7558,-2.3068,-0.0781,11.20,-341.74,-190.75
0.7284,1.7026,-2.2721,-0.0742,9.17,-336.70,-187.04
0.7308,1.6480,-2.2492,-0.0791,5.46,-331.80,-182.98
0.7332,1.5987,-2.2175,-0.0220,3.22,-330.26,-178.78
0.7356,1.5518,-2.1999,0.0595,0.28,-326.48,-174.86
0.7380,1.5021,-2.1696,0.1918,-0.56,-325.01,-170.45
0.7404,1.4611,-2.1174,0.3338,-3.22,-322.77,-166.25
0.7428,1.4181,-2.0720,0.4402,-3.99,-320.46,-161.77
0.7452,1.3893,-2.0281,0.5446,-5.04,-319.20,-157.57
0.7476,1.3571,-2.0994,0.6505,-7.21,-315.91,-152.04
0.7500,1.2473,-2.1960,0.7950,-9.24,-310.66,-144.20
0.7524,1.0443,-2.0696,0.8540,-5.67,-311.29,-138.74
0.7548,0.9882,-1.9159,0.6412,-2.52,-328.37,-137.90
0.7572,1.2249,-1.9559,0.5705,-0.28,-332.78,-134.12
0.7596,1.3147,-1.9832,0.9287,0.14,-307.65,-126.77
0.7620,1.0736,-1.9203,1.3479,-3.08,-303.80,-119.98
0.7644,0.9316,-1.8822,1.5606,-1.54,-316.26,-114.73
0.7668,0.9331,-1.8734,1.4913,0.63,-303.10,-107.80
0.7692,0.7798,-1.8612,1.2185,0.42,-290.43,-101.57
0.7716,0.6320,-1.9115,0.9316,-2.52,-303.24,-97.16
0.7740,0.6798,-1.9827,0.9165,0.49,-306.81,-92.12
0.7764,0.6554,-1.9666,1.1956,7.28,-289.52,-86.24
0.7788,0.5031,-1.9095,1.5489,8.89,-287.91,-81.34
0.7813,0.4773,-1.9056,1.7944,11.90,-291.13,-77.21
0.7837,0.4934,-1.9242,1.8115,19.60,-275.03,-72.10
0.7861,0.3972,-1.9320,1.6563,24.15,-262.50,-66.92
0.7885,0.3426,-2.0008,1.4952,23.03,-265.16,-62.02
0.7909,0.3587,-2.0999,1.4538,28.63,-260.05,-57.26
0.7933,0.3167,-2.1291,1.5728,35.21,-249.13,-52.57
0.7957,0.2694,-2.1301,1.8310,37.73,-246.33,-48.79
0.7981,0.2796,-2.1531,2.0613,43.12,-240.03,-45.57
0.8005,0.2523,-2.1531,2.1365,52.78,-224.56,-41.51
0.8029,0.1498,-2.1511,2.0428,59.01,-211.75,-37.10
0.8053,0.0459,-2.1804,1.8432,65.94,-203.63,-32.48
0.8077,-0.0083,-2.2033,1.6763,74.34,-195.79,-27.93
0.8101,-0.0376,-2.2326,1.6543,81.27,-185.50,-23.17
0.8125,-0.0634,-2.2794,1.7778,89.67,-175.28,-18.83
0.8149,-0.0830,-2.3243,1.9486,100.17,-164.36,-14.42
0.8173,-0.0834,-2.3731,2.0657,111.51,-152.95,-10.29
0.8197,-0.0742,-2.4322,2.0486,123.76,-139.37,-5.46
0.8221,-0.0869,-2.4878,1.9261,135.73,-126.56,-0.35
0.8245,-0.0820,-2.5317,1.8124,146.86,-116.90,4.83
0.8269,-0.0395,-2.5762,1.8012,156.87,-106.33,10.50
0.8293,0.0137,-2.6313,1.8925,167.44,-94.71,16.52
0.8317,0.0683,-2.6845,2.0350,179.34,-83.65,22.61
0.8341,0.1293,-2.7304,2.1560,191.10,-72.03,29.12
0.8365,0.2054,-2.7792,2.1838,202.86,-60.34,36.19
0.8389,0.2972,-2.8304,2.1409,213.64,-49.14,44.17
0.8413,0.3963,-2.8797,2.0818,224.07,-38.22,52.92
0.8438,0.4895,-2.9275,2.0486,234.01,-28.56,62.23
0.8462,0.5890,-2.9758,2.0764,244.23,-20.51,71.89
0.8486,0.7071,-3.0378,2.1755,252.98,-12.25,81.83
0.8510,0.8350,-3.1198,2.2985,262.29,-2.73,92.40
0.8534,0.9667,-3.2120,2.3922,272.79,5.60,103.25
0.8558,1.1004,-3.3082,2.4322,283.64,13.86,114.45
0.8582,1.2098,-3.4111,2.4005,294.35,23.24,125.51
0.8606,1.2937,-3.5263,2.3287,304.43,29.68,136.36
0.8630,1.3781,-3.6571,2.2560,314.09,34.30,146.51
0.8654,1.5026,-3.7927,2.2023,322.63,36.96,156.45
0.8678,1.7178,-3.9152,2.2014,330.47,38.71,166.74
0.8702,1.9998,-3.9743,2.2624,340.06,41.93,178.50
0.8726,2.2873,-3.9782,2.2858,347.55,47.81,191.24
0.8750,2.3639,-4.0470,2.2409,353.57,50.19,204.75
0.8774,2.0296,-4.1866,2.0633,361.97,64.89,214.76
0.8798,1.8100,-4.3598,1.7222,369.81,39.69,217.56
0.8822,1.9852,-4.5540,1.5016,374.43,29.12,220.78
0.8846,2.0740,-5.0767,1.5323,371.21,32.34,223.37
0.8870,1.8588,-5.8731,1.6802,374.43,36.61,231.49
0.8894,1.4850,-5.9839,2.6274,405.65,31.01,241.64
0.8918,0.9545,-6.0097,2.8636,389.83,37.94,243.39
0.8942,0.6593,-6.5865,2.3614,383.53,-1.82,255.50
0.8966,0.6978,-6.6134,2.1599,434.35,29.40,264.32
0.8990,0.2835,-6.5538,1.6719,391.37,51.59,281.82
0.9014,-0.0054,-7.0052,1.5074,367.99,-6.79,297.29
0.9038,-0.3636,-7.3986,1.4850,379.19,47.04,329.63
0.9063,-1.2434,-7.7363,1.7719,397.60,65.10,359.45
0.9087,-1.8388,-7.9847,1.8276,398.30,58.45,390.18
0.9111,-1.8910,-8.2521,1.8095,402.22,41.02,428.89
0.9135,-1.6436,-8.2867,1.9696,454.30,91.56,472.64
0.9159,-1.9003,-8.1618,1.8793,452.48,157.43,526.40
0.9183,-2.0642,-8.5263,1.9159,430.36,138.74,579.53
0.9207,-1.7456,-9.2159,2.0525,420.77,184.45,643.72
0.9231,-1.8959,-9.8908,2.2951,429.10,265.23,714.42
0.9255,-2.5005,-10.4896,2.2965,431.13,315.70,783.58
0.9279,-2.7762,-11.2108,1.8783,422.31,333.13,851.83
0.9303,-2.5083,-11.9545,1.3074,422.87,384.16,926.31
0.9327,-2.3731,-12.6138,1.0277,409.22,458.85,1010.38
0.9351,-2.4507,-13.3473,1.2405,386.75,493.78,1095.50
0.9375,-2.3731,-14.2633,1.5836,365.61,527.52,1182.65
0.9399,-2.2292,-15.2934,1.8007,357.49,573.30,1272.25
0.9423,-2.0652,-15.8937,1.7041,342.23,608.37,1363.95
0.9447,-1.7954,-15.9888,1.3942,310.73,621.67,1459.78
0.9471,-1.4801,-15.9888,1.0111,282.31,635.53,1558.76
0.9495,-1.2434,-15.9888,0.8725,251.58,638.68,1662.22
0.9519,-1.0873,-15.9888,0.7159,213.29,622.58,1765.19
0.9543,-1.1107,-15.9888,0.0244,187.39,586.60,1869.21
0.9567,-1.4723,-15.9888,-0.7554,161.49,566.79,1973.44
0.9591,-1.8612,-15.9888,-1.1732,113.75,510.79,2078.86
0.9615,-2.4180,-15.9888,-1.1610,52.99,455.91,2185.61
0.9639,-3.3857,-15.9888,-0.9589,16.10,391.51,2274.37
0.9663,-4.2173,-15.9888,-1.2590,-36.19,321.09,2293.48
0.9688,-4.4979,-15.9888,-2.8114,-13.58,189.98,2293.48
0.9712,-4.4388,-15.9888,-4.3105,-86.94,107.17,2293.48
0.9736,-5.8570,-15.9888,-4.9078,-174.65,73.85,2293.48
0.9760,-8.4663,-15.9888,-5.9780,-131.32,-68.88,2293.48
0.9784,-8.7811,-15.9888,-6.0868,-83.58,-310.94,2293.48
0.9808,-7.3127,-15.9888,-4.8283,-73.08,-395.99,2293.48
0.9832,-5.8946,-15.3076,-4.1656,20.16,-501.20,2293.48
0.9856,-2.7016,-9.2988,-3.7922,263.90,-689.15,2293.48
0.9880,1.1800,-0.3479,-1.1839,214.97,-611.73,2293.48
0.9904,2.8714,2.9666,2.4200,-191.59,-308.35,2293.48
0.9928,0.5144,0.6115,-1.0804,-229.74,-53.48,2293.48
0.9952,-1.3098,0.5841,-5.8545,111.16,-497.84,2293.48
0.9976,1.8832,2.9788,-8.7894,43.68,-538.44,2293.48
1.0000,1.3000,2.2116,-11.5422,-173.11,-124.46,2293.48
1.0024,-1.1497,0.3177,-6.8657,-13.37,-482.02,2293.48
1.0048,0.9389,0.8628,-0.1903,199.99,-653.52,2293.48
1.0072,2.2692,2.1623,0.4939,55.16,-361.27,2293.48
1.0096,-0.0434,1.2224,-3.7688,17.15,-168.00,2293.48
1.0120,-1.2224,0.7666,-7.4127,182.77,-515.27,2293.48
1.0144,1.0624,1.8500,-9.0090,194.39,-509.46,2293.48
1.0168,0.8442,1.7290,-7.7075,78.61,-254.59,2293.48
1.0192,-0.8169,0.5592,-2.9163,169.19,-405.09,2293.48
1.0216,0.2040,0.7910,0.3948,291.76,-529.20,2293.48
1.0240,1.1790,1.4059,-0.5412,228.55,-304.78,2293.48
1.0264,-0.5173,1.0097,-3.7190,217.14,-174.86,2293.48
1.0288,-1.2346,0.8462,-6.2576,304.85,-407.12,2293.48
1.0313,0.3211,1.4142,-6.4543,320.39,-376.46,2293.48
1.0337,0.0732,1.4352,-3.8645,269.22,-197.47,2293.48
1.0361,-1.0799,0.8174,-0.5763,322.00,-277.41,2293.48
1.0385,-0.4290,0.9199,0.4734,384.51,-350.63,2293.48
1.0409,0.1332,1.3166,-1.1775,354.06,-185.22,2293.48
1.0433,-1.0429,1.2756,-3.8552,346.64,-123.48,2293.48
1.0457,-1.2883,1.3034,-5.4510,386.05,-270.62,2293.48
1.0481,-0.3045,1.6294,-4.7922,384.79,-226.80,2293.48
1.0505,-0.4900,1.6031,-2.3688,354.83,-128.03,2293.48
1.0529,-1.0233,1.3342,-0.2362,377.86,-164.85,2293.48
1.0553,-0.5729,1.4660,-0.1298,386.54,-193.06,2293.48
1.0577,-0.2103,1.6826,-1.7456,354.97,-94.15,2293.48
1.0601,-0.8296,1.7890,-4.0162,342.65,-58.24,2293.48
1.0625,-0.9023,1.8842,-5.1157,334.04,-137.34,2293.48
1.0649,-0.2538,1.9881,-3.9269,316.40,-103.39,2293.48
1.0673,-0.3255,1.9320,-1.7851,284.69,-44.38,2293.48
1.0697,-0.4778,1.7470,-0.6622,276.36,-73.92,2293.48
1.0721,-0.0595,1.7583,-1.3483,263.55,-65.17,2293.48
1.0745,0.0439,1.8856,-2.9856,241.85,-5.25,2293.48
1.0769,-0.2894,1.9559,-4.3720,217.49,-6.93,2293.48
1.0793,-0.1703,1.8803,-4.2124,196.35,-48.16,2293.48
1.0817,0.2118,1.7734,-2.4995,183.54,-22.05,2293.48
1.0841,0.1279,1.7129,-0.8447,161.63,9.59,2293.48
1.0865,0.0937,1.6392,-0.4363,139.58,-11.76,2293.48
1.0889,0.3460,1.6060,-1.3015,121.73,-0.63,2293.48
1.0913,0.3240,1.6319,-2.4537,104.86,25.76,2293.48
1.0938,0.1098,1.6124,-3.0036,85.33,14.98,2293.48
1.0962,0.1786,1.5216,-2.3990,70.21,-19.11,2293.48
1.0986,0.4890,1.4962,-1.1814,59.78,-14.42,2293.48
1.1010,0.5519,1.5694,-0.4719,41.72,4.27,2293.48
1.1034,0.5461,1.5811,-0.8579,17.36,-12.60,2293.48
1.1058,0.7374,1.5557,-1.7753,-1.96,-14.91,2293.48
1.1082,0.7686,1.5821,-2.4654,-23.45,-0.35,2293.48
1.1106,0.6617,1.4791,-2.4190,-51.66,-15.61,2293.48
1.1130,0.7427,1.3020,-1.5201,-62.23,-38.57,2293.48
1.1154,0.8711,1.2127,-0.5592,-71.12,-36.82,2293.48
1.1178,0.8442,1.1497,-0.3006,-80.57,-34.93,2293.48
1.1202,0.8057,1.1380,-0.9477,-86.03,-44.80,2293.48
1.1226,0.8447,1.1326,-1.8861,-97.79,-56.77,2293.48
1.1250,0.8438,1.1214,-2.4400,-105.77,-59.71,2293.48
1.1274,0.7418,1.0311,-2.1126,-114.66,-74.97,2293.48
1.1298,0.7325,0.9091,-1.2522,-109.55,-97.93,2293.48
1.1322,0.7544,0.8974,-0.6329,-106.82,-102.20,2293.48
1.1346,0.6422,0.9101,-0.7496,-104.93,-110.53,2293.48
1.1370,0.5246,0.9311,-1.4606,-101.50,-132.37,2293.48
1.1394,0.4778,0.9438,-2.0862,-95.97,-152.18,2293.48
1.1418,0.4304,0.9501,-2.2404,-94.01,-169.26,2293.48
1.1442,0.3841,0.9277,-1.6963,-90.65,-194.04,2293.48
1.1466,0.3738,0.9335,-0.8237,-77.49,-214.20,2293.48
1.1490,0.3587,1.0551,-0.2938,-69.37,-228.55,2293.48
1.1514,0.3094,1.1341,-0.5656,-66.64,-236.95,2293.48
1.1538,0.2069,1.1502,-1.4245,-57.54,-251.44,2293.48
1.1563,0.1703,1.1985,-2.0272,-50.96,-277.13,2293.48
1.1587,0.1976,1.2205,-1.9300,-47.46,-291.62,2293.48
1.1611,0.1937,1.2102,-1.2878,-35.91,-303.59,2293.48
1.1635,0.1430,1.2044,-0.7086,-17.78,-312.97,2293.48
1.1659,0.1039,1.2639,-0.7510,-2.31,-323.54,2293.48
1.1683,0.0878,1.2912,-1.2805,6.93,-324.03,2293.48
1.1707,-0.0088,1.2664,-2.0130,26.18,-328.37,2293.48
1.1731,-0.0571,1.3039,-2.2843,43.19,-343.70,2293.48
1.1755,-0.0342,1.3093,-1.8764,60.20,-345.52,2293.48
1.1779,-0.0849,1.3137,-1.2576,82.04,-346.57,2293.48
1.1803,-0.1322,1.3688,-0.8267,107.94,-351.26,2293.48
1.1827,-0.1854,1.4508,-0.9326,128.45,-345.80,2293.48
1.1851,-0.2567,1.5021,-1.2722,146.09,-351.19,2293.48
1.1875,-0.2708,1.5596,-1.6738,168.70,-351.96,2293.48
1.1899,-0.2684,1.6319,-1.7651,182.42,-352.45,2293.48
1.1923,-0.2381,1.6558,-1.5157,198.45,-347.76,2293.48
1.1947,-0.2494,1.6914,-1.1771,213.85,-341.11,2293.48
1.1971,-0.2025,1.7261,-0.9379,231.56,-342.30,2293.48
1.1995,-0.1391,1.7685,-1.1063,243.88,-323.26,2293.48
1.2019,-0.1796,1.8007,-1.5377,254.52,-311.43,2293.48
1.2043,-0.1474,1.8276,-1.9261,266.56,-305.20,2293.48
1.2067,-0.0800,1.9008,-1.9413,273.70,-292.53,2293.48
1.2091,-0.0332,1.9095,-1.7383,274.26,-275.52,2293.48
1.2115,-0.0132,1.8695,-1.4323,281.19,-258.16,2293.48
1.2139,0.0561,1.8944,-1.3132,286.93,-246.19,2293.48
1.2163,0.1615,1.9081,-1.5767,281.68,-222.32,2293.48
1.2188,0.1806,1.8442,-1.8666,279.65,-198.10,2293.48
1.2212,0.1874,1.7919,-1.9754,283.36,-183.19,2293.48
1.2236,0.2669,1.7578,-1.8671,277.06,-166.67,2293.48
1.2260,0.3099,1.6558,-1.6519,272.79,-138.88,2293.48
1.2284,0.2586,1.5694,-1.4957,276.57,-122.64,2293.48
1.2308,0.2894,1.5557,-1.4806,272.72,-111.65,2293.48
1.2332,0.3235,1.5309,-1.5826,263.55,-86.24,2293.48
1.2356,0.2367,1.4459,-1.7441,257.11,-70.98,2293.48
1.2380,0.1864,1.3888,-1.6343,255.71,-72.94,2293.48
1.2404,0.2547,1.3879,-1.3991,248.43,-65.31,2293.48
1.2428,0.3030,1.3498,-1.3327,235.20,-46.62,2293.48
1.2452,0.2416,1.3078,-1.3366,227.92,-36.40,2293.48
1.2476,0.2274,1.2903,-1.3718,215.53,-40.39,2293.48
1.2500,0.3504,1.2639,-1.4240,201.46,-34.16,2293.48
1.2524,0.3728,1.2420,-1.5348,185.64,-18.41,2293.48
1.2548,0.3787,1.1736,-1.6353,171.08,-22.61,2293.48
1.2572,0.5095,1.0995,-1.6885,158.41,-13.58,2293.48
1.2596,0.5397,1.0492,-1.7500,142.24,3.78,2293.48
1.2620,0.4924,0.9560,-1.8168,125.44,10.01,2293.48
1.2644,0.4992,0.8691,-1.7544,117.18,13.86,2293.48
1.2668,0.4934,0.8286,-1.7256,106.96,26.67,2293.48
1.2692,0.4002,0.8067,-1.6802,93.66,31.71,2293.48
1.2716,0.3484,0.7588,-1.5572,81.62,27.37,2293.48
1.2740,0.3372,0.7418,-1.5294,74.41,30.66,2293.48
1.2764,0.2806,0.7989,-1.5972,63.35,29.89,2293.48
1.2788,0.2289,0.7828,-1.7387,47.18,26.60,2293.48
1.2813,0.1430,0.7315,-1.8998,41.86,21.98,2293.48
1.2837,0.0766,0.7408,-1.9374,35.56,7.77,2293.48
1.2861,0.0254,0.7627,-1.7871,24.15,-0.63,2293.48
1.2885,-0.0605,0.7681,-1.6919,18.55,-13.65,2293.48
1.2909,-0.0752,0.8203,-1.6704,18.62,-33.60,2293.48
1.2933,-0.0952,0.9121,-1.7622,10.36,-43.54,2293.48
1.2957,-0.1596,0.9560,-1.8495,-1.33,-61.81,2293.48
1.2981,-0.1210,0.9843,-1.7222,-4.76,-82.46,2293.48
1.3005,-0.0756,1.0799,-1.5543,-3.71,-90.93,2293.48
1.3029,-0.1269,1.1658,-1.4357,-13.58,-107.10,2293.48
1.3053,-0.1118,1.1819,-1.3727,-18.69,-127.54,2293.48
1.3077,-0.0781,1.1902,-1.3483,-19.32,-138.25,2293.48
1.3101,-0.0956,1.2576,-1.3762,-18.41,-151.41,2293.48
1.3125,-0.1181,1.3074,-1.3884,-25.20,-167.09,2293.48
1.3149,-0.0761,1.2849,-1.3093,-21.14,-184.38,2293.48
1.3173,-0.0346,1.3454,-1.1331,-12.95,-189.56,2293.48
1.3197,-0.0673,1.4284,-0.9472,-12.39,-203.70,2293.48
1.3221,-0.0605,1.4625,-0.9223,-7.35,-217.42,2293.48
1.3245,-0.0337,1.5133,-1.0258,1.89,-226.17,2293.48
1.3269,-0.0693,1.6016,-1.1390,8.82,-234.99,2293.48
1.3293,-0.1118,1.6460,-1.1063,10.36,-255.43,2293.48
1.3317,-0.0468,1.6358,-0.9931,19.04,-272.51,2293.48
1.3341,0.0034,1.6743,-0.8501,30.66,-277.62,2293.48
1.3365,-0.0171,1.7300,-0.7501,40.25,-287.70,2293.48
1.3389,0.0151,1.7661,-0.7544,47.04,-301.98,2293.48
1.3413,0.1074,1.7636,-0.7803,57.40,-307.44,2293.48
1.3438,0.1430,1.8076,-0.8520,72.52,-305.76,2293.48
1.3462,0.1464,1.8598,-0.9262,76.16,-314.58,2293.48
1.3486,0.2406,1.8163,-0.9477,82.25,-320.67,2293.48
1.3510,0.3040,1.7656,-0.9326,97.72,-312.13,2293.48
1.3534,0.2908,1.7788,-0.8843,112.91,-312.27,2293.48
1.3558,0.3733,1.7797,-0.8564,118.44,-313.88,2293.48
1.3582,0.4397,1.7583,-0.9038,129.64,-297.29,2293.48
1.3606,0.3831,1.7514,-0.9623,138.46,-292.04,2293.48
1.3630,0.3997,1.6807,-0.9238,147.63,-293.86,2293.48
1.3654,0.4729,1.5816,-0.8569,160.16,-280.84,2293.48
1.3678,0.4246,1.5123,-0.7915,173.46,-266.14,2293.48
1.3702,0.4031,1.4581,-0.7135,187.88,-267.40,2293.48
1.3726,0.4778,1.4503,-0.7623,198.66,-253.40,2293.48
1.3750,0.4817,1.4362,-0.9555,206.22,-235.06,2293.48
1.3774,0.4416,1.3659,-1.0765,215.95,-227.71,2293.48
1.3798,0.4529,1.3117,-0.9204,224.14,-221.76,2293.48
1.3822,0.4626,1.2825,-0.6905,229.81,-201.88,2293.48
1.3846,0.4104,1.2571,-0.6568,234.64,-186.69,2293.48
1.3870,0.4109,1.2161,-0.8125,240.52,-179.34,2293.48
1.3894,0.4309,1.1868,-0.9618,242.62,-162.75,2293.48
1.3918,0.3548,1.1702,-0.9296,239.19,-146.72,2293.48
1.3942,0.2884,1.1361,-0.7442,237.37,-138.25,2293.48
1.3966,0.3162,1.0936,-0.5968,237.65,-127.82,2293.48
1.3990,0.3328,1.0756,-0.5470,233.17,-110.95,2293.48
1.4014,0.2801,1.0326,-0.4870,226.24,-98.84,2293.48
1.4038,0.2552,0.9794,-0.4768,224.56,-90.86,2293.48
1.4063,0.2757,0.9765,-0.5031,218.47,-77.14,2293.48
1.4087,0.2499,0.9453,-0.6041,208.95,-59.99,2293.48
1.4111,0.1606,0.8716,-0.7096,203.42,-51.52,2293.48
1.4135,0.1532,0.8330,-0.6988,200.13,-50.05,2293.48
1.4159,0.1659,0.8140,-0.6403,191.24,-33.46,2293.48
1.4183,0.0820,0.8164,-0.5836,186.41,-22.82,2293.48
1.4207,0.0259,0.8623,-0.6056,178.64,-21.91,2293.48
1.4231,0.0210,0.8525,-0.7300,168.28,-16.03,2293.48
1.4255,-0.0634,0.8633,-0.9316,161.28,-7.14,2293.48
1.4279,-0.1332,0.8808,-0.8852,146.79,-14.70,2293.48
1.4303,-0.0956,0.8828,-0.6598,139.86,-12.60,2293.48
1.4327,-0.1210,0.9536,-0.4729,128.94,-7.63,2293.48
1.4351,-0.1259,1.0282,-0.4548,116.55,-13.37,2293.48
1.4375,-0.0952,1.0921,-0.6471,97.65,-11.97,2293.48
1.4399,-0.0859,1.1180,-0.7823,82.46,-14.00,2293.48
1.4423,-0.0947,1.1575,-0.8028,70.56,-17.29,2293.48
1.4447,-0.0571,1.1893,-0.6261,52.99,-27.86,2293.48
1.4471,0.0371,1.1780,-0.4626,40.25,-25.76,2293.48
1.4495,0.0268,1.2039,-0.4016,26.67,-27.79,2293.48
1.4519,0.0673,1.2146,-0.4290,14.00,-39.97,2293.48
1.4543,0.1240,1.2268,-0.5407,3.01,-39.13,2293.48
1.4567,0.0903,1.2556,-0.6315,-8.26,-47.53,2293.48
1.4591,0.0986,1.2639,-0.6808,-18.41,-59.15,2293.48
1.4615,0.1103,1.3191,-0.6490,-23.45,-63.98,2293.48
1.4639,0.0630,1.4215,-0.6915,-31.78,-74.69,2293.48
1.4663,0.0371,1.5133,-0.8413,-41.79,-94.57,2293.48
1.4688,0.0595,1.5762,-1.0424,-50.82,-109.48,2293.48
1.4712,0.0581,1.6368,-1.0956,-56.77,-128.52,2293.48
1.4736,0.1035,1.7085,-0.9877,-62.30,-151.76,2293.48
1.4760,0.1850,1.7158,-0.7569,-70.70,-169.54,2293.48
1.4784,0.2323,1.6924,-0.5065,-71.89,-185.64,2293.48
1.4808,0.2718,1.6997,-0.4246,-74.83,-205.31,2293.48
1.4832,0.3538,1.6748,-0.4133,-75.60,-225.05,2293.48
1.4856,0.4006,1.6626,-0.4494,-70.56,-234.99,2293.48
1.4880,0.4065,1.6494,-0.4070,-66.08,-253.61,2293.48
1.4904,0.4587,1.6124,-0.2220,-58.80,-268.59,2293.48
1.4928,0.4978,1.5899,-0.0771,-50.89,-277.62,2293.48
1.4952,0.5095,1.5596,-0.0781,-39.34,-288.26,2293.48
1.4976,0.5119,1.5543,-0.1928,-24.08,-300.02,2293.48
1.5000,0.5173,1.5309,-0.3109,-11.76,-309.05,2293.48
1.5024,0.5441,1.4640,-0.4543,5.46,-315.84,2293.48
1.5048,0.5353,1.4484,-0.5412,25.62,-320.53,2293.48
1.5072,0.5373,1.4411,-0.5290,41.16,-329.49,2293.48
1.5096,0.5885,1.3786,-0.5915,57.40,-328.93,2293.48
1.5120,0.5363,1.3357,-0.6686,78.68,-325.57,2293.48
1.5144,0.4773,1.3220,-0.6139,100.94,-332.43,2293.48
1.5168,0.4558,1.2981,-0.5139,119.42,-327.18,2293.48
1.5192,0.3631,1.3000,-0.4729,137.90,-325.85,2293.48
1.5216,0.3318,1.2854,-0.4704,171.01,-329.21,2293.48
1.5240,0.3040,1.2942,-0.4763,185.99,-319.13,2293.48
1.5264,0.2557,1.3137,-0.4475,199.43,-315.84,2293.48
1.5288,0.2191,1.3108,-0.3597,208.74,-309.19,2293.48
1.5313,0.2269,1.2410,-0.3553,221.76,-303.94,2293.48
1.5337,0.2450,1.1790,-0.5183,237.72,-287.63,2293.48
1.5361,0.2128,1.1429,-0.6617,250.46,-277.41,2293.48
1.5385,0.2347,1.0897,-0.7881,262.50,-263.41,2293.48
1.5409,0.2298,1.0658,-0.7823,275.10,-241.64,2293.48
1.5433,0.1679,1.0551,-0.6744,283.78,-223.23,2293.48
1.5457,0.1308,0.9877,-0.6251,290.64,-204.89,2293.48
1.5481,0.0708,0.9248,-0.6510,300.09,-182.14,2293.48
1.5505,-0.0098,0.9091,-0.7032,307.93,-163.52,2293.48
1.5529,-0.0620,0.8984,-0.7501,315.14,-143.78,2293.48
1.5553,-0.1152,0.8989,-0.7218,320.46,-127.12,2293.48
1.5577,-0.1444,0.9184,-0.5885,325.08,-110.18,2293.48
1.5601,-0.1635,0.9292,-0.4470,325.22,-91.00,2293.48
1.5625,-0.2113,0.9579,-0.3826,324.10,-75.46,2293.48
1.5649,-0.2230,1.0058,-0.3392,317.94,-60.90,2293.48
1.5673,-0.2147,1.0448,-0.3894,310.52,-39.76,2293.48
1.5697,-0.2840,1.1136,-0.5397,300.09,-24.64,2293.48
1.5721,-0.3245,1.1551,-0.6559,284.06,-21.28,2293.48
1.5745,-0.2874,1.1834,-0.6871,269.85,-9.17,2293.48
1.5769,-0.2977,1.2439,-0.5949,252.70,0.84,2293.48
1.5793,-0.2357,1.2664,-0.4236,234.71,1.61,2293.48
1.5817,-0.1469,1.2664,-0.3528,216.93,17.15,2293.48
1.5841,-0.1523,1.2717,-0.4963,196.28,27.79,2293.48
1.5865,-0.1396,1.2522,-0.6632,177.66,31.50,2293.48
1.5889,-0.0673,1.2810,-0.6837,159.60,31.36,2293.48
1.5913,0.0083,1.3239,-0.6359,134.82,40.18,2293.48
1.5938,0.0278,1.3186,-0.5768,114.87,47.04,2293.48
1.5962,0.0415,1.3293,-0.4934,96.46,46.13,2293.48
1.5986,0.1049,1.3249,-0.4231,75.53,42.35,2293.48
1.6010,0.1893,1.3093,-0.5134,57.68,44.03,2293.48
1.6034,0.1947,1.3142,-0.6442,39.13,44.24,2293.48
1.6058,0.1679,1.3410,-0.6695,21.49,33.32,2293.48
1.6082,0.2108,1.3464,-0.6163,1.40,21.49,2293.48
1.6106,0.2840,1.3357,-0.4695,-11.69,14.91,2293.48
1.6130,0.2948,1.3879,-0.3826,-26.67,6.37,2293.48
1.6154,0.2938,1.4279,-0.3797,-46.76,-13.23,2293.48
1.6178,0.3645,1.4132,-0.3997,-61.46,-28.77,2293.48
1.6202,0.3875,1.4167,-0.3845,-73.57,-39.34,2293.48
1.6226,0.4002,1.4250,-0.3162,-87.99,-61.18,2293.48
1.6250,0.4753,1.3884,-0.2128,-99.33,-79.45,2293.48
1.6274,0.5168,1.3918,-0.0913,-104.65,-94.50,2293.48
1.6298,0.5388,1.4230,-0.1083,-114.31,-110.60,2293.48
1.6322,0.5583,1.3981,-0.2445,-122.85,-128.38,2293.48
1.6346,0.6041,1.3659,-0.3924,-124.04,-148.40,2293.48
1.6370,0.6403,1.3615,-0.4460,-124.81,-162.05,2293.48
1.6394,0.6310,1.3513,-0.4172,-127.96,-180.04,2293.48
1.6418,0.6583,1.2956,-0.4436,-125.51,-197.12,2293.48
1.6442,0.6734,1.2512,-0.5197,-115.64,-209.72,2293.48
1.6466,0.6466,1.2581,-0.5900,-108.57,-224.42,2293.48
1.6490,0.6461,1.2200,-0.7105,-103.67,-241.08,2293.48
1.6514,0.6178,1.1634,-0.7945,-88.48,-254.45,2293.48
1.6538,0.5944,1.1517,-0.7891,-72.03,-269.64,2293.48
1.6563,0.5558,1.1580,-0.7271,-60.20,-279.37,2293.48
1.6587,0.4699,1.1439,-0.6769,-47.53,-296.31,2293.48
1.6611,0.4329,1.1180,-0.7164,-27.86,-312.20,2293.48
1.6635,0.3650,1.1956,-0.6920,-8.26,-323.89,2293.48
1.6659,0.3089,1.2483,-0.6861,0.70,-340.13,2293.48
1.6683,0.3084,1.2112,-0.7369,18.20,-350.14,2293.48
1.6707,0.2723,1.2546,-0.6617,38.85,-360.57,2293.48
1.6731,0.2782,1.3283,-0.5348,52.29,-371.77,2293.48
1.6755,0.2821,1.3571,-0.4900,63.35,-371.63,2293.48
1.6779,0.2264,1.3449,-0.6100,79.31,-375.83,2293.48
1.6803,0.2435,1.3259,-0.8428,95.62,-379.05,2293.48
1.6827,0.2416,1.3117,-0.9970,109.20,-370.02,2293.48
1.6851,0.1728,1.2620,-1.0429,125.16,-367.64,2293.48
1.6875,0.1508,1.2195,-1.0214,147.07,-365.47,2293.48
1.6899,0.1259,1.2239,-0.9672,164.99,-353.92,2293.48
1.6923,0.0600,1.2190,-0.9745,181.16,-343.00,2293.48
1.6947,-0.0137,1.1976,-1.0848,202.51,-332.92,2293.48
1.6971,-0.0839,1.2117,-1.2141,222.81,-322.42,2293.48
1.6995,-0.1415,1.2307,-1.2649,237.86,-310.66,2293.48
1.7019,-0.1767,1.2283,-1.1517,254.03,-299.18,2293.48
1.7043,-0.2133,1.2371,-1.0126,272.86,-286.65,2293.48
1.7067,-0.2645,1.2800,-0.9804,288.26,-274.96,2293.48
1.7091,-0.2694,1.3269,-1.0438,299.18,-262.71,2293.48
1.7115,-0.2869,1.3571,-1.1380,310.59,-243.81,2293.48
1.7139,-0.3343,1.4137,-1.2224,318.99,-234.01,2293.48
1.7163,-0.3128,1.4674,-1.2127,321.93,-223.23,2293.48
1.7188,-0.2933,1.4972,-1.0858,323.89,-204.61,2293.48
1.7212,-0.3050,1.5304,-1.0448,325.85,-190.47,2293.48
1.7236,-0.2918,1.5811,-1.1229,323.89,-178.99,2293.48
1.7260,-0.2484,1.6465,-1.3318,317.94,-162.12,2293.48
1.7284,-0.2269,1.6904,-1.5499,309.68,-145.46,2293.48
1.7308,-0.1981,1.6958,-1.5201,298.69,-135.24,2293.48
1.7332,-0.1283,1.6919,-1.3576,289.31,-121.03,2293.48
1.7356,-0.0620,1.6836,-1.2239,274.19,-105.84,2293.48
1.7380,0.0083,1.6568,-1.1375,263.27,-90.65,2293.48
1.7404,0.0498,1.6397,-1.1492,251.23,-73.99,2293.48
1.7428,0.1049,1.6099,-1.1951,234.15,-62.37,2293.48
1.7452,0.1479,1.5601,-1.3000,218.75,-45.22,2293.48
1.7476,0.1459,1.5372,-1.2503,206.50,-37.52,2293.48
1.7500,0.2001,1.5250,-1.0931,189.07,-28.28,2293.48
1.7524,0.2064,1.4689,-0.9745,171.43,-14.70,2293.48
1.7548,0.1996,1.3928,-0.8623,160.37,-15.05,2293.48
1.7572,0.2464,1.3674,-0.7623,148.47,-10.29,2293.48
1.7596,0.2533,1.3640,-0.8213,131.39,-4.97,2293.48
1.7620,0.2699,1.3225,-0.9950,115.92,-6.79,2293.48
1.7644,0.3221,1.3030,-0.9823,105.70,-7.77,2293.48
1.7668,0.3645,1.2961,-0.9052,89.53,-7.35,2293.48
1.7692,0.3919,1.2527,-0.7666,74.69,-10.71,2293.48
1.7716,0.4294,1.2185,-0.6754,64.54,-15.33,2293.48
1.7740,0.4763,1.2317,-0.7139,51.10,-17.57,2293.48
1.7764,0.4943,1.2381,-0.8662,33.95,-18.83,2293.48
1.7788,0.5114,1.1854,-1.0141,20.09,-26.46,2293.48
1.7813,0.5646,1.1434,-0.9989,10.85,-31.36,2293.48
1.7837,0.5675,1.1102,-0.8638,-1.47,-32.83,2293.48
1.7861,0.5710,1.0619,-0.7823,-10.92,-42.28,2293.48
1.7885,0.5880,1.0224,-0.8003,-18.55,-44.94,2293.48
1.7909,0.5485,1.0077,-0.9062,-22.75,-50.47,2293.48
1.7933,0.5124,0.9945,-1.1161,-29.12,-59.78,2293.48
1.7957,0.5090,0.9677,-1.2586,-33.32,-70.98,2293.48
1.7981,0.5090,0.9277,-1.2839,-38.01,-77.63,2293.48
1.8005,0.4563,0.8813,-1.2327,-36.89,-86.38,2293.48
1.8029,0.4065,0.8652,-1.1736,-36.26,-102.27,2293.48
1.8053,0.3899,0.8623,-1.1507,-33.67,-111.51,2293.48
1.8077,0.3328,0.8682,-1.2561,-29.33,-118.09,2293.48
1.8101,0.2567,0.8940,-1.3479,-25.55,-131.88,2293.48
1.8125,0.2186,0.9106,-1.3469,-22.26,-145.04,2293.48
1.8149,0.1908,0.9038,-1.2883,-17.78,-157.71,2293.48
1.8173,0.1767,0.9282,-1.1546,-9.45,-169.61,2293.48
1.8197,0.1430,0.9931,-1.0180,-5.67,-178.78,2293.48
1.8221,0.1225,1.0380,-0.9057,-1.68,-193.48,2293.48
1.8245,0.1430,1.0643,-0.9492,7.42,-202.23,2293.48
1.8269,0.1103,1.1107,-1.0663,13.65,-209.09,2293.48
1.8293,0.0527,1.1619,-1.0819,17.36,-218.12,2293.48
1.8317,0.0366,1.1868,-0.9745,22.05,-231.21,2293.48
1.8341,0.0786,1.1902,-0.8477,29.12,-237.58,2293.48
1.8365,0.0727,1.1932,-0.8164,37.80,-235.06,2293.48
1.8389,0.0044,1.2132,-0.9062,48.51,-241.50,2293.48
1.8413,-0.0132,1.2464,-1.0512,57.75,-248.57,2293.48
1.8438,-0.0176,1.2849,-1.1117,68.67,-249.41,2293.48
1.8462,-0.0488,1.3303,-1.0033,78.05,-253.89,2293.48
1.8486,-0.0156,1.3308,-0.8018,86.87,-261.52,2293.48
1.8510,0.0395,1.3391,-0.6910,100.52,-256.83,2293.48
1.8534,-0.0068,1.3908,-0.7696,111.30,-252.28,2293.48
1.8558,-0.0249,1.4303,-0.9262,119.63,-257.39,2293.48
1.8582,0.0107,1.4640,-1.0331,128.94,-254.10,2293.48
1.8606,-0.0112,1.5148,-1.0516,137.62,-250.32,2293.48
1.8630,-0.0249,1.5543,-0.9716,144.34,-252.28,2293.48
1.8654,-0.0044,1.5494,-0.8760,151.27,-250.88,2293.48
1.8678,0.0303,1.5626,-0.8286,160.02,-246.75,2293.48
1.8702,0.0522,1.6133,-0.9506,164.92,-239.19,2293.48
1.8726,0.0717,1.6421,-1.1688,166.53,-235.76,2293.48
1.8750,0.1205,1.6343,-1.2995,171.92,-229.18,2293.48
1.8774,0.1523,1.6387,-1.2917,175.70,-221.62,2293.48
1.8798,0.2025,1.6275,-1.1580,176.26,-216.65,2293.48
1.8822,0.2562,1.6226,-1.1004,179.06,-203.70,2293.48
1.8846,0.2669,1.6319,-1.1458,178.57,-193.34,2293.48
1.8870,0.2972,1.5972,-1.1990,178.22,-184.94,2293.48
1.8894,0.3338,1.5538,-1.2371,176.75,-174.65,2293.48
1.8918,0.3577,1.4972,-1.2327,175.14,-163.94,2293.48
1.8942,0.3582,1.4367,-1.1248,175.14,-153.79,2293.48
1.8966,0.3518,1.3923,-0.9516,174.93,-147.70,2293.48
1.8990,0.3748,1.3703,-0.8896,173.74,-138.88,2293.48
1.9014,0.3782,1.3547,-0.9780,172.34,-128.66,2293.48
1.9038,0.3762,1.3410,-1.1000,170.59,-124.88,2293.48
1.9063,0.4089,1.3288,-1.1570,165.06,-119.91,2293.48
1.9087,0.4592,1.2820,-1.2132,160.51,-110.32,2293.48
1.9111,0.4690,1.2400,-1.2122,156.24,-99.05,2293.48
1.9135,0.4421,1.2151,-1.1151,149.73,-93.59,2293.48
1.9159,0.4309,1.1736,-0.9897,143.99,-89.81,2293.48
1.9183,0.4543,1.1561,-0.9511,140.00,-85.05,2293.48
1.9207,0.4304,1.1463,-0.9819,129.78,-74.62,2293.48
1.9231,0.3953,1.0746,-1.0463,122.22,-74.06,2293.48
1.9255,0.4163,1.0297,-1.1244,119.70,-69.37,2293.48
1.9279,0.3792,1.0141,-1.0555,111.51,-64.96,2293.48
1.9303,0.3499,0.9536,-1.0194,104.51,-64.82,2293.48
1.9327,0.3426,0.9121,-1.0121,102.41,-60.41,2293.48
1.9351,0.3123,0.9184,-1.0599,99.82,-58.87,2293.48
1.9375,0.2772,0.9272,-1.1473,91.14,-58.38,2293.48
1.9399,0.2572,0.9033,-1.1429,85.33,-60.20,2293.48
1.9423,0.2381,0.8999,-1.0536,81.62,-59.85,2293.48
1.9447,0.2001,0.9209,-0.9404,75.25,-63.56,2293.48
1.9471,0.1747,0.9116,-0.9345,68.32,-67.06,2293.48
1.9495,0.1352,0.8916,-1.0146,66.43,-70.00,2293.48
1.9519,0.0776,0.9194,-1.1043,64.47,-74.27,2293.48
1.9543,0.0259,0.9496,-1.0990,57.75,-83.23,2293.48
1.9567,0.0044,0.9506,-1.0614,55.65,-91.00,2293.48
1.9591,-0.0068,0.9706,-0.9882,53.83,-98.35,2293.48
1.9615,-0.0351,1.0194,-0.9223,52.43,-104.79,2293.48
1.9639,-0.0659,1.0536,-0.9306,49.21,-114.45,2293.48
1.9663,-0.0561,1.0843,-0.9326,50.12,-125.37,2293.48
1.9688,-0.0532,1.1424,-0.9179,49.14,-129.64,2293.48
1.9712,-0.0776,1.1761,-0.8638,45.85,-140.63,2293.48
1.9736,-0.0581,1.1844,-0.7388,45.01,-150.71,2293.48
1.9760,-0.0371,1.2015,-0.6422,47.95,-154.84,2293.48
1.9784,-0.0307,1.2503,-0.6163,49.70,-162.75,2293.48
1.9808,0.0093,1.2952,-0.5797,48.72,-170.52,2293.48
1.9832,0.0522,1.2995,-0.5754,49.91,-172.83,2293.48
1.9856,0.0703,1.3030,-0.5251,53.76,-176.12,2293.48
1.9880,0.0844,1.3186,-0.4133,56.70,-180.46,2293.48
1.9904,0.0913,1.3147,-0.3631,58.80,-183.68,2293.48
1.9928,0.0952,1.3264,-0.3660,64.68,-186.76,2293.48
1.9952,0.0869,1.3776,-0.3953,68.95,-187.81,2293.48
1.9976,0.0708,1.4123,-0.4182,70.42,-193.55,2293.48
2.0000,0.0991,1.4269,-0.4099,73.15,-198.73,2293.48
2.0024,0.1308,1.4411,-0.3787,76.51,-199.71,2293.48
2.0048,0.1342,1.4557,-0.3762,79.87,-201.95,2293.48
2.0072,0.1576,1.4616,-0.4211,83.93,-206.15,2293.48
2.0096,0.1947,1.4660,-0.4860,88.20,-206.15,2293.48
2.0120,0.2167,1.4738,-0.5300,91.00,-206.22,2293.48
2.0144,0.2401,1.4713,-0.5422,94.92,-206.22,2293.48
2.0168,0.2557,1.4977,-0.5627,98.35,-205.66,2293.48
2.0192,0.2962,1.5294,-0.6324,98.56,-205.38,2293.48
2.0216,0.3392,1.5113,-0.6773,99.68,-200.13,2293.48
2.0240,0.3509,1.4869,-0.6612,103.04,-198.73,2293.48
2.0264,0.3919,1.4484,-0.6290,103.60,-197.89,2293.48
2.0288,0.4036,1.3991,-0.5988,108.29,-189.84,2293.48
2.0313,0.3645,1.3942,-0.5998,113.54,-187.67,2293.48
2.0337,0.3645,1.3713,-0.6422,114.94,-188.23,2293.48
2.0361,0.3762,1.3274,-0.6725,120.61,-183.82,2293.48
2.0385,0.3748,1.3122,-0.6749,125.37,-181.09,2293.48
2.0409,0.3689,1.2971,-0.6744,127.33,-178.43,2293.48
2.0433,0.3655,1.2668,-0.6773,130.34,-176.96,2293.48
2.0457,0.3582,1.2361,-0.6754,134.68,-172.69,2293.48
2.0481,0.3030,1.2210,-0.6183,138.81,-170.73,2293.48
2.0505,0.2928,1.1971,-0.5841,141.89,-174.02,2293.48
2.0529,0.3133,1.1775,-0.6251,145.88,-168.70,2293.48
2.0553,0.2972,1.1810,-0.7193,147.91,-166.11,2293.48
2.0577,0.3255,1.1546,-0.8316,147.84,-164.64,2293.48
2.0601,0.3431,1.1229,-0.9013,151.76,-155.75,2293.48
2.0625,0.2811,1.1263,-0.8891,152.74,-152.04,2293.48
2.0649,0.2757,1.0878,-0.8472,151.69,-154.49,2293.48
2.0673,0.3182,1.0482,-0.8496,154.56,-145.11,2293.48
2.0697,0.2860,1.0453,-0.9116,155.12,-135.31,2293.48
2.0721,0.2674,1.0116,-1.0097,152.67,-133.63,2293.48
2.0745,0.2635,0.9750,-1.0350,153.02,-124.53,2293.48
2.0769,0.2084,0.9760,-0.9736,153.79,-118.09,2293.48
2.0793,0.1825,0.9770,-0.8935,151.48,-115.85,2293.48
2.0817,0.1757,0.9423,-0.8418,149.94,-110.39,2293.48
2.0841,0.1503,0.9487,-0.8628,153.02,-103.53,2293.48
2.0865,0.1078,0.9892,-0.9272,149.10,-96.88,2293.48
2.0889,0.0688,0.9848,-0.9614,144.34,-96.67,2293.48
2.0913,0.0703,0.9775,-0.9399,143.78,-93.52,2293.48
2.0938,0.0405,1.0082,-0.8374,139.65,-88.41,2293.48
2.0962,0.0063,1.0131,-0.7579,132.51,-89.74,2293.48
2.0986,0.0059,1.0058,-0.7632,130.06,-88.06,2293.48
2.1010,-0.0107,1.0594,-0.8028,127.96,-84.63,2293.48
2.1034,-0.0503,1.1019,-0.8891,118.51,-84.56,2293.48
2.1058,-0.0503,1.0946,-0.9550,111.58,-90.51,2293.48
2.1082,-0.0010,1.1043,-0.8911,109.34,-90.23,2293.48
2.1106,-0.0020,1.1551,-0.7564,103.11,-87.15,2293.48
2.1130,-0.0425,1.1829,-0.7261,94.50,-89.67,2293.48
2.1154,-0.0332,1.1980,-0.8106,90.65,-94.08,2293.48
2.1178,-0.0068,1.2512,-0.8940,85.61,-94.29,2293.48
2.1202,-0.0249,1.2830,-0.9594,77.21,-96.46,2293.48
2.1226,-0.0171,1.2790,-0.9443,71.26,-104.93,2293.48
2.1250,0.0434,1.2995,-0.8174,68.11,-107.87,2293.48
2.1274,0.0654,1.3186,-0.6788,61.60,-109.20,2293.48
2.1298,0.0922,1.3054,-0.5915,57.05,-116.97,2293.48
2.1322,0.1498,1.2942,-0.5714,55.44,-117.04,2293.48
2.1346,0.1420,1.3054,-0.6217,54.32,-117.81,2293.48
2.1370,0.1235,1.3337,-0.7188,51.45,-124.39,2293.48
2.1394,0.1552,1.3435,-0.7422,49.42,-129.92,2293.48
2.1418,0.1776,1.3649,-0.6778,50.40,-133.14,2293.48
2.1442,0.1786,1.3996,-0.6237,47.81,-139.86,2293.48
2.1466,0.2118,1.4010,-0.5905,45.43,-147.00,2293.48
2.1490,0.2489,1.4045,-0.6002,46.48,-148.54,2293.48
2.1514,0.2562,1.4176,-0.6412,45.29,-154.07,2293.48
2.1538,0.2869,1.4108,-0.6622,43.75,-161.77,2293.48
2.1563,0.3279,1.3981,-0.6588,44.66,-165.27,2293.48
2.1587,0.3338,1.3986,-0.6154,46.20,-168.56,2293.48
2.1611,0.3333,1.4015,-0.5773,46.62,-174.30,2293.48
2.1635,0.3587,1.3762,-0.5836,48.09,-179.06,2293.48
2.1659,0.3777,1.3732,-0.6232,52.92,-181.02,2293.48
2.1683,0.3748,1.3849,-0.6749,52.71,-185.64,2293.48
2.1707,0.4153,1.3464,-0.6788,54.67,-190.68,2293.48
2.1731,0.4397,1.3259,-0.6290,60.62,-188.16,2293.48
2.1755,0.4124,1.3176,-0.5700,62.44,-190.75,2293.48
2.1779,0.4211,1.2751,-0.5353,65.52,-194.81,2293.48
2.1803,0.4163,1.2371,-0.5295,72.73,-192.71,2293.48
2.1827,0.3811,1.2361,-0.5417,79.10,-194.53,2293.48
2.1851,0.3675,1.2220,-0.5632,81.69,-195.44,2293.48
2.1875,0.3479,1.1775,-0.5851,87.22,-196.49,2293.48
2.1899,0.3611,1.1536,-0.6061,94.36,-199.36,2293.48
2.1923,0.3943,1.1497,-0.6339,100.87,-194.88,2293.48
2.1947,0.3758,1.1287,-0.6847,105.21,-191.10,2293.48
2.1971,0.3597,1.0931,-0.7115,112.49,-191.24,2293.48
2.1995,0.3514,1.0814,-0.6881,118.58,-186.83,2293.48
2.2019,0.3221,1.0682,-0.6730,122.22,-182.77,2293.48
2.2043,0.2962,1.0438,-0.6510,126.84,-179.90,2293.48
2.2067,0.2835,1.0399,-0.6134,131.95,-176.96,2293.48
2.2091,0.2616,1.0399,-0.5783,135.10,-171.78,2293.48
2.2115,0.2206,1.0390,-0.5558,138.60,-169.05,2293.48
2.2139,0.1986,1.0350,-0.5124,140.98,-167.37,2293.48
2.2163,0.1835,1.0399,-0.4509,143.64,-162.05,2293.48
2.2188,0.1606,1.0570,-0.4168,144.27,-158.69,2293.48
2.2212,0.1601,1.0599,-0.4109,144.41,-155.68,2293.48
2.2236,0.1576,1.0673,-0.4314,143.71,-150.43,2293.48
2.2260,0.1347,1.0721,-0.4431,141.68,-144.83,2293.48
2.2284,0.0976,1.0648,-0.4631,140.70,-140.28,2293.48
2.2308,0.0634,1.0609,-0.4641,139.72,-138.32,2293.48
2.2332,0.0551,1.0614,-0.4690,138.81,-134.12,2293.48
2.2356,0.0425,1.0731,-0.4651,136.36,-129.92,2293.48
2.2380,0.0464,1.1024,-0.4202,135.03,-128.45,2293.48
2.2404,0.0610,1.1361,-0.3909,131.39,-124.46,2293.48
2.2428,0.0610,1.1541,-0.4197,127.54,-120.54,2293.48
2.2452,0.0429,1.1707,-0.4939,123.06,-116.20,2293.48
2.2476,0.0264,1.1936,-0.5666,118.02,-115.36,2293.48
2.2500,0.0366,1.2049,-0.6149,112.77,-112.91,2293.48
2.2524,0.0229,1.2112,-0.6627,109.62,-110.25,2293.48
2.2548,0.0185,1.2190,-0.7027,105.35,-111.51,2293.48
2.2572,0.0337,1.2346,-0.6998,101.43,-109.97,2293.48
2.2596,0.0386,1.2551,-0.6978,97.09,-108.85,2293.48
2.2620,0.0600,1.2654,-0.6837,93.45,-109.27,2293.48
2.2644,0.0913,1.2703,-0.6754,90.93,-107.45,2293.48
2.2668,0.0996,1.2810,-0.6974,88.48,-106.19,2293.48
2.2692,0.0996,1.3010,-0.7593,85.26,-107.73,2293.48
2.2716,0.1181,1.3142,-0.8467,82.18,-108.22,2293.48
2.2740,0.1249,1.3318,-0.8745,80.78,-107.45,2293.48
2.2764,0.1322,1.3435,-0.8291,77.21,-110.39,2293.48
2.2788,0.1688,1.3225,-0.7593,74.13,-112.56,2293.48
2.2813,0.1898,1.3034,-0.7413,74.69,-112.49,2293.48
2.2837,0.1981,1.3113,-0.7613,74.55,-115.99,2293.48
2.2861,0.2172,1.3347,-0.8301,73.36,-118.02,2293.48
2.2885,0.2118,1.3488,-0.9121,71.75,-119.77,2293.48
2.2909,0.2284,1.3464,-0.8774,72.03,-126.42,2293.48
2.2933,0.2728,1.3518,-0.8032,71.19,-127.96,2293.48
2.2957,0.2713,1.3518,-0.7867,69.23,-130.13,2293.48
2.2981,0.2835,1.3483,-0.8379,70.07,-137.06,2293.48
2.3005,0.3216,1.3654,-0.9062,69.93,-138.67,2293.48
2.3029,0.3362,1.3747,-0.9945,67.55,-140.21,2293.48
2.3053,0.3562,1.3684,-1.0565,65.73,-144.34,2293.48
2.3077,0.3792,1.3586,-1.0311,64.33,-147.21,2293.48
2.3101,0.4065,1.3342,-0.9931,62.58,-149.87,2293.48
2.3125,0.4211,1.3020,-0.9789,62.37,-149.94,2293.48
2.3149,0.4075,1.2815,-0.9814,61.88,-153.23,2293.48
2.3173,0.4246,1.2488,-1.0102,61.32,-157.29,2293.48
2.3197,0.4353,1.2137,-1.0375,63.07,-155.89,2293.48
2.3221,0.4172,1.1927,-1.0419,64.54,-158.83,2293.48
2.3245,0.4148,1.1653,-1.0326,65.80,-161.70,2293.48
2.3269,0.4119,1.1380,-1.0370,67.90,-161.91,2293.48
2.3293,0.4094,1.1346,-1.0604,71.54,-162.54,2293.48
2.3317,0.3972,1.1312,-1.1087,72.94,-162.40,2293.48
2.3341,0.3806,1.1039,-1.1624,74.62,-163.80,2293.48
2.3365,0.3562,1.0921,-1.1492,77.91,-163.66,2293.48
2.3389,0.3250,1.0907,-1.1024,78.89,-165.76,2293.48
2.3413,0.3123,1.0756,-1.0853,81.06,-166.74,2293.48
2.3438,0.2811,1.0707,-1.1058,84.63,-165.83,2293.48
2.3462,0.2445,1.0697,-1.1541,86.24,-168.49,2293.48
2.3486,0.2235,1.0590,-1.1766,87.22,-169.96,2293.48
2.3510,0.2035,1.0453,-1.1610,90.72,-170.59,2293.48
2.3534,0.1898,1.0585,-1.0790,93.73,-171.99,2293.48
2.3558,0.1776,1.0687,-0.9838,93.94,-172.55,2293.48
2.3582,0.1537,1.0697,-0.9423,95.90,-172.55,2293.48
2.3606,0.1322,1.0838,-0.9457,98.07,-173.11,2293.48
2.3630,0.1147,1.1004,-0.9975,98.63,-172.76,2293.48
2.3654,0.0937,1.1097,-1.0019,97.93,-174.44,2293.48
2.3678,0.0961,1.1087,-0.9555,100.24,-174.65,2293.48
2.3702,0.0898,1.1063,-0.9248,103.39,-172.34,2293.48
2.3726,0.0551,1.1263,-0.9526,105.84,-171.57,2293.48
2.3750,0.0288,1.1341,-1.0165,105.49,-172.48,2293.48
2.3774,0.0142,1.1317,-1.0663,110.18,-171.71,2293.48
2.3798,-0.0029,1.1614,-1.0209,112.35,-171.57,2293.48
2.3822,-0.0063,1.1790,-0.9038,113.61,-172.27,2293.48
2.3846,-0.0049,1.1941,-0.8491,116.41,-169.96,2293.48
2.3870,-0.0215,1.2205,-0.8828,119.49,-169.19,2293.48
2.3894,-0.0346,1.2542,-0.9472,121.52,-169.54,2293.48
2.3918,-0.0464,1.2810,-1.0111,122.57,-168.98,2293.48
2.3942,-0.0517,1.2927,-1.0263,124.25,-169.75,2293.48
2.3966,-0.0342,1.3039,-0.9570,126.00,-169.12,2293.48
2.3990,-0.0322,1.3220,-0.9072,127.33,-166.81,2293.48
2.4014,-0.0254,1.3337,-0.9179,128.24,-168.00,2293.48
2.4038,0.0010,1.3576,-0.9711,130.48,-166.11,2293.48
2.4063,0.0044,1.3991,-1.0482,129.50,-164.08,2293.48
2.4087,0.0181,1.4152,-1.0878,128.59,-164.99,2293.48
2.4111,0.0468,1.4279,-1.0765,129.22,-164.01,2293.48
2.4135,0.0791,1.4494,-1.0116,127.68,-162.33,2293.48
2.4159,0.1049,1.4508,-0.9775,125.16,-158.69,2293.48
2.4183,0.1337,1.4372,-0.9911,124.11,-158.62,2293.48
2.4207,0.1742,1.4376,-1.0321,123.62,-155.12,2293.48
2.4231,0.1820,1.4376,-1.0634,120.61,-151.62,2293.48
2.4255,0.1850,1.4186,-1.0287,120.12,-150.64,2293.48
2.4279,0.2089,1.4050,-0.9731,120.26,-148.75,2293.48
2.4303,0.2269,1.4035,-0.9433,119.28,-146.30,2293.48
2.4327,0.2391,1.3903,-0.9784,117.18,-145.39,2293.48
2.4351,0.2655,1.3801,-1.0458,116.90,-144.06,2293.48
2.4375,0.2884,1.3898,-1.0980,114.94,-140.63,2293.48
2.4399,0.3035,1.3757,-1.0965,111.86,-139.51,2293.48
2.4423,0.3318,1.3474,-1.0516,110.53,-138.60,2293.48
2.4447,0.3538,1.3269,-0.9965,108.36,-136.29,2293.48
2.4471,0.3528,1.2947,-0.9750,106.12,-134.05,2293.48
2.4495,0.3401,1.2586,-0.9755,105.00,-133.49,2293.48
2.4519,0.3367,1.2449,-0.9770,103.95,-133.84,2293.48
2.4543,0.3265,1.2327,-0.9687,100.94,-133.84,2293.48
2.4567,0.3143,1.2107,-0.9526,99.68,-136.15,2293.48
2.4591,0.3221,1.1897,-0.9496,99.33,-136.92,2293.48
2.4615,0.3367,1.1712,-1.0014,99.19,-136.78,2293.48
2.4639,0.3416,1.1488,-1.1239,97.02,-136.99,2293.48
2.4663,0.3338,1.1273,-1.1702,96.53,-139.44,2293.48
2.4688,0.3440,1.1170,-1.1458,96.39,-140.21,2293.48
2.4712,0.3362,1.1073,-1.1082,95.69,-135.80,2293.48
2.4736,0.2938,1.1004,-1.0790,94.99,-137.62,2293.48
2.4760,0.2855,1.0907,-1.0858,93.31,-141.33,2293.48
2.4784,0.2821,1.0804,-1.1180,92.40,-140.00,2293.48
2.4808,0.2523,1.0741,-1.1614,91.00,-140.77,2293.48
2.4832,0.2308,1.0721,-1.1444,89.53,-144.27,2293.48
2.4856,0.2367,1.0677,-1.0799,87.85,-147.14,2293.48
2.4880,0.2347,1.0512,-1.0224,87.64,-145.74,2293.48
2.4904,0.2040,1.0292,-1.0263,88.06,-146.44,2293.48
2.4928,0.1742,1.0126,-1.0399,87.22,-149.17,2293.48
2.4952,0.1606,0.9858,-1.0502,89.25,-150.43,2293.48
2.4976,0.1313,0.9721,-1.0541,93.73,-150.50,2293.48
2.5000,0.0947,0.9750,-1.0311,97.16,-153.72,2293.48
2.5024,0.0630,0.9706,-1.0150,100.73,-155.75,2293.48
2.5048,0.0390,0.9687,-1.0155,106.68,-158.90,2293.48
2.5072,0.0229,0.9877,-0.9960,112.84,-159.67,2293.48
2.5096,-0.0137,1.0233,-0.9462,116.41,-161.14,2293.48
2.5120,-0.0298,1.0370,-0.9331,121.38,-164.29,2293.48
2.5144,-0.0239,1.0687,-0.9004,128.38,-163.73,2293.48
2.5168,-0.0410,1.1185,-0.8506,129.99,-164.08,2293.48
2.5192,-0.0464,1.1331,-0.8257,131.60,-166.53,2293.48
2.5216,-0.0483,1.1458,-0.8091,136.50,-164.92,2293.48
2.5240,-0.0659,1.1873,-0.8101,140.00,-165.13,2293.48
2.5264,-0.0781,1.2185,-0.8189,140.63,-165.20,2293.48
2.5288,-0.0859,1.2273,-0.8369,142.94,-165.97,2293.48
2.5313,-0.0839,1.2673,-0.8213,146.23,-166.18,2293.48
2.5337,-0.0810,1.3044,-0.7808,145.46,-165.48,2293.48
2.5361,-0.0737,1.3083,-0.7579,145.88,-165.55,2293.48
2.5385,-0.0512,1.3176,-0.7369,147.63,-165.27,2293.48
2.5409,-0.0332,1.3342,-0.7164,147.00,-161.70,2293.48
2.5433,-0.0366,1.3474,-0.7305,145.39,-159.95,2293.48
2.5457,-0.0137,1.3596,-0.7544,145.11,-160.37,2293.48
2.5481,0.0210,1.3864,-0.7779,143.64,-156.38,2293.48
2.5505,0.0444,1.4035,-0.8052,140.35,-155.12,2293.48
2.5529,0.0956,1.3967,-0.7920,139.65,-152.53,2293.48
2.5553,0.1357,1.3898,-0.7779,138.11,-147.77,2293.48
2.5577,0.1498,1.3752,-0.7642,135.24,-144.34,2293.48
2.5601,0.1645,1.3459,-0.7730,134.75,-140.56,2293.48
2.5625,0.1850,1.3361,-0.7754,134.89,-137.83,2293.48
2.5649,0.2079,1.3342,-0.7828,133.35,-133.21,2293.48
2.5673,0.2015,1.3215,-0.8028,132.02,-129.22,2293.48
2.5697,0.2103,1.3147,-0.7954,131.81,-129.15,2293.48
2.5721,0.2386,1.3088,-0.7852,130.27,-124.32,2293.48
2.5745,0.2401,1.3054,-0.8052,128.24,-121.52,2293.48
2.5769,0.2401,1.2912,-0.8433,125.72,-120.89,2293.48
2.5793,0.2440,1.2683,-0.8301,124.67,-120.40,2293.48
2.5817,0.2440,1.2527,-0.7954,123.20,-119.49,2293.48
2.5841,0.2323,1.2293,-0.7593,121.17,-119.28,2293.48
2.5865,0.2245,1.2000,-0.7364,120.40,-121.17,2293.48
2.5889,0.2206,1.1893,-0.7418,119.84,-121.59,2293.48
2.5913,0.2079,1.1990,-0.7842,117.95,-123.62,2293.48
2.5938,0.2216,1.1922,-0.8560,115.43,-127.33,2293.48
2.5962,0.2708,1.1800,-0.9248,115.50,-127.96,2293.48
2.5986,0.2948,1.1883,-0.9648,112.91,-125.79,2293.48
2.6010,0.3065,1.1722,-0.9697,108.78,-127.19,2293.48
2.6034,0.3289,1.1380,-0.9711,107.80,-125.58,2293.48
2.6058,0.3245,1.1263,-0.9770,106.19,-123.55,2293.48
2.6082,0.3104,1.1170,-0.9653,101.29,-122.99,2293.48
2.6106,0.3040,1.0897,-0.9711,98.84,-123.20,2293.48
2.6130,0.3040,1.0643,-1.0019,98.00,-121.87,2293.48
2.6154,0.2874,1.0653,-1.0014,96.04,-119.98,2293.48
2.6178,0.2640,1.0463,-0.9872,92.33,-120.82,2293.48
2.6202,0.2611,1.0150,-0.9823,92.68,-120.75,2293.48
2.6226,0.2523,1.0136,-0.9701,92.61,-119.14,2293.48
2.6250,0.2162,1.0136,-0.9692,89.88,-119.70,2293.48
2.6274,0.1986,0.9916,-0.9809,88.27,-122.57,2293.48
2.6298,0.1957,0.9877,-0.9545,89.60,-121.94,2293.48
2.6322,0.1581,0.9941,-0.9082,89.04,-121.87,2293.48
2.6346,0.1215,0.9755,-0.9091,88.69,-125.09,2293.48
2.6370,0.1035,0.9736,-0.8877,90.44,-127.89,2293.48
2.6394,0.0756,0.9833,-0.8589,92.26,-128.87,2293.48
2.6418,0.0371,0.9965,-0.8369,93.38,-132.58,2293.48
2.6442,0.0288,1.0082,-0.8032,95.27,-137.41,2293.48
2.6466,0.0224,1.0272,-0.7959,97.72,-138.04,2293.48
2.6490,0.0015,1.0585,-0.7847,98.84,-142.17,2293.48
2.6514,-0.0020,1.0751,-0.7593,99.68,-144.97,2293.48
2.6538,-0.0073,1.1009,-0.7164,101.85,-147.21,2293.48
2.6563,-0.0127,1.1244,-0.6964,102.27,-149.52,2293.48
2.6587,-0.0161,1.1380,-0.6934,103.81,-151.76,2293.48
2.6611,-0.0215,1.1619,-0.7096,104.93,-153.86,2293.48
2.6635,-0.0234,1.1849,-0.7276,105.63,-155.68,2293.48
2.6659,-0.0254,1.2058,-0.7198,106.40,-158.27,2293.48
2.6683,-0.0127,1.2273,-0.6939,107.10,-161.98,2293.48
2.6707,-0.0010,1.2498,-0.6705,108.50,-162.47,2293.48
2.6731,-0.0117,1.2698,-0.6651,108.78,-163.80,2293.48
2.6755,-0.0010,1.2869,-0.6573,109.55,-166.81,2293.48
2.6779,0.0371,1.2986,-0.6398,111.16,-166.95,2293.48
2.6803,0.0527,1.3103,-0.6315,113.12,-165.48,2293.48
2.6827,0.0576,1.3142,-0.6329,113.89,-166.53,2293.48
2.6851,0.0874,1.2966,-0.6076,116.20,-166.32,2293.48
2.6875,0.0976,1.2956,-0.6168,120.40,-162.47,2293.48
2.6899,0.0903,1.3039,-0.6471,121.80,-162.19,2293.48
2.6923,0.1059,1.3059,-0.6647,125.37,-160.93,2293.48
2.6947,0.1098,1.3161,-0.6998,127.40,-158.20,2293.48
2.6971,0.1288,1.3200,-0.6939,128.66,-158.48,2293.48
2.6995,0.1566,1.3259,-0.6876,130.48,-153.93,2293.48
2.7019,0.1566,1.3239,-0.6856,131.67,-152.11,2293.48
2.7043,0.1762,1.3264,-0.6861,133.14,-150.64,2293.48
2.7067,0.1825,1.3293,-0.7159,132.09,-146.79,2293.48
2.7091,0.1859,1.3166,-0.7232,132.02,-145.81,2293.48
2.7115,0.2054,1.3156,-0.7252,131.74,-142.17,2293.48
2.7139,0.2206,1.3108,-0.7174,129.99,-140.77,2293.48
2.7163,0.2489,1.3005,-0.6993,129.29,-138.46,2293.48
2.7188,0.2708,1.2942,-0.6832,127.89,-135.31,2293.48
2.7212,0.2908,1.2834,-0.6812,125.93,-132.51,2293.48
2.7236,0.3026,1.2673,-0.7032,123.69,-128.31,2293.48
2.7260,0.3001,1.2498,-0.6939,121.59,-126.98,2293.48
2.7284,0.3152,1.2317,-0.6446,118.51,-125.16,2293.48
2.7308,0.3201,1.2034,-0.5905,115.50,-121.45,2293.48
2.7332,0.3235,1.1741,-0.5592,113.47,-121.17,2293.48
2.7356,0.3523,1.1590,-0.5783,111.86,-118.51,2293.48
2.7380,0.3567,1.1385,-0.6388,108.36,-114.24,2293.48
2.7404,0.3523,1.1117,-0.6754,105.84,-113.40,2293.48
2.7428,0.3587,1.0897,-0.6793,103.95,-111.23,2293.48
2.7452,0.3567,1.0682,-0.6593,101.22,-109.20,2293.48
2.7476,0.3484,1.0497,-0.6202,98.63,-106.54,2293.48
2.7500,0.3314,1.0385,-0.5929,96.18,-105.07,2293.48
2.7524,0.3235,1.0194,-0.6012,93.87,-103.74,2293.48
2.7548,0.3065,1.0058,-0.6422,92.12,-101.92,2293.48
2.7572,0.2840,1.0019,-0.6564,90.09,-103.25,2293.48
2.7596,0.2757,0.9950,-0.6281,87.36,-103.46,2293.48
2.7620,0.2577,0.9848,-0.5949,84.21,-102.97,2293.48
2.7644,0.2347,0.9687,-0.5890,81.97,-104.79,2293.48
2.7668,0.2157,0.9633,-0.6061,81.13,-106.54,2293.48
2.7692,0.2020,0.9736,-0.6339,80.22,-107.17,2293.48
2.7716,0.1747,0.9838,-0.6481,77.70,-108.36,2293.48
2.7740,0.1503,0.9872,-0.6188,76.58,-112.28,2293.48
2.7764,0.1440,0.9989,-0.5627,75.67,-115.01,2293.48
2.7788,0.1157,1.0102,-0.5275,73.99,-117.18,2293.48
2.7813,0.0932,1.0141,-0.5402,73.43,-123.27,2293.48
2.7837,0.0869,1.0287,-0.5627,73.29,-127.12,2293.48
2.7861,0.0673,1.0546,-0.5549,72.31,-130.69,2293.48
2.7885,0.0556,1.0751,-0.5104,71.89,-136.36,2293.48
2.7909,0.0620,1.0970,-0.4612,72.45,-141.82,2293.48
2.7933,0.0698,1.1263,-0.4543,72.52,-145.25,2293.48
2.7957,0.0717,1.1400,-0.4826,71.89,-149.73,2293.48
2.7981,0.0752,1.1512,-0.5358,73.29,-153.79,2293.48
2.8005,0.0913,1.1751,-0.5627,73.43,-158.06,2293.48
2.8029,0.1137,1.1912,-0.5578,73.99,-159.11,2293.48
2.8053,0.1161,1.2063,-0.5563,74.62,-160.16,2293.48
2.8077,0.1386,1.2107,-0.5641,75.60,-163.17,2293.48
2.8101,0.1640,1.2132,-0.6061,77.91,-160.44,2293.48
2.8125,0.1596,1.2180,-0.6695,79.31,-159.88,2293.48
2.8149,0.1723,1.2132,-0.7110,81.69,-159.81,2293.48
2.8173,0.1864,1.2098,-0.7208,84.77,-156.66,2293.48
2.8197,0.1903,1.2058,-0.6969,88.13,-154.21,2293.48
2.8221,0.1962,1.1976,-0.6539,92.26,-151.13,2293.48
2.8245,0.1972,1.1888,-0.6549,96.25,-148.47,2293.48
2.8269,0.1991,1.1819,-0.7013,101.08,-145.60,2293.48
2.8293,0.1918,1.1941,-0.7720,106.12,-141.96,2293.48
2.8317,0.1688,1.2127,-0.8291,109.20,-139.93,2293.48
2.8341,0.1615,1.2088,-0.8330,112.91,-138.25,2293.48
2.8365,0.1518,1.2058,-0.8052,117.18,-136.01,2293.48
2.8389,0.1435,1.2000,-0.7784,120.12,-136.50,2293.48
2.8413,0.1576,1.2019,-0.8130,124.32,-134.19,2293.48
2.8438,0.1630,1.2161,-0.9091,126.98,-132.09,2293.48
2.8462,0.1713,1.2288,-0.9780,129.01,-132.16,2293.48
2.8486,0.1893,1.2356,-0.9960,129.64,-131.60,2293.48
2.8510,0.2074,1.2439,-0.9823,130.69,-129.92,2293.48
2.8534,0.2181,1.2561,-0.9697,130.27,-127.26,2293.48
2.8558,0.2298,1.2522,-0.9706,129.01,-126.70,2293.48
2.8582,0.2586,1.2532,-0.9897,128.10,-125.51,2293.48
2.8606,0.2767,1.2522,-1.0331,124.53,-121.73,2293.48
2.8630,0.2786,1.2434,-1.0433,121.31,-120.68,2293.48
2.8654,0.3040,1.2273,-1.0082,117.67,-120.05,2293.48
2.8678,0.3377,1.2078,-0.9545,114.59,-116.41,2293.48
2.8702,0.3484,1.1927,-0.9150,110.46,-113.40,2293.48
2.8726,0.3572,1.1634,-0.9018,105.98,-112.35,2293.48
2.8750,0.3704,1.1400,-0.8955,102.41,-109.48,2293.48
2.8774,0.3626,1.1214,-0.9028,97.93,-106.68,2293.48
2.8798,0.3558,1.0965,-0.9052,93.73,-106.47,2293.48
2.8822,0.3577,1.0790,-0.8740,90.58,-105.49,2293.48
2.8846,0.3499,1.0594,-0.8452,87.36,-104.02,2293.48
2.8870,0.3348,1.0438,-0.8335,84.42,-102.69,2293.48
2.8894,0.3133,1.0263,-0.8198,80.57,-103.11,2293.48
2.8918,0.3070,1.0033,-0.8057,78.75,-104.09,2293.48
2.8942,0.2957,0.9931,-0.7745,77.07,-103.32,2293.48
2.8966,0.2718,0.9872,-0.7408,74.48,-104.86,2293.48
2.8990,0.2567,0.9819,-0.7271,72.80,-106.82,2293.48
2.9014,0.2460,0.9789,-0.7237,71.40,-108.15,2293.48
2.9038,0.2323,0.9804,-0.7335,70.21,-110.25,2293.48
2.9063,0.2118,0.9819,-0.7588,69.16,-113.19,2293.48
2.9087,0.1928,0.9882,-0.7945,68.32,-116.27,2293.48
2.9111,0.1718,0.9984,-0.8350,67.34,-119.07,2293.48
2.9135,0.1527,1.0111,-0.8662,66.78,-124.18,2293.48
2.9159,0.1493,1.0292,-0.8833,66.29,-129.01,2293.48
2.9183,0.1362,1.0477,-0.9057,66.15,-132.09,2293.48
2.9207,0.1122,1.0619,-0.9296,65.59,-137.13,2293.48
2.9231,0.1020,1.0721,-0.9384,65.10,-142.10,2293.48
2.9255,0.0839,1.0790,-0.9433,65.24,-145.74,2293.48
2.9279,0.0605,1.0887,-0.9384,66.71,-150.78,2293.48
2.9303,0.0468,1.1034,-0.9033,67.83,-155.19,2293.48
2.9327,0.0376,1.1078,-0.8833,69.93,-159.60,2293.48
2.9351,0.0283,1.1180,-0.8569,72.73,-163.31,2293.48
2.9375,0.0127,1.1448,-0.8218,75.25,-167.65,2293.48
2.9399,0.0088,1.1590,-0.7959,77.56,-171.99,2293.48
2.9423,0.0107,1.1775,-0.7657,81.76,-174.37,2293.48
2.9447,0.0073,1.2137,-0.7354,84.84,-177.59,2293.48
2.9471,0.0224,1.2283,-0.7017,87.64,-180.74,2293.48
2.9495,0.0434,1.2395,-0.6778,92.05,-181.23,2293.48
2.9519,0.0522,1.2512,-0.6417,94.78,-182.98,2293.48
2.9543,0.0659,1.2576,-0.6207,98.42,-184.52,2293.48
2.9567,0.0825,1.2654,-0.6110,101.78,-184.24,2293.48
2.9591,0.0932,1.2732,-0.5993,105.35,-183.19,2293.48
2.9615,0.0942,1.2839,-0.6242,108.22,-182.70,2293.48
2.9639,0.1044,1.2825,-0.6446,111.72,-182.63,2293.48
2.9663,0.1196,1.2869,-0.6398,115.15,-180.88,2293.48
2.9688,0.1240,1.2952,-0.6403,117.60,-179.55,2293.48
2.9712,0.1371,1.2966,-0.6564,120.61,-177.87,2293.48
2.9736,0.1518,1.3083,-0.6920,123.48,-175.14,2293.48
2.9760,0.1571,1.3210,-0.7496,124.88,-172.83,2293.48
2.9784,0.1688,1.3244,-0.7891,126.35,-171.29,2293.48
2.9808,0.1840,1.3278,-0.8028,128.38,-167.65,2293.48
2.9832,0.1864,1.3205,-0.8028,128.87,-164.50,2293.48
2.9856,0.2006,1.3088,-0.7950,130.34,-163.03,2293.48
2.9880,0.2216,1.3064,-0.7920,131.04,-159.39,2293.48
2.9904,0.2279,1.3000,-0.8003,131.46,-155.33,2293.48
2.9928,0.2406,1.2869,-0.8198,131.95,-152.88,2293.48
2.9952,0.2582,1.2786,-0.8320,132.51,-149.24,2293.48
2.9976,0.2601,1.2693,-0.8462,131.53,-145.32,2293.48
3.0000,0.2655,1.2473,-0.8608,131.39,-142.66,2293.48
3.0024,0.2757,1.2337,-0.8511,132.09,-138.39,2293.48
3.0048,0.2816,1.2283,-0.8496,131.32,-136.22,2293.48
3.0072,0.2816,1.2093,-0.8608,129.43,-133.00,2293.48
3.0096,0.2791,1.1888,-0.8735,129.43,-130.97,2293.48
3.0120,0.2689,1.1766,-0.8511,127.89,-129.22,2293.48
3.0144,0.2625,1.1634,-0.8076,126.49,-128.87,2293.48
3.0168,0.2557,1.1517,-0.7862,124.88,-125.93,2293.48
3.0192,0.2386,1.1478,-0.7588,122.99,-126.70,2293.48
3.0216,0.2411,1.1356,-0.7598,119.84,-127.05,2293.48
3.0240,0.2469,1.1224,-0.7832,117.74,-126.14,2293.48
3.0264,0.2450,1.1185,-0.7920,115.22,-125.44,2293.48
3.0288,0.2460,1.1097,-0.7803,111.93,-126.14,2293.48
3.0313,0.2552,1.0980,-0.7613,108.71,-125.58,2293.48
3.0337,0.2425,1.0863,-0.7310,105.98,-124.32,2293.48
3.0361,0.2279,1.0731,-0.7310,103.46,-125.37,2293.48
3.0385,0.2269,1.0673,-0.7593,100.52,-125.23,2293.48
3.0409,0.2162,1.0638,-0.7832,97.44,-125.23,2293.48
3.0433,0.2050,1.0551,-0.7993,94.36,-126.98,2293.48
3.0457,0.2020,1.0546,-0.7671,92.40,-127.96,2293.48
3.0481,0.1893,1.0594,-0.7520,89.88,-127.89,2293.48
3.0505,0.1728,1.0638,-0.7642,86.38,-130.27,2293.48
3.0529,0.1728,1.0692,-0.7984,84.07,-131.39,2293.48
3.0553,0.1630,1.0702,-0.8433,81.69,-132.30,2293.48
3.0577,0.1493,1.0677,-0.8501,79.87,-134.68,2293.48
3.0601,0.1371,1.0677,-0.8281,77.84,-136.36,2293.48
3.0625,0.1225,1.0648,-0.8115,76.30,-139.23,2293.48
3.0649,0.1142,1.0658,-0.8091,75.81,-141.75,2293.48
3.0673,0.1064,1.0707,-0.8135,75.53,-143.85,2293.48
3.0697,0.0878,1.0795,-0.8364,75.95,-145.39,2293.48
3.0721,0.0649,1.0912,-0.8369,75.81,-148.96,2293.48
3.0745,0.0527,1.1039,-0.8247,76.86,-152.39,2293.48
3.0769,0.0415,1.1180,-0.8125,77.98,-155.26,2293.48
3.0793,0.0259,1.1390,-0.8008,79.52,-158.34,2293.48
3.0817,0.0122,1.1639,-0.8072,80.22,-162.26,2293.48
3.0841,0.0190,1.1771,-0.8013,82.04,-166.95,2293.48
3.0865,0.0210,1.2005,-0.7954,84.49,-169.26,2293.48
3.0889,0.0190,1.2254,-0.7837,85.75,-173.67,2293.48
3.0913,0.0386,1.2390,-0.7349,87.64,-176.61,2293.48
3.0938,0.0493,1.2527,-0.6778,90.16,-178.43,2293.48
3.0962,0.0551,1.2605,-0.6481,92.12,-181.23,2293.48
3.0986,0.0673,1.2698,-0.6383,94.85,-183.05,2293.48
3.1010,0.0708,1.2893,-0.6564,97.86,-183.82,2293.48
3.1034,0.0703,1.3030,-0.6759,99.96,-185.85,2293.48
3.1058,0.0859,1.3127,-0.6422,102.76,-188.30,2293.48
3.1082,0.1039,1.3293,-0.5900,105.49,-187.74,2293.48
3.1106,0.1083,1.3444,-0.5632,107.38,-188.72,2293.48
3.1130,0.1240,1.3527,-0.5714,109.55,-189.91,2293.48
3.1154,0.1430,1.3640,-0.5949,111.58,-188.86,2293.48
3.1178,0.1503,1.3693,-0.6076,112.70,-188.51,2293.48
3.1202,0.1698,1.3664,-0.5895,113.96,-189.28,2293.48
3.1226,0.1937,1.3566,-0.5519,115.43,-187.25,2293.48
3.1250,0.2074,1.3503,-0.5344,117.04,-185.36,2293.48
3.1274,0.2220,1.3479,-0.5710,117.74,-183.54,2293.48
3.1298,0.2401,1.3386,-0.6276,118.79,-181.02,2293.48
3.1322,0.2552,1.3264,-0.6730,120.12,-177.87,2293.48
3.1346,0.2542,1.3098,-0.6812,121.03,-174.79,2293.48
3.1370,0.2591,1.2830,-0.6739,122.71,-172.20,2293.48
3.1394,0.2596,1.2639,-0.6954,124.88,-167.58,2293.48
3.1418,0.2474,1.2512,-0.7286,126.21,-165.27,2293.48
3.1442,0.2523,1.2366,-0.7779,128.38,-162.68,2293.48
3.1466,0.2538,1.2307,-0.8208,129.85,-159.74,2293.48
3.1490,0.2601,1.2249,-0.8501,130.90,-158.34,2293.48
3.1514,0.2713,1.2229,-0.8696,131.67,-155.40,2293.48
3.1538,0.2806,1.2151,-0.8721,131.18,-153.44,2293.48
3.1563,0.2972,1.1951,-0.8784,131.81,-149.45,2293.48
3.1587,0.2952,1.1805,-0.8872,132.02,-145.39,2293.48
3.1611,0.2928,1.1610,-0.9096,130.76,-143.43,2293.48
3.1635,0.2860,1.1346,-0.9101,130.41,-140.00,2293.48
3.1659,0.2738,1.1224,-0.8818,130.55,-137.90,2293.48
3.1683,0.2645,1.1263,-0.8501,128.45,-134.96,2293.48
3.1707,0.2479,1.1141,-0.8438,126.00,-133.28,2293.48
3.1731,0.2445,1.0951,-0.8818,124.81,-132.44,2293.48
3.1755,0.2362,1.0975,-0.8960,122.43,-129.99,2293.48
3.1779,0.2157,1.0956,-0.8838,119.00,-129.29,2293.48
3.1803,0.2245,1.0780,-0.9052,117.18,-129.22,2293.48
3.1827,0.2303,1.0741,-0.9428,115.22,-125.79,2293.48
3.1851,0.2123,1.0648,-0.9594,111.09,-125.44,2293.48
3.1875,0.2108,1.0453,-0.9755,108.64,-124.95,2293.48
3.1899,0.1991,1.0492,-0.9599,106.47,-122.71,2293.48
3.1923,0.1810,1.0526,-0.9496,103.18,-121.94,2293.48
3.1947,0.1645,1.0463,-0.9784,100.59,-121.45,2293.48
3.1971,0.1444,1.0438,-1.0331,97.65,-121.38,2293.48
3.1995,0.1313,1.0516,-1.0785,94.85,-120.96,2293.48
3.2019,0.1137,1.0565,-1.0902,91.14,-121.03,2293.48
3.2043,0.1118,1.0516,-1.0970,89.39,-122.43,2293.48
3.2067,0.1122,1.0555,-1.0941,87.43,-121.73,2293.48
3.2091,0.1025,1.0638,-1.0951,84.42,-122.29,2293.48
3.2115,0.0981,1.0634,-1.1165,82.67,-122.71,2293.48
3.2139,0.0864,1.0799,-1.1322,81.90,-122.99,2293.48
3.2163,0.0747,1.1009,-1.1244,78.75,-124.04,2293.48
3.2188,0.0722,1.1097,-1.1087,77.42,-124.95,2293.48
3.2212,0.0644,1.1263,-1.0897,76.65,-126.00,2293.48
3.2236,0.0639,1.1483,-1.0716,74.83,-128.52,2293.48
3.2260,0.0659,1.1590,-1.0760,72.59,-129.64,2293.48
3.2284,0.0620,1.1678,-1.0951,72.24,-131.88,2293.48
3.2308,0.0615,1.1893,-1.1063,71.40,-133.70,2293.48
3.2332,0.0669,1.2010,-1.0921,69.65,-136.36,2293.48
3.2356,0.0849,1.2034,-1.0468,69.79,-138.32,2293.48
3.2380,0.0971,1.2156,-1.0126,70.63,-139.58,2293.48
3.2404,0.1054,1.2332,-1.0141,70.84,-141.82,2293.48
3.2428,0.1225,1.2415,-1.0380,71.61,-143.01,2293.48
3.2452,0.1259,1.2551,-1.0419,73.64,-144.27,2293.48
3.2476,0.1322,1.2659,-1.0263,74.13,-146.65,2293.48
3.2500,0.1454,1.2620,-0.9877,75.60,-147.70,2293.48
3.2524,0.1503,1.2620,-0.9418,78.40,-149.45,2293.48
3.2548,0.1659,1.2678,-0.9121,81.20,-151.48,2293.48
3.2572,0.1781,1.2742,-0.9150,83.30,-152.11,2293.48
3.2596,0.1879,1.2751,-0.9492,85.68,-154.14,2293.48
3.2620,0.1996,1.2781,-0.9672,88.83,-155.26,2293.48
3.2644,0.2084,1.2844,-0.9594,90.86,-156.66,2293.48
3.2668,0.2255,1.2776,-0.9462,92.68,-157.50,2293.48
3.2692,0.2313,1.2668,-0.9306,95.76,-157.92,2293.48
3.2716,0.2357,1.2639,-0.9306,97.79,-159.53,2293.48
3.2740,0.2455,1.2542,-0.9677,99.33,-159.18,2293.48
3.2764,0.2386,1.2429,-1.0028,102.27,-159.67,2293.48
3.2788,0.2347,1.2385,-1.0067,104.44,-161.14,2293.48
3.2813,0.2420,1.2288,-0.9736,106.05,-161.77,2293.48
3.2837,0.2474,1.2098,-0.9453,108.78,-162.26,2293.48
3.2861,0.2499,1.2029,-0.9399,112.21,-162.68,2293.48
3.2885,0.2499,1.1956,-0.9711,114.03,-162.68,2293.48
3.2909,0.2596,1.1854,-1.0404,116.20,-163.03,2293.48
3.2933,0.2679,1.1771,-1.0799,117.67,-161.56,2293.48
3.2957,0.2684,1.1653,-1.0570,119.98,-161.14,2293.48
3.2981,0.2752,1.1556,-1.0063,121.66,-159.88,2293.48
3.3005,0.2713,1.1458,-0.9814,122.85,-157.22,2293.48
3.3029,0.2650,1.1317,-0.9945,123.13,-156.38,2293.48
3.3053,0.2704,1.1112,-1.0287,124.11,-153.65,2293.48
3.3077,0.2694,1.0951,-1.0580,125.16,-150.01,2293.48
3.3101,0.2611,1.0814,-1.0551,124.81,-147.70,2293.48
3.3125,0.2567,1.0599,-1.0214,124.32,-145.04,2293.48
3.3149,0.2479,1.0453,-0.9697,124.53,-141.61,2293.48
3.3173,0.2318,1.0370,-0.9233,124.11,-138.25,2293.48
3.3197,0.2147,1.0331,-0.9121,122.99,-135.17,2293.48
3.3221,0.1947,1.0268,-0.9345,121.38,-132.09,2293.48
3.3245,0.1796,1.0214,-0.9560,120.75,-129.92,2293.48
3.3269,0.1713,1.0253,-0.9384,118.79,-127.75,2293.48
3.3293,0.1527,1.0292,-0.9028,117.11,-125.30,2293.48
3.3317,0.1337,1.0365,-0.8877,115.22,-124.18,2293.48
3.3341,0.1225,1.0448,-0.8911,112.70,-122.92,2293.48
3.3365,0.1137,1.0477,-0.9096,109.41,-121.73,2293.48
3.3389,0.1020,1.0521,-0.9077,106.75,-120.54,2293.48
3.3413,0.0883,1.0663,-0.8916,104.23,-120.61,2293.48
3.3438,0.0864,1.0809,-0.8843,100.59,-120.54,2293.48
3.3462,0.0883,1.0897,-0.8857,97.09,-119.98,2293.48
3.3486,0.0815,1.1034,-0.8989,94.36,-119.91,2293.48
3.3510,0.0791,1.1146,-0.9111,90.51,-121.03,2293.48
3.3534,0.0810,1.1244,-0.9223,87.08,-120.75,2293.48
3.3558,0.0732,1.1326,-0.9292,83.79,-121.59,2293.48
3.3582,0.0776,1.1385,-0.9243,80.71,-123.06,2293.48
3.3606,0.0839,1.1507,-0.9165,77.63,-123.90,2293.48
3.3630,0.0839,1.1575,-0.9252,74.48,-125.23,2293.48
3.3654,0.0917,1.1673,-0.9272,72.38,-126.84,2293.48
3.3678,0.0996,1.1810,-0.9355,70.21,-127.89,2293.48
3.3702,0.1118,1.1936,-0.9487,67.97,-129.92,2293.48
3.3726,0.1220,1.2005,-0.9414,67.20,-130.62,2293.48
3.3750,0.1244,1.2127,-0.9301,66.15,-132.51,2293.48
3.3774,0.1322,1.2137,-0.9292,64.12,-134.89,2293.48
3.3798,0.1425,1.2054,-0.9433,64.47,-136.15,2293.48
3.3822,0.1532,1.2190,-0.9594,64.68,-138.04,2293.48
3.3846,0.1606,1.2293,-0.9623,64.40,-139.51,2293.48
3.3870,0.1635,1.2293,-0.9501,65.17,-141.75,2293.48
3.3894,0.1625,1.2307,-0.9262,66.43,-143.64,2293.48
3.3918,0.1703,1.2298,-0.8916,67.69,-146.51,2293.48
3.3942,0.1825,1.2273,-0.8857,69.93,-147.14,2293.48
3.3966,0.1825,1.2273,-0.8979,72.10,-150.01,2293.48
3.3990,0.1972,1.2327,-0.9130,74.97,-152.39,2293.48
3.4014,0.1967,1.2434,-0.9267,77.21,-152.32,2293.48
3.4038,0.1923,1.2410,-0.9067,79.59,-156.03,2293.48
3.4063,0.2113,1.2429,-0.8721,83.37,-157.85,2293.48
3.4087,0.2191,1.2493,-0.8677,85.82,-158.27,2293.48
3.4111,0.2259,1.2468,-0.8906,88.83,-159.74,2293.48
3.4135,0.2323,1.2459,-0.9082,92.12,-160.93,2293.48
3.4159,0.2401,1.2444,-0.9091,94.71,-162.61,2293.48
3.4183,0.2469,1.2381,-0.8896,97.30,-162.19,2293.48
3.4207,0.2440,1.2312,-0.8706,100.45,-162.68,2293.48
3.4231,0.2460,1.2293,-0.8574,103.32,-164.08,2293.48
3.4255,0.2547,1.2234,-0.8555,105.70,-164.15,2293.48
3.4279,0.2572,1.2107,-0.8667,108.36,-163.66,2293.48
3.4303,0.2474,1.2063,-0.8794,111.02,-163.73,2293.48
3.4327,0.2474,1.2034,-0.8862,112.56,-164.43,2293.48
3.4351,0.2547,1.1912,-0.8847,114.80,-162.96,2293.48
3.4375,0.2552,1.1829,-0.8828,117.18,-162.54,2293.48
3.4399,0.2625,1.1766,-0.8779,118.23,-162.54,2293.48
3.4423,0.2733,1.1634,-0.8823,119.63,-161.42,2293.48
3.4447,0.2679,1.1463,-0.8882,121.45,-159.32,2293.48
3.4471,0.2606,1.1380,-0.8862,122.85,-158.20,2293.48
3.4495,0.2621,1.1322,-0.8857,122.57,-155.75,2293.48
3.4519,0.2572,1.1136,-0.8750,122.92,-153.02,2293.48
3.4543,0.2460,1.0975,-0.8516,123.55,-151.69,2293.48
3.4567,0.2445,1.0809,-0.8194,123.20,-150.36,2293.48
3.4591,0.2450,1.0580,-0.8130,123.20,-146.86,2293.48
3.4615,0.2255,1.0497,-0.8403,123.48,-143.01,2293.48
3.4639,0.1981,1.0492,-0.8730,122.50,-141.40,2293.48
3.4663,0.1879,1.0507,-0.8921,121.38,-139.44,2293.48
3.4688,0.1742,1.0541,-0.8979,120.19,-136.92,2293.48
3.4712,0.1566,1.0634,-0.8940,119.28,-135.87,2293.48
3.4736,0.1527,1.0707,-0.8886,116.48,-134.89,2293.48
3.4760,0.1508,1.0658,-0.9038,114.38,-132.30,2293.48
3.4784,0.1327,1.0741,-0.9248,112.21,-130.41,2293.48
3.4808,0.1244,1.0838,-0.9248,108.78,-130.97,2293.48
3.4832,0.1298,1.0829,-0.9072,105.91,-128.87,2293.48
3.4856,0.1161,1.0887,-0.9057,103.39,-126.63,2293.48
3.4880,0.1103,1.1004,-0.9145,99.89,-127.12,2293.48
3.4904,0.1220,1.1053,-0.9482,96.46,-125.30,2293.48
3.4928,0.1196,1.1126,-0.9731,93.31,-123.90,2293.48
3.4952,0.1186,1.1200,-0.9614,90.02,-124.25,2293.48
3.4976,0.1166,1.1239,-0.9462,86.94,-122.57,2293.48
3.5000,0.1122,1.1273,-0.9389,84.35,-122.43,2293.48
3.5024,0.1078,1.1307,-0.9379,81.76,-120.96,2293.48
3.5048,0.0937,1.1409,-0.9545,79.03,-121.73,2293.48
3.5072,0.0908,1.1444,-0.9794,76.37,-123.20,2293.48
3.5096,0.0932,1.1536,-0.9814,75.18,-123.41,2293.48
3.5120,0.0878,1.1717,-0.9623,73.01,-124.81,2293.48
3.5144,0.0971,1.1746,-0.9165,71.05,-127.54,2293.48
3.5168,0.1122,1.1814,-0.8828,70.77,-127.96,2293.48
3.5192,0.1132,1.1985,-0.8828,69.79,-129.36,2293.48
3.5216,0.1200,1.2029,-0.8779,69.09,-132.02,2293.48
3.5240,0.1283,1.2083,-0.8784,69.16,-133.49,2293.48
3.5264,0.1352,1.2161,-0.8799,69.09,-135.73,2293.48
3.5288,0.1396,1.2249,-0.8696,70.00,-137.27,2293.48
3.5313,0.1498,1.2327,-0.8511,70.49,-140.35,2293.48
3.5337,0.1693,1.2337,-0.8320,71.26,-141.75,2293.48
3.5361,0.1752,1.2366,-0.8408,72.31,-143.78,2293.48
3.5385,0.1864,1.2322,-0.8555,73.50,-147.00,2293.48
3.5409,0.1957,1.2283,-0.8569,75.74,-148.05,2293.48
3.5433,0.1962,1.2298,-0.8355,77.56,-151.34,2293.48
3.5457,0.2162,1.2224,-0.8008,79.80,-154.28,2293.48
3.5481,0.2294,1.2161,-0.7808,82.88,-154.63,2293.48
3.5505,0.2298,1.2156,-0.7798,85.54,-157.01,2293.48
3.5529,0.2411,1.2151,-0.8032,88.41,-158.90,2293.48
3.5553,0.2445,1.2156,-0.8340,90.65,-159.95,2293.48
3.5577,0.2523,1.2054,-0.8472,93.24,-161.77,2293.48
3.5601,0.2625,1.2034,-0.8462,96.95,-161.70,2293.48
3.5625,0.2572,1.2054,-0.8540,98.91,-162.26,2293.48
3.5649,0.2611,1.1878,-0.8530,101.22,-163.31,2293.48
3.5673,0.2708,1.1790,-0.8496,104.65,-163.03,2293.48
3.5697,0.2708,1.1732,-0.8569,105.98,-162.89,2293.48
3.5721,0.2718,1.1585,-0.8677,108.22,-162.82,2293.48
3.5745,0.2699,1.1370,-0.8672,112.07,-161.84,2293.48
3.5769,0.2660,1.1258,-0.8555,113.68,-160.44,2293.48
3.5793,0.2596,1.1180,-0.8418,115.78,-159.32,2293.48
3.5817,0.2562,1.1117,-0.8355,117.18,-158.34,2293.48
3.5841,0.2577,1.1009,-0.8364,118.30,-157.15,2293.48
3.5865,0.2542,1.0892,-0.8413,119.35,-154.98,2293.48
3.5889,0.2440,1.0799,-0.8364,120.68,-153.93,2293.48
3.5913,0.2372,1.0712,-0.8286,121.38,-152.04,2293.48
3.5938,0.2264,1.0609,-0.8198,121.87,-150.01,2293.48
3.5962,0.2142,1.0546,-0.8189,122.50,-147.98,2293.48
3.5986,0.2054,1.0526,-0.8154,122.43,-146.30,2293.48
3.6010,0.1976,1.0507,-0.8111,121.94,-143.85,2293.48
3.6034,0.1815,1.0482,-0.8179,120.75,-141.75,2293.48
3.6058,0.1654,1.0477,-0.8096,119.63,-140.42,2293.48
3.6082,0.1601,1.0463,-0.7935,118.72,-138.46,2293.48
3.6106,0.1513,1.0487,-0.7993,117.60,-135.52,2293.48
3.6130,0.1318,1.0555,-0.8135,115.57,-134.05,2293.48
3.6154,0.1269,1.0609,-0.8384,113.82,-133.42,2293.48
3.6178,0.1269,1.0707,-0.8486,111.44,-131.88,2293.48
3.6202,0.1244,1.0760,-0.8486,108.92,-131.32,2293.48
3.6226,0.1225,1.0746,-0.8369,106.12,-129.29,2293.48
3.6250,0.1108,1.0780,-0.8194,103.88,-128.38,2293.48
3.6274,0.1093,1.0814,-0.8252,101.15,-127.61,2293.48
3.6298,0.1054,1.0882,-0.8438,99.05,-126.00,2293.48
3.6322,0.1025,1.0951,-0.8623,96.32,-125.58,2293.48
3.6346,0.1083,1.1039,-0.8452,94.01,-124.46,2293.48
3.6370,0.1088,1.1126,-0.8203,91.07,-123.48,2293.48
3.6394,0.1152,1.1097,-0.8150,88.62,-123.20,2293.48
3.6418,0.1181,1.1161,-0.8252,86.94,-121.80,2293.48
3.6442,0.1122,1.1229,-0.8481,84.14,-121.73,2293.48
3.6466,0.1147,1.1234,-0.8662,82.32,-122.01,2293.48
3.6490,0.1196,1.1273,-0.8623,80.36,-122.01,2293.48
3.6514,0.1200,1.1351,-0.8447,78.82,-122.01,2293.48
3.6538,0.1191,1.1414,-0.8330,76.93,-122.64,2293.48
3.6563,0.1215,1.1463,-0.8296,76.16,-123.69,2293.48
3.6587,0.1279,1.1546,-0.8364,75.04,-124.46,2293.48
3.6611,0.1342,1.1595,-0.8428,74.55,-125.44,2293.48
3.6635,0.1391,1.1649,-0.8520,74.27,-126.70,2293.48
3.6659,0.1474,1.1785,-0.8520,74.48,-128.31,2293.48
3.6683,0.1547,1.1858,-0.8398,74.34,-129.57,2293.48
3.6707,0.1581,1.1902,-0.8350,75.11,-131.39,2293.48
3.6731,0.1625,1.2039,-0.8564,75.60,-132.93,2293.48
3.6755,0.1688,1.2083,-0.8867,75.53,-134.82,2293.48
3.6779,0.1791,1.2029,-0.9008,76.23,-137.20,2293.48
3.6803,0.1869,1.1985,-0.8984,77.56,-139.51,2293.48
3.6827,0.1957,1.1961,-0.8940,78.54,-141.12,2293.48
3.6851,0.1981,1.1912,-0.8906,79.94,-142.59,2293.48
3.6875,0.2064,1.1834,-0.8969,82.11,-145.53,2293.48
3.6899,0.2216,1.1814,-0.9326,84.28,-147.28,2293.48
3.6923,0.2118,1.1946,-0.9677,85.75,-148.33,2293.48
3.6947,0.2147,1.2010,-1.0716,89.53,-150.50,2293.48
3.6971,0.2264,1.2488,-1.1580,93.66,-150.57,2293.48
3.6995,0.1991,1.2776,-1.2390,96.67,-149.87,2293.48
3.7019,0.1972,1.3566,-1.3586,105.00,-151.48,2293.48
3.7043,0.2074,1.5128,-1.5250,111.30,-147.63,2293.48
3.7067,0.1064,1.7231,-1.9110,131.32,-136.85,2293.48
3.7091,-0.0434,2.1750,-2.2321,150.99,-134.96,2293.48
3.7115,-0.0351,2.9231,-2.8050,187.95,-127.19,2293.48
3.7139,-0.1074,4.3188,-3.5931,238.91,-105.14,2293.48
3.7163,0.4148,8.2374,-4.6267,361.27,-126.42,2293.48
3.7188,2.3282,12.0385,-7.8456,522.06,-146.23,2293.48
3.7212,4.5623,11.5402,-13.1482,839.65,-175.21,2288.72
3.7236,6.1293,10.7077,-15.9820,1096.62,-302.05,2272.62
3.7260,7.2439,10.1699,-13.7811,1034.67,-293.79,2271.50
3.7284,7.1785,6.4177,-4.4740,945.42,-220.43,2268.91
3.7308,6.6358,2.0047,7.5352,1149.61,-338.31,2247.28
3.7332,8.7440,0.4080,9.4267,1294.16,-356.51,2209.13
3.7356,10.0962,-1.4728,-1.5826,1112.72,-89.39,2201.57
3.7380,8.8313,-3.3892,-12.7807,1158.64,-186.27,2171.75
3.7404,11.5798,-7.4654,-15.4769,1054.20,-512.61,2105.39
3.7428,15.4389,-13.7943,-12.4782,741.72,-547.05,2000.11
3.7452,15.9849,-15.9888,-8.3907,453.46,-506.87,1846.74
3.7476,11.0532,-15.3110,-11.3899,43.47,-94.43,1735.16
3.7500,5.1967,-13.8699,-14.9079,-383.53,-374.01,1679.02
3.7524,3.0193,-9.4023,-7.9651,97.44,-373.45,1641.92
3.7548,0.5510,-1.7646,6.9457,3.92,-576.45,1646.82
3.7572,1.9871,-0.8306,13.8924,-317.94,-806.47,1538.46
3.7596,1.1141,-1.9920,0.9902,217.98,39.27,1536.08
3.7620,-2.6596,0.7881,-12.4342,122.85,-415.24,1547.70
3.7644,-0.7125,2.4820,-15.4203,-78.26,-541.80,1569.96
3.7668,-0.1566,0.5144,-12.3625,-105.91,-408.24,1591.17
3.7692,0.4612,-0.7608,1.9998,85.33,-733.95,1589.77
3.7716,1.7300,-0.2542,14.4633,-45.78,-615.65,1594.46
3.7740,1.1492,-1.3971,10.0733,221.06,-348.53,1501.57
3.7764,-1.2273,0.3128,-4.9234,321.44,-220.15,1536.29
3.7788,-1.5782,2.1945,-14.9567,188.37,-572.46,1547.84
3.7813,0.1171,1.3181,-14.2877,67.20,-446.32,1576.12
3.7837,0.2264,0.2718,-4.0367,123.27,-561.33,1591.31
3.7861,0.8164,-0.2591,10.2909,192.08,-563.15,1588.02
3.7885,0.8945,-0.4275,14.7879,312.55,-498.68,1531.04
3.7909,0.1508,-0.3640,4.0011,342.30,-269.71,1524.11
3.7933,-1.3361,0.6637,-10.5974,388.15,-356.09,1542.80
3.7957,-0.7691,1.7993,-14.3736,300.30,-477.19,1562.82
3.7981,0.2801,1.2215,-8.6596,234.36,-434.28,1579.13
3.8005,0.4231,0.1566,3.9948,275.24,-450.24,1592.71
3.8029,0.4758,-0.3387,14.0349,396.48,-454.02,1562.68
3.8053,0.5705,-0.1981,10.6096,441.84,-335.79,1527.33
3.8077,-0.3411,0.1044,-2.4010,448.21,-201.25,1536.57
3.8101,-1.0136,0.8652,-11.8203,454.86,-323.68,1555.89
3.8125,-0.2523,1.5753,-10.6560,388.92,-351.61,1572.90
3.8149,0.2533,0.9506,-2.3829,336.07,-313.53,1586.41
3.8173,0.2064,-0.1274,8.8928,407.75,-310.03,1583.89
3.8197,0.3884,-0.1874,13.1267,514.64,-290.92,1548.68
3.8221,0.3606,-0.0195,4.8361,482.09,-149.80,1539.65
3.8245,-0.4997,0.3450,-6.4030,501.20,-120.89,1553.09
3.8269,-0.6598,1.1195,-10.3954,476.98,-199.64,1570.24
3.8293,-0.0620,1.2912,-6.2728,414.47,-192.43,1582.84
3.8317,0.1113,0.5100,2.4546,388.22,-151.97,1591.59
3.8341,0.1230,-0.2440,9.9303,480.41,-149.38,1574.44
3.8365,0.4041,-0.0107,8.5507,515.76,-91.49,1552.11
3.8389,0.1786,0.1806,-0.3626,474.39,12.60,1554.77
3.8413,-0.4641,0.5202,-7.6357,482.51,-2.24,1569.26
3.8438,-0.4197,1.1405,-7.7914,442.61,-45.85,1582.70
3.8462,-0.0425,0.9096,-2.2199,379.54,-18.90,1592.08
3.8486,0.0068,0.0830,5.2031,390.67,8.82,1592.57
3.8510,0.2006,-0.1664,8.4844,461.44,18.97,1572.27
3.8534,0.4221,0.1215,4.1329,439.81,95.06,1563.59
3.8558,0.0288,0.3309,-3.2945,414.26,148.61,1570.45
3.8582,-0.3948,0.6764,-7.0423,398.16,120.05,1583.12
3.8606,-0.2738,0.9184,-4.8532,348.46,101.22,1593.06
3.8630,-0.0634,0.4709,0.9145,301.35,129.64,1598.80
3.8654,0.0400,-0.1259,6.0346,333.13,142.87,1591.10
3.8678,0.3118,-0.0088,6.0073,360.29,168.56,1576.54
3.8702,0.3406,0.2674,0.8140,318.78,229.95,1575.00
3.8726,-0.0781,0.4363,-4.4759,297.01,244.02,1583.33
3.8750,-0.3162,0.6949,-5.5144,265.37,214.48,1593.55
3.8774,-0.1742,0.6276,-2.1428,212.38,208.88,1600.27
3.8798,-0.0190,0.1366,2.8402,188.58,226.66,1601.04
3.8822,0.1610,-0.1083,5.4973,217.56,234.08,1590.75
3.8846,0.3665,0.1674,3.4428,207.55,265.30,1582.77
3.8870,0.2284,0.3850,-1.3088,168.07,298.13,1584.94
3.8894,-0.1118,0.4992,-4.4574,142.38,287.00,1592.71
3.8918,-0.1952,0.5841,-3.6702,103.18,260.54,1599.71
3.8942,-0.0508,0.3489,0.0059,58.31,259.00,1603.84
3.8966,0.1005,-0.0112,3.6376,53.97,263.76,1600.20
3.8990,0.2908,0.0386,4.2256,66.99,270.62,1591.17
3.9014,0.3523,0.3270,1.3015,39.55,293.58,1587.60
3.9038,0.1347,0.4563,-2.3853,6.65,298.48,1591.10
3.9063,-0.0781,0.5002,-3.7151,-21.63,273.98,1597.68
3.9087,-0.0542,0.4324,-1.8886,-59.85,250.95,1602.16
3.9111,0.0849,0.1688,1.4313,-88.76,245.84,1602.79
3.9135,0.2294,0.0132,3.5561,-83.93,242.27,1596.84
3.9159,0.3494,0.2079,2.7240,-86.10,246.75,1590.33
3.9183,0.2845,0.4294,-0.2264,-115.01,253.26,1589.28
3.9207,0.0834,0.4758,-2.6557,-141.40,237.16,1592.99
3.9231,-0.0005,0.4426,-2.6372,-167.58,206.92,1597.68
3.9255,0.0825,0.3001,-0.4109,-196.77,186.27,1600.13
3.9279,0.1996,0.1078,2.1355,-207.97,175.42,1597.82
3.9303,0.3021,0.1308,2.9070,-201.25,167.23,1591.66
3.9327,0.3216,0.3538,1.3147,-210.70,165.06,1587.53
3.9351,0.1986,0.4802,-1.1610,-232.75,154.63,1588.02
3.9375,0.0737,0.4616,-2.4161,-251.30,126.77,1591.45
3.9399,0.0854,0.3772,-1.5465,-270.41,96.11,1594.11
3.9423,0.1796,0.2318,0.5949,-285.46,76.30,1594.11
3.9447,0.2582,0.1498,2.2038,-282.59,61.67,1590.05
3.9471,0.2908,0.2669,1.9583,-275.87,50.47,1585.01
3.9495,0.2333,0.4387,0.1508,-283.71,39.48,1582.56
3.9519,0.1235,0.4880,-1.6119,-295.82,17.01,1583.68
3.9543,0.0844,0.4368,-1.9017,-305.34,-14.77,1585.92
3.9567,0.1449,0.3362,-0.6066,-313.81,-42.63,1587.11
3.9591,0.2201,0.2338,1.1239,-313.46,-61.74,1585.22
3.9615,0.2489,0.2430,1.8329,-301.35,-77.21,1580.88
3.9639,0.2230,0.3782,0.9736,-293.51,-90.79,1576.96
3.9663,0.1464,0.4870,-0.6442,-295.19,-108.64,1576.12
3.9688,0.0869,0.4856,-1.6416,-297.22,-135.31,1577.38
3.9712,0.1113,0.4211,-1.2610,-296.94,-164.22,1578.50
3.9736,0.1801,0.3382,0.0937,-293.37,-186.48,1578.15
3.9760,0.2147,0.2913,1.2542,-280.35,-202.65,1575.07
3.9784,0.1957,0.3475,1.2600,-262.92,-216.02,1571.43
3.9808,0.1405,0.4563,0.1713,-251.93,-230.72,1569.05
3.9832,0.0834,0.5075,-1.0326,-245.70,-250.18,1568.77
3.9856,0.0805,0.4836,-1.3596,-239.05,-273.35,1569.82
3.9880,0.1337,0.4255,-0.6051,-228.69,-295.89,1570.45
3.9904,0.1791,0.3670,0.5558,-214.48,-311.43,1568.98
3.9928,0.1747,0.3562,1.1439,-193.55,-322.63,1565.97
3.9952,0.1303,0.4192,0.7081,-173.04,-332.78,1563.17
3.9976,0.0781,0.4909,-0.3138,-158.20,-344.89,1561.91
4.0000,0.0566,0.5080,-1.0350,-144.90,-360.85,1562.33
4.0024,0.0825,0.4812,-0.8896,-130.62,-377.51,1563.31
4.0048,0.1274,0.4329,-0.0429,-113.68,-390.04,1563.17
4.0072,0.1420,0.3943,0.7793,-92.19,-397.25,1561.14
4.0096,0.1137,0.4070,0.9018,-67.48,-402.08,1558.69
4.0120,0.0688,0.4612,0.2772,-45.85,-406.56,1557.01
4.0144,0.0322,0.5070,-0.5217,-28.00,-413.35,1556.87
4.0168,0.0332,0.5139,-0.8228,-10.99,-422.03,1557.64
4.0192,0.0673,0.4870,-0.4080,7.42,-428.96,1558.13
4.0216,0.0966,0.4490,0.3484,28.63,-431.27,1557.64
4.0240,0.0888,0.4280,0.8150,52.85,-430.08,1555.96
4.0264,0.0537,0.4446,0.6242,76.93,-427.14,1554.35
4.0288,0.0166,0.4856,-0.0137,97.86,-424.76,1553.86
4.0313,0.0010,0.5163,-0.5373,115.99,-424.27,1554.42
4.0337,0.0171,0.5178,-0.5300,133.77,-423.78,1555.26
4.0361,0.0439,0.4914,-0.0293,152.74,-420.63,1555.54
4.0385,0.0542,0.4602,0.5290,173.88,-413.70,1555.12
4.0409,0.0288,0.4509,0.6808,196.21,-404.11,1554.14
4.0433,-0.0073,0.4685,0.3148,216.65,-394.24,1553.23
4.0457,-0.0278,0.5002,-0.2313,234.15,-385.14,1553.65
4.0481,-0.0390,0.5217,-0.4929,249.27,-376.81,1554.63
4.0505,-0.0312,0.5134,-0.2908,264.25,-367.85,1555.40
4.0529,-0.0317,0.4904,0.1723,281.12,-354.76,1555.61
4.0553,-0.0683,0.4797,0.4973,298.27,-339.15,1554.91
4.0577,-0.0815,0.4729,0.4202,313.53,-326.76,1553.72
4.0601,-0.0898,0.4851,0.0156,328.58,-306.88,1554.07
4.0625,-0.1420,0.5280,-0.3792,340.76,-291.06,1554.56
4.0649,-0.1996,0.5651,-0.4412,349.93,-275.87,1555.19
4.0673,-0.2377,0.5734,-0.1830,359.59,-259.28,1555.12
4.0697,-0.2826,0.5802,0.1298,371.84,-238.42,1554.28
4.0721,-0.3577,0.6251,0.1864,383.81,-216.44,1552.60
4.0745,-0.4704,0.6861,-0.0917,393.54,-191.94,1550.99
4.0769,-0.5719,0.7515,-0.5519,404.32,-169.19,1548.82
4.0793,-0.7857,1.0141,-0.8745,414.96,-139.72,1548.19
4.0817,-1.2595,1.6582,-0.7964,427.21,-103.60,1543.50
4.0841,-1.7129,2.5108,-0.4265,427.63,-80.92,1533.28
4.0865,-2.0320,3.4682,-0.3245,436.52,-61.11,1517.67
4.0889,-2.4766,4.5867,-1.0917,471.24,-19.88,1497.30
4.0913,-2.8792,5.4295,-2.5308,506.73,11.76,1471.33
4.0938,-2.7250,5.8135,-3.9831,540.40,14.28,1445.01
4.0962,-2.0559,6.0468,-4.4120,579.88,26.25,1422.47
4.0986,-1.2776,5.8145,-3.4838,621.04,62.37,1400.56
4.1010,-0.7935,5.2767,-2.4566,673.96,91.28,1379.63
4.1034,-0.4978,4.3964,-1.9984,708.96,105.07,1358.28
4.1058,-0.1405,3.4692,-1.8202,743.47,120.89,1343.09
4.1082,0.0839,2.5844,-1.8359,745.99,151.90,1332.45
4.1106,0.1581,1.9383,-1.6665,772.24,173.88,1324.12
4.1130,0.2474,1.7456,-0.9711,763.35,187.88,1316.21
4.1154,0.4509,1.4108,-0.6134,769.58,213.29,1312.36
4.1178,0.5524,1.4025,-0.5919,770.42,235.41,1305.29
4.1202,0.8213,1.4367,-1.0536,763.35,236.39,1292.62
4.1226,1.0936,1.4533,-1.6870,751.87,265.16,1287.65
4.1250,1.5865,1.4201,-1.8320,737.45,243.95,1272.81
4.1274,2.3063,1.1634,-2.3112,735.21,226.66,1255.45
4.1298,3.5336,0.9843,-3.9147,717.01,113.19,1217.72
4.1322,6.3796,0.3406,-6.2171,652.89,-34.44,1160.53
4.1346,9.7049,-1.0687,-8.8348,524.65,-103.53,1083.60
4.1370,10.8736,-2.7357,-12.4323,309.47,-218.54,999.88
4.1394,8.0281,-3.0056,-15.2324,68.11,-295.89,935.27
4.1418,5.2333,-2.9475,-12.5353,-74.13,-415.73,908.88
4.1442,4.0885,-2.8963,-1.2903,-4.06,-353.36,892.57
4.1466,1.9383,-1.4972,11.0449,-8.33,-356.09,861.98
4.1490,1.1834,-1.4767,12.3352,-85.26,-448.70,811.72
4.1514,0.9823,-0.9306,2.4283,116.90,-243.67,803.18
4.1538,-0.9023,0.7993,-8.2545,54.60,-271.32,812.98
4.1563,-0.4592,0.9418,-11.1069,-47.74,-477.33,819.42
4.1587,0.7178,0.0278,-6.0122,-61.32,-362.53,837.76
4.1611,0.3894,-0.4441,4.1348,8.47,-408.24,839.65
4.1635,0.4494,-0.2489,11.4163,19.25,-407.61,817.39
4.1659,0.3792,-0.4519,7.5938,45.29,-350.98,796.04
4.1683,-0.1293,0.0024,-1.9964,119.63,-289.38,799.19
4.1707,-0.7013,0.8032,-8.3677,81.76,-351.40,809.62
4.1731,-0.1318,0.6905,-7.9173,15.40,-427.28,819.91
4.1755,0.5202,-0.0488,-1.6197,23.24,-379.68,830.55
4.1779,0.3196,-0.3387,6.3518,87.85,-377.58,826.14
4.1803,0.2084,-0.1713,8.7430,104.51,-379.47,804.02
4.1827,0.1688,-0.2294,3.0890,122.22,-325.57,795.06
4.1851,-0.3172,0.1484,-4.2529,163.17,-299.46,801.50
4.1875,-0.4534,0.6842,-7.3200,127.40,-365.54,810.18
4.1899,0.1020,0.4109,-4.8268,82.11,-378.42,818.51
4.1923,0.3284,-0.2025,1.2595,105.49,-351.96,822.36
4.1947,0.2269,-0.3616,6.3494,160.09,-347.27,810.67
4.1971,0.1547,-0.2245,5.5120,168.91,-314.16,795.41
4.1995,-0.0654,-0.2059,-0.2201,178.85,-275.59,791.21
4.2019,-0.3401,0.0537,-5.2294,195.93,-275.80,795.83
4.2043,-0.2743,0.3070,-6.0185,161.63,-294.21,801.08
4.2067,-0.0171,-0.0839,-2.7757,129.43,-274.82,804.23
4.2091,0.0151,-0.5822,2.0789,157.43,-249.97,799.05
4.2115,-0.0405,-0.6305,4.5935,192.78,-222.74,784.21
4.2139,-0.1806,-0.6276,2.4986,188.30,-178.99,771.40
4.2163,-0.3577,-0.6237,-2.1140,196.56,-152.39,764.40
4.2188,-0.4265,-0.3367,-5.2645,192.78,-133.56,764.47
4.2212,-0.4372,-0.1732,-4.7848,160.93,-122.71,765.31
4.2236,-0.3328,-0.4055,-1.3113,146.09,-116.20,762.72
4.2260,-0.1498,-0.6080,2.6972,171.01,-102.13,754.46
4.2284,-0.0508,-0.5251,3.9538,191.87,-68.53,742.00
4.2308,-0.1801,-0.4075,1.3757,188.51,-34.37,733.74
4.2332,-0.3523,-0.2708,-2.4029,191.66,-30.73,731.85
4.2356,-0.4168,-0.0664,-4.1134,180.88,-29.75,735.14
4.2380,-0.4133,-0.0825,-2.7684,154.28,-31.50,736.82
4.2404,-0.3470,-0.4119,0.4163,147.84,-27.37,734.65
4.2428,-0.3006,-0.6281,2.9988,170.52,-14.63,725.90
4.2452,-0.3192,-0.5885,2.7040,177.94,9.03,715.19
4.2476,-0.5041,-0.5744,-0.1083,171.36,33.04,708.96
4.2500,-0.7725,-0.5500,-2.8524,168.00,35.77,706.30
4.2524,-0.9301,-0.5036,-3.3696,152.04,33.60,705.25
4.2548,-0.9526,-0.6159,-1.5626,131.39,38.22,700.91
4.2572,-0.8481,-0.7940,0.9672,132.72,46.76,692.30
4.2596,-0.7183,-0.7486,2.2858,148.89,63.77,681.24
4.2620,-0.7227,-0.5919,1.2908,147.56,85.33,670.74
4.2644,-0.8286,-0.4895,-1.0204,140.49,97.72,664.65
4.2668,-0.9062,-0.3797,-2.6128,134.89,101.92,661.36
4.2692,-0.9184,-0.3016,-2.2877,121.10,101.50,659.40
4.2716,-0.8301,-0.3880,-0.4929,107.52,105.77,654.57
4.2740,-0.7496,-0.5295,1.3235,113.40,118.86,647.43
4.2764,-0.6861,-0.4714,1.7324,124.18,126.42,637.35
4.2788,-0.6320,-0.3226,0.4124,118.65,143.43,630.56
4.2813,-0.6320,-0.1918,-1.3913,113.47,150.50,626.85
4.2837,-0.5851,-0.0688,-2.1716,106.33,149.31,626.36
4.2861,-0.5119,-0.0342,-1.3298,92.61,150.64,626.01
4.2885,-0.3738,-0.1108,0.2899,85.47,151.62,623.35
4.2909,-0.2582,-0.1747,1.4557,91.14,163.10,619.85
4.2933,-0.2186,-0.1049,1.2493,95.06,169.40,614.53
4.2957,-0.1840,-0.0190,-0.1103,86.45,176.82,612.71
4.2981,-0.2240,0.0337,-1.3649,81.97,181.51,613.06
4.3005,-0.2606,0.0834,-1.5523,72.17,177.10,614.67
4.3029,-0.2186,0.0346,-0.5729,60.55,175.21,614.88
4.3053,-0.1591,-0.0659,0.6871,58.45,178.50,613.27
4.3077,-0.1030,-0.0903,1.2161,62.44,184.03,609.91
4.3101,-0.0864,-0.0205,0.6193,61.18,192.22,607.32
4.3125,-0.1244,0.0410,-0.5529,52.92,194.74,606.69
4.3149,-0.1664,0.0683,-1.2805,46.90,194.18,607.67
4.3173,-0.1859,0.0800,-1.0331,37.87,192.29,608.72
4.3197,-0.1547,0.0293,-0.0903,29.47,190.05,608.30
4.3221,-0.1161,-0.0346,0.7574,29.05,194.53,606.48
4.3245,-0.1030,-0.0171,0.8184,31.36,199.15,603.61
4.3269,-0.1347,0.0644,0.0903,27.09,204.75,601.86
4.3293,-0.1972,0.1078,-0.8169,20.86,205.24,600.88
4.3317,-0.2308,0.1166,-1.1644,16.03,203.63,601.30
4.3341,-0.2425,0.1176,-0.6934,7.91,202.37,601.09
4.3365,-0.2225,0.0625,0.1108,3.57,202.72,599.41
4.3389,-0.2030,0.0220,0.5456,6.86,205.87,596.54
4.3413,-0.2059,0.0634,0.2674,8.33,209.30,593.25
4.3438,-0.2416,0.1152,-0.4734,5.32,214.34,591.15
4.3462,-0.3226,0.1747,-1.0590,3.22,214.83,589.82
4.3486,-0.4060,0.2518,-1.1058,4.06,213.99,587.09
4.3510,-0.4948,0.3670,-0.7818,9.24,214.97,583.10
4.3534,-0.6407,0.7096,-0.2957,20.51,216.23,576.59
4.3558,-0.8501,0.9126,-0.6847,43.82,220.99,561.89
4.3582,-1.1229,1.1395,-2.2077,88.83,194.46,548.52
4.3606,-1.0834,1.5728,-3.3067,109.34,158.76,534.38
4.3630,-1.1082,1.9115,-3.6410,142.24,176.89,518.91
4.3654,-1.3069,2.2150,-3.1232,191.17,127.75,496.09
4.3678,-1.0682,2.3731,-2.7269,254.87,79.52,463.47
4.3702,-0.7315,2.2726,-3.1198,287.21,38.01,437.50
4.3726,-0.2118,1.9574,-3.4550,301.14,-15.75,413.77
4.3750,0.1923,1.6265,-2.8772,303.17,-36.12,400.33
4.3774,0.3001,1.3366,-1.7100,294.56,-80.50,381.78
4.3798,0.5212,0.9877,-0.7959,273.63,-115.22,367.92
4.3822,0.7398,0.7261,-0.5109,281.26,-134.68,349.65
4.3846,0.7808,0.6871,-1.3552,264.25,-153.86,335.37
4.3870,0.8486,0.6144,-2.4073,231.35,-198.31,321.58
4.3894,1.0028,0.4470,-2.8851,210.35,-215.32,310.87
4.3918,1.0004,0.2835,-2.2414,187.53,-235.41,302.05
4.3942,1.0433,0.0961,-0.8774,165.48,-256.13,290.36
4.3966,0.9750,-0.0678,0.0483,150.64,-253.05,280.49
4.3990,0.7993,-0.1503,-0.0039,141.89,-264.81,269.22
4.4014,0.6564,-0.1205,-0.9492,128.31,-266.14,261.87
4.4038,0.5070,-0.0913,-1.8973,105.56,-276.43,256.48
4.4063,0.4890,-0.1767,-2.0179,90.09,-284.27,252.49
4.4087,0.4519,-0.2406,-1.2151,80.50,-282.66,248.50
4.4111,0.3987,-0.3070,-0.2050,69.16,-284.06,242.20
4.4135,0.3484,-0.3792,0.1698,63.77,-273.21,235.48
4.4159,0.1874,-0.3606,-0.3753,62.37,-260.47,229.18
4.4183,0.0815,-0.3133,-1.5104,50.40,-251.65,223.58
4.4207,0.0102,-0.3377,-2.3658,34.86,-231.70,220.08
4.4231,-0.0927,-0.4529,-2.4166,22.75,-216.93,214.27
4.4255,-0.1659,-0.6041,-1.6963,14.98,-195.86,207.69
4.4279,-0.1928,-0.6891,-1.0272,13.86,-164.99,196.91
4.4303,-0.2645,-0.7335,-1.1976,14.63,-116.69,187.53
4.4327,-0.4358,-0.7418,-1.8768,23.17,-83.58,177.17
4.4351,-0.4943,-0.6808,-2.4951,22.96,-60.83,168.42
4.4375,-0.4734,-0.6007,-2.4947,16.52,-25.83,161.28
4.4399,-0.5251,-0.5754,-1.8529,10.29,1.68,154.28
4.4423,-0.5202,-0.5592,-0.8340,11.90,8.54,146.51
4.4447,-0.3533,-0.4909,-0.0722,12.74,23.31,138.67
4.4471,-0.2913,-0.4153,-0.0654,10.15,50.26,133.28
4.4495,-0.3479,-0.3382,-0.5851,8.68,53.13,127.47
4.4519,-0.2782,-0.2474,-1.0848,3.43,50.54,123.69
4.4543,-0.2054,-0.2011,-1.0926,-6.23,61.18,121.52
4.4567,-0.2318,-0.2259,-0.6559,-11.13,66.57,119.00
4.4591,-0.2303,-0.2289,-0.0332,-12.95,60.90,115.36
4.4615,-0.1454,-0.2040,0.2801,-15.68,63.42,111.23
4.4639,-0.1405,-0.1840,0.0224,-18.69,76.23,108.71
4.4663,-0.2006,-0.1327,-0.5388,-19.74,73.50,105.84
4.4688,-0.1752,-0.0810,-0.9170,-27.09,69.37,104.30
4.4712,-0.1557,-0.0874,-0.8369,-34.23,74.69,102.97
4.4736,-0.1840,-0.1118,-0.4138,-37.31,74.27,100.94
4.4760,-0.1806,-0.1137,0.0102,-38.92,72.38,97.79
4.4784,-0.1664,-0.0849,0.0444,-41.02,75.60,94.22
4.4808,-0.1884,-0.0434,-0.3655,-44.66,78.19,90.93
4.4832,-0.2323,-0.0117,-0.8535,-48.23,76.93,88.48
4.4856,-0.2572,0.0239,-1.0277,-51.59,74.83,86.03
4.4880,-0.2630,0.0366,-0.8428,-56.70,74.90,83.37
4.4904,-0.2762,0.0200,-0.4987,-58.80,74.41,79.73
4.4928,-0.2767,0.0205,-0.3562,-58.17,74.41,74.90
4.4952,-0.2923,0.0429,-0.5636,-58.73,78.26,70.56
4.4976,-0.3206,0.0820,-0.9614,-58.03,77.21,65.94
4.5000,-0.3387,0.1235,-1.3156,-59.01,76.02,61.88
4.5024,-0.3533,0.1537,-1.3898,-59.64,72.38,57.47
4.5048,-0.3431,0.1518,-1.2908,-55.58,70.70,52.22
4.5072,-0.3606,0.1869,-1.2273,-46.83,72.10,46.62
4.5096,-0.3709,0.2445,-1.2551,-42.70,69.30,40.32
4.5120,-0.3645,0.2489,-1.5226,-32.62,70.98,33.18
4.5144,-0.3997,0.2967,-1.9549,-22.40,64.12,26.46
4.5168,-0.3382,0.3328,-2.2097,-17.36,50.75,19.88
4.5192,-0.2635,0.3109,-2.2023,-8.19,52.36,14.28
4.5216,-0.2567,0.2860,-2.0032,0.35,39.76,7.84
4.5240,-0.1396,0.2464,-1.7583,7.07,22.26,1.47
4.5264,0.0044,0.1952,-1.5679,7.42,15.33,-3.15
4.5288,0.0732,0.1137,-1.4274,5.32,8.54,-6.93
4.5313,0.0927,0.0459,-1.3039,7.07,0.56,-10.01
4.5337,0.1220,0.0215,-1.1204,6.65,-9.73,-12.60
4.5361,0.1449,0.0093,-0.9077,4.97,-10.36,-13.93
4.5385,0.1132,0.0000,-0.7515,5.39,-12.46,-15.26
4.5409,0.1118,0.0000,-0.6656,5.60,-17.92,-16.31
4.5433,0.1235,0.0068,-0.6612,4.13,-16.45,-16.80
4.5457,0.1113,-0.0024,-0.7081,3.43,-17.36,-17.01
4.5481,0.1132,0.0054,-0.7242,4.90,-18.83,-17.01
4.5505,0.1210,0.0200,-0.6910,3.36,-18.76,-16.73
4.5529,0.1283,0.0063,-0.6349,2.73,-18.06,-16.38
4.5553,0.1254,0.0005,-0.5958,4.06,-17.01,-15.96
4.5577,0.1298,0.0083,-0.5973,5.04,-17.43,-15.33
4.5601,0.1420,0.0205,-0.6515,4.97,-14.98,-14.56
4.5625,0.1327,0.0239,-0.7393,4.41,-13.51,-13.58
4.5649,0.1308,0.0307,-0.8120,4.76,-13.44,-12.53
4.5673,0.1293,0.0464,-0.8506,3.43,-11.69,-10.99
4.5697,0.1215,0.0473,-0.8740,1.68,-11.20,-9.45
4.5721,0.1191,0.0444,-0.9101,1.47,-10.85,-7.70
4.5745,0.1200,0.0542,-0.9711,1.54,-10.08,-6.02
4.5769,0.1113,0.0649,-1.0502,0.56,-8.12,-3.99
4.5793,0.0917,0.0717,-1.1292,0.35,-8.61,-2.24
4.5817,0.0893,0.0795,-1.1912,0.49,-8.82,-0.42
4.5841,0.0859,0.0825,-1.2210,1.26,-6.79,1.12
4.5865,0.0737,0.0839,-1.2151,2.24,-6.44,2.38
4.5889,0.0654,0.0800,-1.1927,3.22,-6.37,3.15
4.5913,0.0512,0.0708,-1.1756,4.13,-5.25,3.43
4.5938,0.0312,0.0571,-1.1551,3.78,-4.34,3.15
4.5962,0.0122,0.0425,-1.1136,3.50,-4.69,2.52
4.5986,0.0063,0.0259,-1.0492,2.66,-5.04,1.75
4.6010,0.0078,0.0039,-0.9750,2.24,-4.41,0.84
4.6034,-0.0034,-0.0088,-0.9223,1.89,-4.13,-0.21
4.6058,-0.0151,-0.0151,-0.9052,1.12,-4.41,-1.05
4.6082,-0.0181,-0.0137,-0.9160,1.19,-3.64,-1.75
4.6106,-0.0244,0.0010,-0.9374,1.19,-2.87,-1.96
4.6130,-0.0220,0.0234,-0.9477,0.63,-3.15,-2.03
4.6154,-0.0117,0.0420,-0.9521,0.14,-1.96,-1.75
4.6178,-0.0073,0.0527,-0.9628,-0.14,-0.98,-1.33
4.6202,-0.0044,0.0586,-0.9819,-0.35,-0.56,-0.84
4.6226,0.0010,0.0595,-1.0024,-0.56,-0.21,-0.42
4.6250,0.0093,0.0581,-1.0175,-0.49,-0.42,-0.14
4.6274,0.0215,0.0512,-1.0194,-0.42,-1.12,-0.07
4.6298,0.0322,0.0454,-1.0048,0.00,-1.47,-0.07
4.6322,0.0400,0.0454,-0.9823,0.42,-1.54,-0.42
4.6346,0.0429,0.0468,-0.9750,0.70,-1.89,-0.70
4.6370,0.0390,0.0478,-0.9862,0.91,-2.24,-0.91
4.6394,0.0312,0.0493,-1.0024,0.91,-2.38,-1.05
4.6418,0.0210,0.0503,-1.0077,0.70,-2.52,-0.98
4.6442,0.0112,0.0468,-0.9931,0.56,-2.59,-0.77
4.6466,0.0054,0.0429,-0.9716,0.84,-2.38,-0.70
4.6490,0.0005,0.0395,-0.9618,0.91,-2.03,-0.49
4.6514,-0.0029,0.0386,-0.9667,1.05,-2.03,-0.42
4.6538,-0.0020,0.0327,-0.9833,0.77,-1.96,-0.49
4.6563,0.0059,0.0342,-0.9916,1.40,-2.03,-0.56
4.6587,0.0117,0.0425,-0.9950,0.77,-1.75,-0.63
4.6611,0.0156,0.0410,-1.0053,0.00,-1.96,-0.84
4.6635,0.0185,0.0415,-1.0097,0.35,-1.89,-0.84
4.6659,0.0142,0.0454,-1.0043,0.56,-1.75,-0.70
4.6683,0.0127,0.0473,-0.9916,0.42,-2.03,-0.70
4.6707,0.0117,0.0459,-0.9828,0.21,-2.10,-0.63
4.6731,0.0132,0.0459,-0.9789,0.77,-2.45,-0.49
4.6755,0.0146,0.0468,-0.9765,0.70,-2.10,-0.56
4.6779,0.0122,0.0454,-0.9784,0.49,-2.24,-0.49
4.6803,0.0132,0.0444,-0.9823,0.49,-2.17,-0.49
4.6827,0.0122,0.0425,-0.9843,0.63,-2.10,-0.63
4.6851,0.0107,0.0405,-0.9853,0.49,-1.89,-0.70
4.6875,0.0093,0.0395,-0.9882,0.42,-1.96,-0.70
4.6899,0.0107,0.0400,-0.9916,0.63,-2.17,-0.70
4.6923,0.0127,0.0420,-0.9931,0.63,-1.89,-0.70
4.6947,0.0137,0.0439,-0.9931,0.56,-2.03,-0.63
4.6971,0.0146,0.0444,-0.9916,0.63,-2.10,-0.56
4.6995,0.0176,0.0449,-0.9887,0.63,-2.03,-0.56
4.7019,0.0190,0.0449,-0.9853,0.56,-1.96,-0.56
4.7043,0.0166,0.0444,-0.9838,0.56,-2.03,-0.63
4.7067,0.0156,0.0459,-0.9833,0.56,-2.10,-0.77
4.7091,0.0161,0.0459,-0.9843,0.56,-1.96,-0.70
4.7115,0.0142,0.0444,-0.9887,0.56,-2.03,-0.70
4.7139,0.0117,0.0429,-0.9911,0.63,-2.17,-0.70
4.7163,0.0117,0.0444,-0.9906,0.63,-2.03,-0.70
