# throw_id=9,class=forehand,name=,samples=1939,sample_rate_hz=416.0,dropped=0,peak_accel_g=23.6492,peak_gyro_dps=2478.01
time_s,ax_g,ay_g,az_g,gx_dps,gy_dps,gz_dps
0.0000,-0.1044,-0.6407,-0.6525,-28.77,-5.11,28.98
0.0024,-0.1044,-0.6520,-0.6461,-30.17,-3.43,29.82
0.0048,-0.1147,-0.6622,-0.6432,-31.01,-2.31,30.73
0.0072,-0.1240,-0.6720,-0.6407,-31.78,-1.82,31.78
0.0096,-0.1259,-0.6837,-0.6393,-31.92,-1.47,32.97
0.0120,-0.1293,-0.6886,-0.6388,-31.99,-0.49,34.09
0.0144,-0.1420,-0.6915,-0.6427,-32.27,-0.21,35.07
0.0168,-0.1537,-0.6949,-0.6486,-32.34,-0.14,36.05
0.0192,-0.1654,-0.6959,-0.6520,-32.41,0.14,36.96
0.0216,-0.1796,-0.7003,-0.6554,-32.76,0.00,37.94
0.0240,-0.1923,-0.7066,-0.6612,-33.11,0.14,38.78
0.0264,-0.2040,-0.7110,-0.6769,-33.53,0.21,39.62
0.0288,-0.2152,-0.7091,-0.6978,-33.88,0.42,40.39
0.0313,-0.2274,-0.7052,-0.7081,-34.37,0.49,41.16
0.0337,-0.2342,-0.7066,-0.7013,-35.07,0.35,41.93
0.0361,-0.2372,-0.7139,-0.6754,-35.63,0.70,42.70
0.0385,-0.2406,-0.7188,-0.6476,-36.26,0.77,43.33
0.0409,-0.2406,-0.7154,-0.6422,-37.03,0.98,44.03
0.0433,-0.2416,-0.7105,-0.6544,-37.80,1.47,44.59
0.0457,-0.2440,-0.7076,-0.6725,-38.71,1.75,45.29
0.0481,-0.2503,-0.7037,-0.6842,-39.41,2.45,46.06
0.0505,-0.2547,-0.6998,-0.6793,-40.32,2.73,46.62
0.0529,-0.2533,-0.7008,-0.6617,-41.51,3.15,47.11
0.0553,-0.2499,-0.7076,-0.6461,-42.35,3.85,47.53
0.0577,-0.2425,-0.7110,-0.6378,-42.98,4.48,47.88
0.0601,-0.2333,-0.7091,-0.6422,-43.75,5.32,48.09
0.0625,-0.2274,-0.7081,-0.6559,-44.59,6.44,48.51
0.0649,-0.2220,-0.7130,-0.6705,-45.36,7.56,48.79
0.0673,-0.2152,-0.7193,-0.6769,-46.27,8.54,49.21
0.0697,-0.2035,-0.7203,-0.6686,-46.97,9.31,49.70
0.0721,-0.1864,-0.7218,-0.6588,-47.60,10.36,50.33
0.0745,-0.1830,-0.7261,-0.6573,-48.23,11.90,51.03
0.0769,-0.1845,-0.7330,-0.6734,-48.93,12.60,51.45
0.0793,-0.1820,-0.7418,-0.7017,-49.21,13.58,51.94
0.0817,-0.1810,-0.7486,-0.7266,-49.49,14.49,52.64
0.0841,-0.1762,-0.7603,-0.7388,-49.84,14.70,53.06
0.0865,-0.1762,-0.7740,-0.7403,-49.91,15.82,53.55
0.0889,-0.1835,-0.7881,-0.7398,-49.98,16.66,53.90
0.0913,-0.1889,-0.7940,-0.7452,-49.77,16.59,54.32
0.0938,-0.1801,-0.7930,-0.7569,-49.07,16.38,54.81
0.0962,-0.1635,-0.7959,-0.7871,-48.37,17.15,55.51
0.0986,-0.1679,-0.8047,-0.8218,-48.30,18.62,56.21
0.1010,-0.1869,-0.8272,-0.8501,-47.88,18.69,56.70
0.1034,-0.2015,-0.8491,-0.8584,-47.46,18.48,57.05
0.1058,-0.2064,-0.8706,-0.8433,-46.97,18.13,57.40
0.1082,-0.2050,-0.8886,-0.8311,-45.92,18.41,57.82
0.1106,-0.2108,-0.8901,-0.8325,-45.15,18.48,58.24
0.1130,-0.2079,-0.8945,-0.8603,-44.45,17.36,58.59
0.1154,-0.1942,-0.8926,-0.9087,-43.40,17.99,59.15
0.1178,-0.2025,-0.8930,-0.9482,-43.26,17.85,60.06
0.1202,-0.2128,-0.8935,-0.9565,-41.51,16.03,60.90
0.1226,-0.2162,-0.8989,-0.9511,-41.44,17.01,61.88
0.1250,-0.2381,-0.9072,-0.9677,-39.97,18.69,62.86
0.1274,-0.2708,-0.9018,-0.9755,-39.41,18.48,63.70
0.1298,-0.2772,-0.9135,-0.9687,-39.27,15.82,64.33
0.1322,-0.2669,-0.9262,-0.9506,-38.29,17.50,65.24
0.1346,-0.2660,-0.9399,-0.9496,-37.38,18.13,65.73
0.1370,-0.2528,-0.9614,-0.9526,-37.52,17.15,66.36
0.1394,-0.2269,-0.9823,-0.9506,-36.89,16.94,66.78
0.1418,-0.2216,-0.9872,-0.9589,-36.05,18.97,67.76
0.1442,-0.2469,-0.9784,-0.9716,-35.28,19.60,68.46
0.1466,-0.3021,-0.9570,-0.9833,-34.37,21.28,70.07
0.1490,-0.3338,-0.9638,-1.0014,-35.35,20.23,71.61
0.1514,-0.2991,-1.0009,-1.0204,-36.05,20.09,72.87
0.1538,-0.2743,-1.0053,-0.9970,-35.14,20.86,73.64
0.1563,-0.2562,-0.9872,-0.9516,-35.21,19.46,73.99
0.1587,-0.2401,-0.9731,-0.9374,-34.65,21.70,74.06
0.1611,-0.2523,-0.9575,-0.9877,-33.04,22.19,74.06
0.1635,-0.2567,-0.9365,-1.0497,-31.92,21.07,73.92
0.1659,-0.2596,-0.9189,-1.0819,-31.08,22.40,74.20
0.1683,-0.2752,-0.9004,-1.0609,-30.73,21.91,74.34
0.1707,-0.2796,-0.8730,-0.9936,-30.52,20.58,74.48
0.1731,-0.2835,-0.8638,-0.9335,-30.80,21.28,74.69
0.1755,-0.2821,-0.8828,-0.9106,-30.94,19.88,74.83
0.1779,-0.2577,-0.8891,-0.9345,-29.54,18.62,74.69
0.1803,-0.2450,-0.8701,-0.9877,-29.33,19.95,74.76
0.1827,-0.2596,-0.8535,-1.0541,-30.52,20.44,74.76
0.1851,-0.2718,-0.8413,-1.1043,-30.94,19.04,74.83
0.1875,-0.2708,-0.8257,-1.0995,-31.78,18.34,75.18
0.1899,-0.2762,-0.8164,-1.0536,-32.62,18.41,75.60
0.1923,-0.2860,-0.8076,-1.0038,-33.11,17.15,75.74
0.1947,-0.2879,-0.7984,-0.9823,-33.67,15.33,75.88
0.1971,-0.2894,-0.7891,-1.0004,-34.02,14.49,76.30
0.1995,-0.2972,-0.7813,-1.0404,-34.51,13.02,76.72
0.2019,-0.2982,-0.7784,-1.0702,-35.14,10.64,77.28
0.2043,-0.2874,-0.7837,-1.0726,-36.12,8.89,77.98
0.2067,-0.2786,-0.7925,-1.0546,-37.03,7.63,78.75
0.2091,-0.2772,-0.7940,-1.0282,-37.45,6.30,79.73
0.2115,-0.2791,-0.7998,-1.0131,-38.22,4.69,80.99
0.2139,-0.2747,-0.8164,-1.0146,-38.71,2.87,82.32
0.2163,-0.2694,-0.8257,-1.0307,-38.78,1.47,83.93
0.2188,-0.2767,-0.8262,-1.0497,-39.48,0.56,85.68
0.2212,-0.2948,-0.8311,-1.0551,-40.81,-0.56,87.64
0.2236,-0.3074,-0.8418,-1.0487,-41.51,-2.38,89.74
0.2260,-0.3065,-0.8555,-1.0243,-42.35,-3.64,91.77
0.2284,-0.2991,-0.8579,-0.9960,-43.40,-4.90,93.52
0.2308,-0.2918,-0.8467,-0.9945,-44.94,-6.09,95.20
0.2332,-0.2879,-0.8398,-1.0180,-46.90,-6.65,96.74
0.2356,-0.2987,-0.8296,-1.0463,-47.95,-7.42,98.28
0.2380,-0.3172,-0.8281,-1.0619,-50.12,-8.40,99.96
0.2404,-0.2977,-0.8374,-1.0648,-52.71,-11.97,101.36
0.2428,-0.2674,-0.8379,-1.0531,-54.60,-11.90,102.90
0.2452,-0.2650,-0.8252,-1.0258,-55.65,-12.88,103.88
0.2476,-0.2655,-0.8101,-1.0092,-57.26,-14.42,104.72
0.2500,-0.2601,-0.8057,-1.0087,-58.66,-15.96,105.56
0.2524,-0.2484,-0.8032,-1.0146,-59.71,-17.01,106.19
0.2548,-0.2562,-0.8057,-1.0160,-61.81,-17.01,106.89
0.2572,-0.3221,-0.8247,-0.9980,-64.19,-18.06,107.80
0.2596,-0.4631,-0.8735,-1.0009,-66.71,-13.86,109.97
0.2620,-0.5046,-0.9355,-0.9521,-67.41,-22.61,112.98
0.2644,-0.4006,-0.9340,-0.8491,-63.98,-23.03,115.01
0.2668,-0.3723,-0.8906,-0.8569,-70.00,-17.78,117.32
0.2692,-0.4265,-0.9218,-0.9784,-76.23,-18.20,118.93
0.2716,-0.5270,-0.9740,-1.1165,-75.88,-15.33,122.22
0.2740,-0.5944,-0.9833,-1.0448,-75.46,-22.33,125.58
0.2764,-0.5597,-1.0072,-0.8867,-77.98,-23.10,128.52
0.2788,-0.5622,-1.0492,-0.8418,-79.87,-18.97,132.37
0.2813,-0.6183,-1.0785,-0.8750,-79.17,-21.00,135.38
0.2837,-0.7008,-1.0975,-0.9794,-81.48,-19.60,140.28
0.2861,-0.7588,-1.1244,-0.9936,-83.37,-25.20,145.18
0.2885,-0.7344,-1.1541,-0.9165,-82.39,-30.24,149.94
0.2909,-0.7076,-1.1624,-0.8520,-82.18,-30.31,155.05
0.2933,-0.7144,-1.1785,-0.8491,-83.30,-30.45,159.95
0.2957,-0.7247,-1.1980,-0.9238,-82.25,-34.86,164.71
0.2981,-0.7139,-1.1956,-0.9911,-82.04,-38.15,169.61
0.3005,-0.7105,-1.1951,-1.0009,-83.65,-39.20,174.44
0.3029,-0.7110,-1.2063,-0.9594,-84.35,-44.03,178.78
0.3053,-0.6783,-1.2132,-0.8916,-83.44,-49.21,182.77
0.3077,-0.6446,-1.2024,-0.8677,-83.16,-50.40,186.48
0.3101,-0.6305,-1.1893,-0.9199,-83.16,-53.83,189.84
0.3125,-0.6100,-1.1761,-1.0009,-82.46,-58.94,192.85
0.3149,-0.5793,-1.1570,-1.0365,-82.32,-62.93,195.65
0.3173,-0.5558,-1.1478,-1.0033,-82.95,-66.64,198.10
0.3197,-0.5368,-1.1468,-0.9287,-82.46,-71.96,200.06
0.3221,-0.5104,-1.1405,-0.8711,-81.13,-76.51,201.60
0.3245,-0.4939,-1.1331,-0.8764,-80.22,-79.73,202.93
0.3269,-0.4875,-1.1283,-0.9374,-79.31,-84.49,203.91
0.3293,-0.4719,-1.1248,-0.9950,-78.19,-90.16,204.75
0.3317,-0.4538,-1.1263,-0.9984,-77.56,-94.43,205.59
0.3341,-0.4426,-1.1326,-0.9457,-76.79,-98.77,206.22
0.3365,-0.4255,-1.1409,-0.8774,-75.32,-103.81,206.64
0.3389,-0.4036,-1.1453,-0.8447,-73.78,-107.59,206.99
0.3413,-0.3948,-1.1468,-0.8667,-72.66,-110.67,207.55
0.3438,-0.3914,-1.1517,-0.9165,-71.75,-114.59,208.18
0.3462,-0.3816,-1.1639,-0.9399,-70.98,-118.72,209.02
0.3486,-0.3723,-1.1819,-0.9091,-70.35,-121.94,209.86
0.3510,-0.3723,-1.2019,-0.8472,-69.72,-125.16,210.70
0.3534,-0.3719,-1.2234,-0.7959,-68.46,-128.31,211.47
0.3558,-0.3684,-1.2410,-0.7886,-67.27,-130.69,212.17
0.3582,-0.3694,-1.2581,-0.8257,-66.64,-132.93,213.01
0.3606,-0.3665,-1.2727,-0.8672,-65.94,-135.31,213.99
0.3630,-0.3572,-1.2805,-0.8706,-65.45,-137.48,215.39
0.3654,-0.3470,-1.2903,-0.8272,-65.17,-139.23,216.93
0.3678,-0.3396,-1.3044,-0.7706,-64.61,-140.56,218.68
0.3702,-0.3328,-1.3161,-0.7340,-63.91,-141.68,220.64
0.3726,-0.3299,-1.3225,-0.7369,-63.49,-142.66,222.60
0.3750,-0.3343,-1.3269,-0.7676,-63.00,-143.71,224.56
0.3774,-0.3382,-1.3327,-0.7930,-62.58,-145.18,226.38
0.3798,-0.3362,-1.3410,-0.7906,-62.09,-146.37,228.13
0.3822,-0.3294,-1.3483,-0.7632,-61.39,-147.42,229.67
0.3846,-0.3201,-1.3552,-0.7349,-60.27,-148.26,230.93
0.3870,-0.3021,-1.3586,-0.7232,-59.29,-149.24,232.12
0.3894,-0.2791,-1.3566,-0.7340,-58.31,-150.01,233.10
0.3918,-0.2611,-1.3498,-0.7574,-57.19,-150.64,234.08
0.3942,-0.2420,-1.3396,-0.7735,-55.93,-151.48,234.99
0.3966,-0.2211,-1.3308,-0.7730,-54.60,-152.18,235.97
0.3990,-0.2084,-1.3264,-0.7637,-52.85,-153.09,236.53
0.4014,-0.2020,-1.3225,-0.7579,-50.61,-154.28,236.81
0.4038,-0.1976,-1.3142,-0.7608,-48.37,-155.68,236.95
0.4063,-0.1952,-1.3020,-0.7696,-45.99,-157.50,236.88
0.4087,-0.1932,-1.2937,-0.7823,-43.54,-159.53,236.67
0.4111,-0.1957,-1.2878,-0.7857,-40.60,-161.42,236.25
0.4135,-0.1850,-1.2893,-0.7930,-37.66,-164.22,235.48
0.4159,-0.1659,-1.2917,-0.8013,-34.51,-165.90,234.92
0.4183,-0.1571,-1.2888,-0.8111,-31.36,-167.58,234.15
0.4207,-0.1479,-1.2830,-0.8257,-28.07,-169.26,233.52
0.4231,-0.1449,-1.2751,-0.8330,-25.06,-169.89,233.03
0.4255,-0.1503,-1.2712,-0.8442,-22.68,-171.22,232.54
0.4279,-0.1576,-1.2708,-0.8428,-20.02,-172.69,231.98
0.4303,-0.1767,-1.2742,-0.8330,-17.57,-173.53,231.49
0.4327,-0.2094,-1.2844,-0.8335,-15.82,-174.23,230.86
0.4351,-0.2474,-1.3044,-0.8447,-13.79,-175.63,229.88
0.4375,-0.2821,-1.3313,-0.8682,-12.04,-176.54,228.83
0.4399,-0.3070,-1.3654,-0.8921,-10.50,-176.96,227.71
0.4423,-0.3226,-1.4006,-0.9106,-9.38,-177.03,226.59
0.4447,-0.3328,-1.4333,-0.9174,-8.54,-176.40,225.89
0.4471,-0.3445,-1.4586,-0.9189,-8.12,-174.37,225.40
0.4495,-0.3626,-1.4782,-0.9238,-8.40,-172.06,225.47
0.4519,-0.3870,-1.5011,-0.9306,-9.24,-169.19,225.96
0.4543,-0.4207,-1.5270,-0.9389,-10.78,-165.62,226.94
0.4567,-0.4651,-1.5577,-0.9453,-12.67,-162.12,227.85
0.4591,-0.5100,-1.5987,-0.9492,-14.77,-158.55,229.18
0.4615,-0.5500,-1.6450,-0.9536,-16.94,-154.77,230.58
0.4639,-0.5880,-1.6890,-0.9648,-19.46,-150.64,232.19
0.4663,-0.6193,-1.7329,-0.9814,-22.19,-146.16,234.22
0.4688,-0.6407,-1.7739,-0.9965,-25.13,-141.68,236.39
0.4712,-0.6559,-1.8110,-1.0028,-28.49,-136.57,239.26
0.4736,-0.6715,-1.8446,-0.9975,-32.27,-131.11,242.34
0.4760,-0.6910,-1.8759,-0.9887,-36.40,-125.30,245.98
0.4784,-0.7159,-1.9037,-0.9843,-40.74,-119.28,250.11
0.4808,-0.7466,-1.9296,-0.9892,-45.57,-113.40,254.59
0.4832,-0.7769,-1.9569,-0.9975,-50.68,-107.59,259.42
0.4856,-0.8076,-1.9832,-1.0004,-56.07,-101.92,264.46
0.4880,-0.8340,-2.0125,-0.9960,-61.88,-96.53,269.78
0.4904,-0.8506,-2.0437,-0.9838,-67.76,-91.28,275.59
0.4928,-0.8594,-2.0745,-0.9745,-73.64,-86.17,281.40
0.4952,-0.8599,-2.1150,-0.9731,-79.45,-81.06,287.70
0.4976,-0.8511,-2.1638,-0.9819,-85.40,-76.30,294.14
0.5000,-0.8355,-2.2165,-0.9965,-91.28,-71.68,300.86
0.5024,-0.8213,-2.2658,-1.0048,-96.88,-66.43,307.79
0.5048,-0.8096,-2.3082,-1.0067,-102.13,-61.67,315.00
0.5072,-0.7979,-2.3536,-1.0043,-107.31,-57.40,322.42
0.5096,-0.7818,-2.4112,-0.9980,-112.49,-53.69,330.05
0.5120,-0.7652,-2.4712,-0.9872,-117.32,-49.91,338.17
0.5144,-0.7535,-2.5278,-0.9721,-122.15,-46.83,346.22
0.5168,-0.7349,-2.5869,-0.9599,-126.84,-44.59,354.62
0.5192,-0.7081,-2.6454,-0.9604,-131.11,-42.77,363.44
0.5216,-0.6817,-2.6967,-0.9701,-134.75,-41.02,372.75
0.5240,-0.6534,-2.7455,-0.9745,-138.74,-40.04,382.62
0.5264,-0.6217,-2.8036,-0.9604,-142.73,-40.11,392.84
0.5288,-0.5861,-2.8690,-0.9301,-146.23,-40.53,403.62
0.5313,-0.5466,-2.9319,-0.8906,-149.59,-41.58,414.82
0.5337,-0.5051,-2.9929,-0.8608,-152.95,-43.40,426.02
0.5361,-0.4665,-3.0524,-0.8535,-156.03,-45.57,437.57
0.5385,-0.4255,-3.1090,-0.8662,-158.97,-48.58,449.40
0.5409,-0.3777,-3.1632,-0.8794,-161.98,-51.73,461.44
0.5433,-0.3216,-3.2125,-0.8706,-165.34,-55.58,473.90
0.5457,-0.2582,-3.2564,-0.8335,-168.35,-59.71,486.57
0.5481,-0.1976,-3.2925,-0.7842,-171.22,-63.77,499.45
0.5505,-0.1410,-3.3262,-0.7408,-174.79,-68.60,512.68
0.5529,-0.0844,-3.3618,-0.7135,-178.50,-74.06,526.05
0.5553,-0.0351,-3.3994,-0.6925,-182.00,-80.08,539.42
0.5577,0.0059,-3.4448,-0.6622,-186.06,-86.94,552.65
0.5601,0.0576,-3.4955,-0.6242,-189.98,-94.78,565.60
0.5625,0.1210,-3.5414,-0.5773,-193.34,-103.04,578.62
0.5649,0.1903,-3.5888,-0.5270,-196.98,-112.14,591.50
0.5673,0.2533,-3.6541,-0.4836,-200.69,-120.54,604.45
0.5697,0.3026,-3.7186,-0.4534,-203.77,-129.15,617.05
0.5721,0.3655,-3.7537,-0.4221,-206.57,-139.51,629.86
0.5745,0.4143,-3.8123,-0.3753,-211.40,-147.77,642.74
0.5769,0.4363,-3.8981,-0.3113,-216.02,-155.89,655.41
0.5793,0.4909,-3.9962,-0.2298,-220.78,-167.72,667.87
0.5817,0.5739,-4.0987,-0.1240,-224.91,-179.13,680.54
0.5841,0.6305,-4.1958,-0.0137,-231.21,-187.18,693.35
0.5865,0.6598,-4.2978,0.0498,-235.13,-196.28,705.95
0.5889,0.7266,-4.4057,0.0644,-238.49,-209.16,718.62
0.5913,0.8252,-4.5179,0.1054,-243.67,-218.26,731.99
0.5938,0.8872,-4.6043,0.2235,-248.64,-227.99,745.78
0.5962,0.9760,-4.7346,0.3821,-251.72,-243.32,759.78
0.5986,1.0951,-4.8951,0.5880,-253.61,-254.66,774.90
0.6010,1.1951,-5.0703,0.7218,-255.50,-268.03,789.95
0.6034,1.2922,-5.2509,0.7696,-251.79,-281.89,805.70
0.6058,1.3820,-5.3856,0.7950,-246.12,-297.08,821.31
0.6082,1.4821,-5.5486,0.7706,-239.40,-312.55,836.99
0.6106,1.6045,-5.7267,0.7954,-227.64,-329.49,853.02
0.6130,1.7588,-5.8833,0.8901,-213.71,-348.25,869.12
0.6154,1.9296,-6.0585,1.0507,-198.45,-366.52,885.99
0.6178,2.0764,-6.2625,1.2346,-181.02,-384.23,902.30
0.6202,2.2253,-6.4660,1.3274,-159.88,-405.58,918.12
0.6226,2.4205,-6.6231,1.3269,-135.45,-425.81,934.22
0.6250,2.5776,-6.7500,1.2986,-110.46,-441.00,950.81
0.6274,2.6786,-6.8881,1.3000,-84.56,-462.91,966.98
0.6298,2.8851,-7.0750,1.3376,-54.46,-485.87,982.45
0.6322,3.1974,-7.3420,1.4089,-23.80,-504.98,998.20
0.6346,3.4619,-7.5967,1.5245,8.19,-525.21,1013.53
0.6370,3.7176,-7.7616,1.6602,43.82,-545.02,1027.67
0.6394,4.0270,-7.9959,1.7441,75.53,-563.92,1040.83
0.6418,4.3876,-8.2448,1.6421,117.39,-584.78,1053.08
0.6442,4.8044,-8.5014,1.5245,154.35,-603.05,1065.19
0.6466,5.2060,-8.9055,1.4967,188.30,-619.85,1074.71
0.6490,5.6671,-9.2408,1.4733,231.98,-638.68,1081.50
0.6514,6.2752,-9.4867,1.6060,272.51,-659.12,1087.17
0.6538,6.9642,-9.8239,1.7358,308.00,-669.34,1089.83
0.6563,7.7743,-10.2343,1.7285,343.91,-690.90,1090.04
0.6587,8.8333,-10.6316,1.4694,397.04,-701.05,1087.52
0.6611,9.8981,-10.9048,1.0980,439.53,-693.07,1086.75
0.6635,10.9824,-11.1210,0.8442,476.56,-703.78,1082.62
0.6659,12.1658,-11.3387,0.7003,527.87,-697.13,1079.75
0.6683,13.2551,-11.5339,0.5793,583.24,-677.88,1074.92
0.6707,14.1403,-11.6993,0.3704,632.31,-650.44,1068.41
0.6731,14.7420,-11.6364,0.1074,687.89,-629.30,1055.88
0.6755,15.0880,-11.1147,-0.3714,755.02,-587.86,1038.52
0.6779,15.1046,-10.2490,-1.0858,818.44,-524.51,1017.17
0.6803,15.1334,-9.3935,-1.9671,879.55,-481.32,987.42
0.6827,15.5404,-8.8108,-2.7655,937.44,-437.71,949.76
0.6851,15.9108,-8.6225,-2.9802,989.80,-381.78,902.93
0.6875,15.9864,-9.0524,-2.6445,1008.07,-339.22,848.19
0.6899,15.9864,-9.4735,-2.1814,1047.13,-302.05,775.60
0.6923,15.9864,-9.2437,-2.3292,1093.40,-211.05,695.80
0.6947,15.9864,-8.4151,-3.3901,1129.80,-106.19,611.10
0.6971,15.9864,-7.5386,-4.8336,1134.63,-76.30,508.76
0.6995,15.9864,-6.9462,-5.7711,1154.72,-38.36,395.29
0.7019,15.9864,-6.3172,-5.6906,1164.66,32.27,272.44
0.7043,15.9864,-5.9839,-5.2465,1146.18,29.96,129.57
0.7067,15.9864,-6.0610,-4.5857,1126.58,58.45,-19.81
0.7091,15.9864,-6.0673,-4.5560,1138.83,85.33,-186.27
0.7115,15.9864,-6.0200,-5.2933,1106.49,100.10,-351.96
0.7139,15.9864,-5.8462,-5.9438,1083.11,82.46,-528.78
0.7163,15.9864,-5.7399,-6.1566,1022.21,57.33,-705.25
0.7188,15.9864,-6.0688,-5.5549,971.11,0.84,-891.73
0.7212,15.9864,-6.6871,-4.6794,905.24,-42.63,-1078.35
0.7236,15.9864,-7.6426,-4.0597,836.57,-96.60,-1266.44
0.7260,15.9864,-8.7986,-3.9284,756.35,-140.49,-1447.39
0.7284,15.9864,-10.3197,-4.2524,655.90,-200.62,-1620.08
0.7308,15.9864,-12.2434,-4.5804,549.08,-247.31,-1779.68
0.7332,15.9864,-14.3667,-4.4823,431.90,-271.60,-1925.98
0.7356,15.9864,-15.7356,-3.9962,321.44,-291.27,-2063.32
0.7380,15.9864,-15.9888,-3.4394,222.46,-285.32,-2191.21
0.7404,15.9864,-15.9888,-3.3296,147.21,-243.95,-2281.86
0.7428,15.9864,-15.9888,-3.7298,74.27,-199.99,-2293.48
0.7452,15.9864,-15.9888,-4.3642,8.82,-179.90,-2293.48
0.7476,15.9864,-15.9888,-4.7409,-41.37,-139.51,-2293.48
0.7500,15.9864,-15.9888,-5.0201,-82.18,-130.34,-2293.48
0.7524,15.9864,-15.9888,-6.0053,-42.14,-65.31,-2293.48
0.7548,15.9859,-15.9888,-6.9350,23.03,12.95,-2293.48
0.7572,15.9859,-15.9888,-5.9102,-77.84,-87.15,-2293.48
0.7596,15.9859,-15.9888,-4.2427,-43.96,-79.52,-2293.48
0.7620,15.9859,-15.9888,-4.9971,209.09,229.11,-2293.48
0.7644,15.9859,-14.5448,-5.8506,267.19,194.53,-2293.48
0.7668,15.3832,-10.6779,-5.0435,264.04,105.63,-2293.48
0.7692,10.7179,-5.7076,-7.0936,497.84,489.79,-2293.48
0.7716,1.9652,0.1015,-10.2080,677.74,648.97,-2293.48
0.7740,-2.8548,3.3272,-6.4797,480.20,160.58,-2293.48
0.7764,0.4016,1.9183,-2.6796,378.98,-282.03,-2293.48
0.7788,3.3042,0.2669,3.5624,447.30,44.52,-2293.48
0.7813,0.6222,0.5963,7.4108,583.66,219.31,-2293.48
0.7837,-1.1507,1.1234,-0.4851,423.99,-235.69,-2293.48
0.7861,1.9666,0.7096,-5.9233,452.97,-346.29,-2293.48
0.7885,1.4259,1.0648,-5.8287,450.38,38.92,-2293.48
0.7909,-0.7935,1.9535,-3.1661,315.70,-407.61,-2293.48
0.7933,2.0115,0.9721,0.6320,219.10,-530.25,-2293.48
0.7957,2.4908,0.1562,4.4496,272.79,-258.02,-2293.48
0.7981,0.2342,1.0214,2.5766,246.26,-271.39,-2293.48
0.8005,0.0278,1.2683,-4.0680,122.64,-483.63,-2293.48
0.8029,1.3610,1.2424,-6.4138,94.64,-444.99,-2293.48
0.8053,0.8886,1.5499,-4.3359,-3.99,-338.59,-2293.48
0.8077,0.3016,1.4157,-1.1556,-114.52,-496.86,-2293.48
0.8101,1.2849,0.9433,1.6255,-172.97,-489.86,-2293.48
0.8125,1.2029,0.9941,1.9149,-186.20,-328.02,-2293.48
0.8149,-0.1049,1.6138,-2.1911,-265.23,-302.61,-2293.48
0.8173,-0.0444,1.7778,-5.6867,-352.10,-410.06,-2293.48
0.8197,0.7647,1.5987,-4.8985,-410.76,-313.60,-2293.48
0.8221,0.2972,1.5401,-1.9213,-481.39,-241.92,-2293.48
0.8245,0.0644,1.4069,0.5719,-533.54,-266.14,-2293.48
0.8269,0.4465,1.4474,1.4230,-551.46,-196.14,-2293.48
0.8293,0.2225,1.7983,-0.2538,-574.56,-69.37,-2293.48
0.8317,-0.3401,2.0076,-3.2911,-620.48,-39.20,-2293.48
0.8341,-0.1264,1.9413,-4.0016,-650.02,-43.12,-2293.48
0.8365,0.2269,1.7636,-1.9622,-674.66,60.69,-2293.48
0.8389,-0.0498,1.5938,0.5549,-683.55,138.18,-2293.48
0.8413,-0.1513,1.6094,1.8822,-667.66,175.14,-2293.48
0.8438,0.0425,1.8617,1.3874,-649.81,252.91,-2293.48
0.8462,-0.1059,2.0545,-0.8457,-643.44,349.72,-2293.48
0.8486,-0.4343,2.0623,-2.6923,-628.60,375.97,-2293.48
0.8510,-0.3489,2.0267,-2.2258,-607.88,401.73,-2293.48
0.8534,-0.2630,1.9232,-0.4207,-584.29,476.56,-2293.48
0.8558,-0.3948,1.8354,0.8652,-539.77,520.45,-2293.48
0.8582,-0.3323,1.9364,0.7237,-484.40,545.72,-2293.48
0.8606,-0.2362,2.0857,-0.8755,-441.49,589.68,-2293.48
0.8630,-0.3621,2.0784,-2.8104,-398.72,616.28,-2293.48
0.8654,-0.4651,2.0067,-3.2740,-343.56,613.83,-2293.48
0.8678,-0.3665,1.9671,-2.0208,-290.22,620.27,-2293.48
0.8702,-0.2411,1.8290,-0.6056,-236.60,639.03,-2293.48
0.8726,-0.2001,1.7182,-0.3274,-162.05,643.93,-2293.48
0.8750,-0.1088,1.7978,-1.2830,-94.50,632.87,-2293.48
0.8774,-0.0098,1.8495,-2.7191,-42.98,627.34,-2293.48
0.8798,-0.0771,1.7954,-3.3814,9.73,610.05,-2293.48
0.8822,-0.0590,1.7627,-2.5815,65.31,570.57,-2293.48
0.8846,0.1352,1.6880,-1.0058,111.51,546.00,-2293.48
0.8870,0.2386,1.5484,-0.1928,162.47,527.73,-2293.48
0.8894,0.2606,1.4947,-0.5861,212.03,488.32,-2293.48
0.8918,0.3592,1.5313,-1.5191,252.07,443.59,-2293.48
0.8942,0.3655,1.5782,-2.2209,278.04,404.88,-2293.48
0.8966,0.3567,1.5782,-1.8695,297.57,341.39,-2293.48
0.8990,0.5134,1.5143,-0.6364,315.56,288.12,-2293.48
0.9014,0.6100,1.4269,0.4412,330.61,244.09,-2293.48
0.9038,0.6432,1.3610,0.5539,342.51,191.73,-2293.48
0.9063,0.6666,1.3625,-0.2279,349.30,142.24,-2293.48
0.9087,0.6871,1.4259,-1.1624,344.75,91.42,-2293.48
0.9111,0.7159,1.4430,-1.4552,330.47,42.07,-2293.48
0.9135,0.7642,1.4006,-0.8418,314.16,-13.23,-2293.48
0.9159,0.8901,1.3357,0.0732,295.33,-57.33,-2293.48
0.9183,0.9370,1.2771,0.3572,274.54,-81.34,-2293.48
0.9207,0.8594,1.2903,-0.3001,250.11,-111.86,-2293.48
0.9231,0.8320,1.3796,-1.3122,218.33,-144.55,-2293.48
0.9255,0.8330,1.4777,-1.9418,175.91,-166.53,-2293.48
0.9279,0.8062,1.5104,-1.7436,126.28,-191.80,-2293.48
0.9303,0.8418,1.4752,-1.0126,79.73,-210.63,-2293.48
0.9327,0.8384,1.4625,-0.5583,35.07,-212.59,-2293.48
0.9351,0.7520,1.5289,-0.8262,-10.08,-211.82,-2293.48
0.9375,0.6124,1.6241,-1.5992,-61.81,-208.04,-2293.48
0.9399,0.5095,1.6851,-2.2165,-114.38,-211.75,-2293.48
0.9423,0.5085,1.7143,-2.1828,-167.16,-204.26,-2293.48
0.9447,0.4675,1.6982,-1.5396,-219.52,-189.00,-2293.48
0.9471,0.4138,1.6651,-0.7388,-264.04,-172.76,-2293.48
0.9495,0.3372,1.7056,-0.4041,-305.27,-145.60,-2293.48
0.9519,0.2699,1.7392,-0.7486,-346.85,-119.07,-2293.48
0.9543,0.1869,1.7685,-1.3034,-377.30,-79.17,-2293.48
0.9567,0.0571,1.8359,-1.4825,-413.63,-51.73,-2293.48
0.9591,0.0722,1.7934,-1.0643,-448.63,-24.92,-2293.48
0.9615,0.0756,1.6924,-0.2557,-466.83,24.50,-2293.48
0.9639,-0.0254,1.7007,0.3733,-476.35,64.82,-2293.48
0.9663,-0.0547,1.7612,0.3318,-487.90,104.58,-2293.48
0.9688,-0.0786,1.7812,-0.2518,-492.80,150.29,-2293.48
0.9712,-0.1342,1.7988,-0.8018,-491.33,191.94,-2293.48
0.9736,-0.1932,1.8163,-0.8677,-492.10,229.11,-2293.48
0.9760,-0.2128,1.7714,-0.5070,-487.20,261.80,-2293.48
0.9784,-0.1952,1.7265,-0.0522,-469.28,300.72,-2293.48
0.9808,-0.2245,1.7558,0.0342,-448.84,337.19,-2293.48
0.9832,-0.2655,1.7734,-0.4743,-429.17,365.40,-2293.48
0.9856,-0.2420,1.7319,-1.1448,-400.96,388.43,-2293.48
0.9880,-0.2494,1.7182,-1.4230,-367.85,414.12,-2293.48
0.9904,-0.2660,1.6899,-1.2698,-338.38,428.05,-2293.48
0.9928,-0.2030,1.6002,-0.9218,-302.75,441.98,-2293.48
0.9952,-0.1532,1.5548,-0.7091,-259.28,456.61,-2293.48
0.9976,-0.0854,1.5509,-0.8852,-217.63,464.38,-2293.48
1.0000,-0.0249,1.5484,-1.2947,-178.22,470.33,-2293.48
1.0024,0.0181,1.5538,-1.5816,-137.48,467.60,-2293.48
1.0048,0.0834,1.5421,-1.5104,-98.84,464.80,-2293.48
1.0072,0.1186,1.5362,-1.1478,-59.50,457.87,-2293.48
1.0096,0.1840,1.5035,-0.7896,-22.33,444.50,-2293.48
1.0120,0.2850,1.4952,-0.7198,19.25,433.30,-2293.48
1.0144,0.2952,1.5309,-0.8555,50.82,421.19,-2293.48
1.0168,0.3074,1.5260,-0.9643,80.22,392.49,-2293.48
1.0192,0.3967,1.5143,-0.9033,108.64,368.48,-2293.48
1.0216,0.4421,1.5167,-0.6076,132.09,344.26,-2293.48
1.0240,0.4665,1.5113,-0.2850,150.08,311.64,-2293.48
1.0264,0.5378,1.4860,-0.1254,167.30,277.55,-2293.48
1.0288,0.5812,1.4821,-0.2264,182.63,250.32,-2293.48
1.0313,0.5739,1.4967,-0.5056,191.80,216.51,-2293.48
1.0337,0.6129,1.5108,-0.6754,196.14,179.20,-2293.48
1.0361,0.6642,1.5152,-0.5680,195.58,148.82,-2293.48
1.0385,0.6710,1.5113,-0.3270,191.73,117.74,-2293.48
1.0409,0.6744,1.5104,-0.2172,184.17,84.42,-2293.48
1.0433,0.7056,1.5318,-0.3504,173.95,56.21,-2293.48
1.0457,0.6964,1.5606,-0.7008,157.43,34.58,-2293.48
1.0481,0.6525,1.5933,-1.0560,137.90,7.35,-2293.48
1.0505,0.6437,1.6299,-1.1810,113.68,-16.10,-2293.48
1.0529,0.6568,1.6441,-1.1068,87.29,-35.14,-2293.48
1.0553,0.6193,1.6499,-0.9516,59.36,-47.53,-2293.48
1.0577,0.5549,1.6821,-0.9101,29.96,-63.91,-2293.48
1.0601,0.5324,1.7002,-1.0863,-4.41,-74.41,-2293.48
1.0625,0.4768,1.7134,-1.3420,-34.65,-76.44,-2293.48
1.0649,0.3928,1.7348,-1.4484,-69.65,-81.27,-2293.48
1.0673,0.3626,1.7402,-1.2664,-105.07,-85.33,-2293.48
1.0697,0.3504,1.7178,-0.9555,-140.00,-79.59,-2293.48
1.0721,0.2952,1.6831,-0.6876,-168.77,-70.07,-2293.48
1.0745,0.2128,1.7036,-0.6407,-197.12,-60.83,-2293.48
1.0769,0.1688,1.7236,-0.7779,-229.04,-51.94,-2293.48
1.0793,0.1352,1.7129,-0.9350,-255.71,-32.90,-2293.48
1.0817,0.0522,1.7134,-0.9111,-280.70,-14.84,-2293.48
1.0841,0.0156,1.7007,-0.6305,-305.97,-1.12,-2293.48
1.0865,0.0171,1.6577,-0.3216,-325.92,22.61,-2293.48
1.0889,-0.0122,1.6299,-0.1508,-339.64,48.58,-2293.48
1.0913,-0.0498,1.6416,-0.1635,-351.40,73.99,-2293.48
1.0938,-0.0747,1.6475,-0.3470,-362.88,98.28,-2293.48
1.0962,-0.0961,1.6216,-0.5734,-369.32,124.74,-2293.48
1.0986,-0.1396,1.6099,-0.6354,-370.93,150.64,-2293.48
1.1010,-0.1532,1.6065,-0.4973,-372.75,172.41,-2293.48
1.1034,-0.1161,1.5621,-0.3123,-369.18,196.77,-2293.48
1.1058,-0.1088,1.5392,-0.3099,-357.07,224.98,-2293.48
1.1082,-0.1332,1.5577,-0.5178,-346.71,246.33,-2293.48
1.1106,-0.1264,1.5460,-0.8140,-333.20,264.74,-2293.48
1.1130,-0.1064,1.5157,-1.0067,-315.07,283.50,-2293.48
1.1154,-0.0795,1.5026,-0.9740,-293.79,300.79,-2293.48
1.1178,-0.0542,1.4918,-0.8384,-272.93,317.03,-2293.48
1.1202,0.0020,1.4679,-0.7349,-248.29,327.88,-2293.48
1.1226,0.0595,1.4606,-0.7891,-219.73,343.42,-2293.48
1.1250,0.0532,1.4840,-0.9916,-194.25,353.01,-2293.48
1.1274,0.0903,1.4782,-1.1746,-169.47,353.85,-2293.48
1.1298,0.1576,1.4679,-1.1629,-140.77,359.73,-2293.48
1.1322,0.2045,1.4782,-0.9643,-114.59,360.64,-2293.48
1.1346,0.2508,1.4679,-0.7593,-88.83,358.12,-2293.48
1.1370,0.3118,1.4596,-0.6612,-62.16,350.14,-2293.48
1.1394,0.3738,1.4728,-0.6549,-36.26,346.50,-2293.48
1.1418,0.3767,1.5060,-0.7144,-13.58,337.82,-2293.48
1.1442,0.3948,1.5226,-0.7247,5.60,319.69,-2293.48
1.1466,0.4397,1.5352,-0.5617,25.13,306.53,-2293.48
1.1490,0.4553,1.5421,-0.3192,40.46,291.48,-2293.48
1.1514,0.4680,1.5323,-0.1801,55.16,272.23,-2293.48
1.1538,0.4958,1.5411,-0.2176,67.69,251.02,-2293.48
1.1563,0.5226,1.5557,-0.3855,76.30,232.26,-2293.48
1.1587,0.5129,1.5699,-0.5612,82.46,211.26,-2293.48
1.1611,0.5065,1.6055,-0.6266,85.68,185.85,-2293.48
1.1635,0.5319,1.6148,-0.6095,84.35,163.17,-2293.48
1.1659,0.5490,1.6114,-0.5895,83.23,143.08,-2293.48
1.1683,0.5373,1.6402,-0.5988,77.35,122.92,-2293.48
1.1707,0.5309,1.6416,-0.7008,68.74,101.08,-2293.48
1.1731,0.5358,1.6368,-0.8867,61.32,83.72,-2293.48
1.1755,0.5256,1.6699,-1.0692,49.63,67.27,-2293.48
1.1779,0.5017,1.7090,-1.1844,33.25,50.54,-2293.48
1.1803,0.4695,1.7241,-1.1795,16.66,36.33,-2293.48
1.1827,0.4504,1.7236,-1.1146,-0.91,23.38,-2293.48
1.1851,0.4109,1.7109,-1.0765,-21.42,14.77,-2293.48
1.1875,0.3577,1.6968,-1.1126,-40.74,2.94,-2293.48
1.1899,0.3401,1.7065,-1.1844,-59.85,-3.08,-2293.48
1.1923,0.3011,1.7178,-1.2346,-81.20,-3.78,-2293.48
1.1947,0.2479,1.7065,-1.2029,-103.39,-8.89,-2293.48
1.1971,0.2440,1.6846,-1.0921,-122.85,-9.73,-2293.48
1.1995,0.2279,1.6704,-0.9740,-142.80,-1.82,-2293.48
1.2019,0.1781,1.6563,-0.9106,-163.52,3.43,-2293.48
1.2043,0.1645,1.6289,-0.8930,-182.35,7.70,-2293.48
1.2067,0.1547,1.5992,-0.8721,-197.40,19.25,-2293.48
1.2091,0.1083,1.5889,-0.8335,-211.19,31.08,-2293.48
1.2115,0.0878,1.5699,-0.7647,-224.91,42.49,-2293.48
1.2139,0.0903,1.5489,-0.6700,-235.20,58.10,-2293.48
1.2163,0.0693,1.5455,-0.6232,-244.37,75.60,-2293.48
1.2188,0.0307,1.5499,-0.6822,-252.42,92.12,-2293.48
1.2212,-0.0063,1.5509,-0.8042,-259.98,106.89,-2293.48
1.2236,-0.0361,1.5255,-0.9048,-264.25,123.13,-2293.48
1.2260,-0.0542,1.5104,-0.9243,-266.00,137.55,-2293.48
1.2284,-0.0517,1.4967,-0.8950,-267.05,151.76,-2293.48
1.2308,-0.0449,1.4752,-0.9004,-263.55,167.09,-2293.48
1.2332,-0.0268,1.4650,-0.9326,-259.56,181.16,-2293.48
1.2356,-0.0181,1.4508,-1.0048,-253.12,196.42,-2293.48
1.2380,-0.0181,1.4459,-1.1039,-245.00,208.11,-2293.48
1.2404,0.0171,1.4328,-1.1209,-235.13,219.59,-2293.48
1.2428,0.0459,1.4128,-1.1078,-223.09,233.52,-2293.48
1.2452,0.0644,1.4108,-1.0775,-210.63,241.01,-2293.48
1.2476,0.1122,1.3981,-1.0853,-197.05,249.27,-2293.48
1.2500,0.1444,1.3869,-1.1224,-182.28,258.51,-2293.48
1.2524,0.1771,1.3840,-1.1287,-166.53,262.57,-2293.48
1.2548,0.2255,1.3913,-1.1151,-149.87,267.05,-2293.48
1.2572,0.2855,1.3971,-1.0492,-134.68,269.15,-2293.48
1.2596,0.3289,1.3864,-0.9955,-117.18,274.33,-2293.48
1.2620,0.3455,1.4059,-0.9487,-98.91,272.16,-2293.48
1.2644,0.4060,1.4367,-0.9130,-83.02,268.17,-2293.48
1.2668,0.4568,1.4552,-0.9077,-67.27,268.17,-2293.48
1.2692,0.4646,1.4757,-0.8701,-51.38,264.67,-2293.48
1.2716,0.4699,1.5104,-0.7725,-38.22,258.51,-2293.48
1.2740,0.4943,1.5348,-0.6754,-28.00,250.25,-2293.48
1.2764,0.5300,1.5435,-0.6315,-17.29,243.67,-2293.48
1.2788,0.5231,1.5699,-0.6515,-6.23,237.51,-2293.48
1.2813,0.5046,1.6060,-0.6944,0.70,223.93,-2293.48
1.2837,0.5207,1.6167,-0.7066,5.04,212.24,-2293.48
1.2861,0.5124,1.6246,-0.6925,12.46,203.07,-2293.48
1.2885,0.5012,1.6519,-0.6608,15.40,189.49,-2293.48
1.2909,0.5226,1.6777,-0.6520,15.05,177.73,-2293.48
1.2933,0.5290,1.6738,-0.7076,14.21,167.02,-2293.48
1.2957,0.5070,1.6895,-0.7540,15.19,154.63,-2293.48
1.2981,0.4900,1.7270,-0.8062,9.45,142.24,-2293.48
1.3005,0.4734,1.7329,-0.8721,3.08,132.30,-2293.48
1.3029,0.4353,1.7509,-0.9170,-2.94,123.90,-2293.48
1.3053,0.3938,1.7866,-0.9618,-13.37,112.56,-2293.48
1.3077,0.3640,1.7885,-0.9648,-26.60,100.94,-2293.48
1.3101,0.3475,1.7724,-0.9262,-36.68,93.52,-2293.48
1.3125,0.2967,1.7817,-0.8735,-48.44,90.37,-2293.48
1.3149,0.2328,1.7910,-0.8930,-63.63,81.90,-2293.48
1.3173,0.2035,1.7783,-0.9321,-78.89,75.18,-2293.48
1.3197,0.1693,1.7666,-0.9326,-92.68,73.29,-2293.48
1.3221,0.1269,1.7548,-0.8886,-108.78,69.23,-2293.48
1.3245,0.0952,1.7261,-0.8184,-124.46,67.06,-2293.48
1.3269,0.0669,1.7026,-0.7554,-139.02,66.22,-2293.48
1.3293,0.0390,1.6743,-0.6661,-154.35,67.48,-2293.48
1.3317,0.0161,1.6421,-0.5944,-167.86,69.30,-2293.48
1.3341,-0.0054,1.6045,-0.5627,-179.97,72.87,-2293.48
1.3365,-0.0078,1.5762,-0.5319,-190.19,77.77,-2293.48
1.3389,0.0029,1.5640,-0.4880,-201.25,84.91,-2293.48
1.3413,0.0117,1.5260,-0.4494,-211.12,92.89,-2293.48
1.3438,0.0264,1.4947,-0.4031,-216.58,101.71,-2293.48
1.3462,0.0346,1.4938,-0.3650,-222.53,112.98,-2293.48
1.3486,0.0415,1.4830,-0.3684,-228.27,124.39,-2293.48
1.3510,0.0508,1.4630,-0.4021,-229.60,136.71,-2293.48
1.3534,0.0576,1.4660,-0.4309,-229.32,150.08,-2293.48
1.3558,0.0586,1.4694,-0.4577,-230.58,163.31,-2293.48
1.3582,0.0766,1.4484,-0.4743,-229.39,174.37,-2293.48
1.3606,0.1069,1.4333,-0.4846,-224.21,188.72,-2293.48
1.3630,0.1108,1.4406,-0.5295,-218.82,201.88,-2293.48
1.3654,0.1235,1.4347,-0.5895,-214.06,211.61,-2293.48
1.3678,0.1542,1.4225,-0.6285,-204.89,223.72,-2293.48
1.3702,0.1649,1.4342,-0.6129,-195.37,234.71,-2293.48
1.3726,0.1845,1.4474,-0.5675,-186.20,241.57,-2293.48
1.3750,0.2196,1.4577,-0.5246,-176.19,249.83,-2293.48
1.3774,0.2455,1.4660,-0.5036,-165.34,257.95,-2293.48
1.3798,0.2503,1.4767,-0.5246,-154.28,263.69,-2293.48
1.3822,0.2596,1.4869,-0.5290,-143.71,264.53,-2293.48
1.3846,0.2962,1.4908,-0.5144,-132.23,266.77,-2293.48
1.3870,0.3109,1.4967,-0.4636,-120.47,268.87,-2293.48
1.3894,0.3284,1.5084,-0.4250,-107.38,266.35,-2293.48
1.3918,0.3606,1.5250,-0.4114,-95.97,264.88,-2293.48
1.3942,0.3777,1.5357,-0.4055,-84.42,262.15,-2293.48
1.3966,0.3826,1.5440,-0.3963,-72.45,257.53,-2293.48
1.3990,0.3899,1.5679,-0.3470,-61.60,251.02,-2293.48
1.4014,0.3884,1.5811,-0.2962,-53.41,245.84,-2293.48
1.4038,0.3836,1.5870,-0.2718,-43.96,236.74,-2293.48
1.4063,0.4060,1.6065,-0.3113,-36.26,227.78,-2293.48
1.4087,0.4192,1.6182,-0.3831,-30.31,220.08,-2293.48
1.4111,0.4192,1.6304,-0.4558,-24.71,210.35,-2293.48
1.4135,0.4304,1.6455,-0.5070,-20.86,199.99,-2293.48
1.4159,0.4436,1.6646,-0.5270,-17.71,191.38,-2293.48
1.4183,0.4368,1.6860,-0.5612,-17.43,183.47,-2293.48
1.4207,0.4202,1.7065,-0.5978,-17.36,173.25,-2293.48
1.4231,0.4085,1.7295,-0.6320,-19.18,164.64,-2293.48
1.4255,0.3836,1.7417,-0.6842,-23.45,157.57,-2293.48
1.4279,0.3445,1.7422,-0.7271,-28.49,146.93,-2293.48
1.4303,0.3274,1.7461,-0.7486,-33.74,136.64,-2293.48
1.4327,0.3133,1.7451,-0.7388,-40.88,131.60,-2293.48
1.4351,0.2660,1.7270,-0.7335,-48.51,124.95,-2293.48
1.4375,0.2352,1.7143,-0.7213,-55.37,115.22,-2293.48
1.4399,0.2250,1.7051,-0.7052,-63.63,109.90,-2293.48
1.4423,0.1952,1.6909,-0.6974,-72.45,105.28,-2293.48
1.4447,0.1654,1.6738,-0.6690,-81.06,100.10,-2293.48
1.4471,0.1498,1.6563,-0.6388,-90.65,95.27,-2293.48
1.4495,0.1454,1.6328,-0.6159,-100.73,92.68,-2293.48
1.4519,0.1279,1.6016,-0.5919,-109.62,91.91,-2293.48
1.4543,0.1176,1.5738,-0.5334,-118.02,89.60,-2293.48
1.4567,0.1288,1.5392,-0.4743,-126.77,91.35,-2293.48
1.4591,0.1381,1.5148,-0.4153,-133.56,93.66,-2293.48
1.4615,0.1464,1.4957,-0.3831,-140.70,98.84,-2293.48
1.4639,0.1449,1.4786,-0.4128,-146.51,103.32,-2293.48
1.4663,0.1518,1.4689,-0.4480,-152.39,108.85,-2293.48
1.4688,0.1513,1.4586,-0.4699,-157.22,116.90,-2293.48
1.4712,0.1420,1.4523,-0.4870,-160.58,122.85,-2293.48
1.4736,0.1493,1.4542,-0.4895,-163.45,129.71,-2293.48
1.4760,0.1503,1.4508,-0.4968,-166.81,138.04,-2293.48
1.4784,0.1449,1.4411,-0.5388,-168.49,144.83,-2293.48
1.4808,0.1547,1.4416,-0.5651,-169.54,151.06,-2293.48
1.4832,0.1698,1.4367,-0.5827,-169.82,159.81,-2293.48
1.4856,0.1688,1.4308,-0.6124,-168.91,166.88,-2293.48
1.4880,0.1835,1.4333,-0.6120,-168.00,172.06,-2293.48
1.4904,0.2054,1.4333,-0.6007,-166.39,180.39,-2293.48
1.4928,0.2113,1.4376,-0.5983,-162.82,186.97,-2293.48
1.4952,0.2298,1.4474,-0.6061,-159.39,192.92,-2293.48
1.4976,0.2494,1.4538,-0.6339,-155.75,199.08,-2293.48
1.5000,0.2669,1.4523,-0.6598,-151.69,203.49,-2293.48
1.5024,0.2884,1.4518,-0.6725,-145.53,208.81,-2293.48
1.5048,0.3040,1.4616,-0.6817,-139.51,212.80,-2293.48
1.5072,0.3309,1.4689,-0.6769,-133.07,215.18,-2293.48
1.5096,0.3587,1.4762,-0.6730,-125.30,218.47,-2293.48
1.5120,0.3738,1.4923,-0.6725,-116.83,219.80,-2293.48
1.5144,0.3943,1.5094,-0.6676,-108.64,220.29,-2293.48
1.5168,0.4065,1.5279,-0.6544,-100.52,221.55,-2293.48
1.5192,0.4085,1.5426,-0.6354,-93.59,220.15,-2293.48
1.5216,0.4143,1.5494,-0.6212,-86.80,218.47,-2293.48
1.5240,0.4104,1.5606,-0.6066,-79.94,215.95,-2293.48
1.5264,0.3997,1.5777,-0.6002,-73.57,212.38,-2293.48
1.5288,0.3884,1.5904,-0.5934,-67.97,206.78,-2293.48
1.5313,0.3963,1.5962,-0.5934,-62.51,200.41,-2293.48
1.5337,0.3972,1.6075,-0.5988,-57.54,196.00,-2293.48
1.5361,0.3806,1.6280,-0.6051,-53.90,188.72,-2293.48
1.5385,0.3860,1.6426,-0.6183,-51.31,181.30,-2293.48
1.5409,0.3758,1.6538,-0.6300,-49.14,176.47,-2293.48
1.5433,0.3543,1.6626,-0.6554,-48.65,167.86,-2293.48
1.5457,0.3494,1.6651,-0.6744,-48.86,160.51,-2293.48
1.5481,0.3294,1.6636,-0.6852,-49.77,153.93,-2293.48
1.5505,0.3084,1.6533,-0.6832,-51.03,145.95,-2293.48
1.5529,0.2923,1.6450,-0.6681,-52.43,139.44,-2293.48
1.5553,0.2708,1.6309,-0.6627,-55.86,131.74,-2293.48
1.5577,0.2669,1.6143,-0.6686,-58.94,124.74,-2293.48
1.5601,0.2499,1.6099,-0.6983,-62.58,120.26,-2293.48
1.5625,0.2216,1.6153,-0.7383,-67.27,113.12,-2293.48
1.5649,0.2015,1.6211,-0.7691,-73.50,108.64,-2293.48
1.5673,0.1771,1.6197,-0.7730,-80.01,104.65,-2293.48
1.5697,0.1562,1.6114,-0.7623,-87.50,100.80,-2293.48
1.5721,0.1381,1.5919,-0.7496,-94.92,97.37,-2293.48
1.5745,0.1240,1.5704,-0.7544,-102.62,95.76,-2293.48
1.5769,0.1147,1.5455,-0.7535,-110.74,94.43,-2293.48
1.5793,0.1196,1.5221,-0.7422,-117.60,94.01,-2293.48
1.5817,0.1274,1.5113,-0.7125,-124.74,95.55,-2293.48
1.5841,0.1288,1.4982,-0.6778,-131.81,98.98,-2293.48
1.5865,0.1288,1.4840,-0.6754,-138.39,102.62,-2293.48
1.5889,0.1332,1.4723,-0.6925,-144.83,106.75,-2293.48
1.5913,0.1405,1.4586,-0.7135,-150.71,113.05,-2293.48
1.5938,0.1381,1.4479,-0.7335,-155.82,119.63,-2293.48
1.5962,0.1376,1.4416,-0.7574,-159.88,125.65,-2293.48
1.5986,0.1484,1.4396,-0.7706,-163.10,132.37,-2293.48
1.6010,0.1557,1.4396,-0.7774,-166.39,140.21,-2293.48
1.6034,0.1625,1.4372,-0.7832,-169.05,147.14,-2293.48
1.6058,0.1806,1.4401,-0.7745,-170.24,154.28,-2293.48
1.6082,0.1986,1.4503,-0.7647,-171.43,162.68,-2293.48
1.6106,0.2074,1.4503,-0.7662,-172.41,170.10,-2293.48
1.6130,0.2133,1.4533,-0.7740,-171.43,177.52,-2293.48
1.6154,0.2176,1.4650,-0.7788,-170.66,185.01,-2293.48
1.6178,0.2264,1.4767,-0.7818,-169.40,191.52,-2293.48
1.6202,0.2386,1.4786,-0.8042,-166.95,197.47,-2293.48
1.6226,0.2547,1.4747,-0.8394,-162.75,202.30,-2293.48
1.6250,0.2664,1.4816,-0.8647,-159.04,208.11,-2293.48
1.6274,0.2796,1.4845,-0.8691,-154.63,211.33,-2293.48
1.6298,0.3030,1.4850,-0.8677,-147.98,215.04,-2293.48
1.6322,0.3196,1.4982,-0.8594,-141.12,218.89,-2293.48
1.6346,0.3304,1.5084,-0.8667,-134.33,221.62,-2293.48
1.6370,0.3421,1.5182,-0.8784,-126.28,222.32,-2293.48
1.6394,0.3694,1.5362,-0.8799,-118.37,223.65,-2293.48
1.6418,0.3831,1.5474,-0.8838,-111.09,225.75,-2293.48
1.6442,0.3831,1.5679,-0.8569,-102.90,223.72,-2293.48
1.6466,0.4021,1.5953,-0.8223,-95.62,222.60,-2293.48
1.6490,0.3992,1.6089,-0.8003,-89.11,222.39,-2293.48
1.6514,0.3806,1.6133,-0.8072,-81.62,218.40,-2293.48
1.6538,0.3684,1.6363,-0.8042,-74.76,214.13,-2293.48
1.6563,0.3558,1.6465,-0.7920,-69.93,209.30,-2293.48
1.6587,0.3421,1.6436,-0.7818,-63.49,203.77,-2293.48
1.6611,0.3284,1.6587,-0.7920,-59.22,196.98,-2293.48
1.6635,0.3265,1.6592,-0.8106,-56.84,189.49,-2293.48
1.6659,0.3314,1.6543,-0.8320,-52.85,182.77,-2293.48
1.6683,0.3187,1.6641,-0.8574,-50.75,176.68,-2293.48
1.6707,0.2972,1.6758,-0.8452,-50.19,167.65,-2293.48
1.6731,0.2918,1.6758,-0.8481,-50.05,160.72,-2293.48
1.6755,0.2679,1.6826,-0.8506,-50.61,154.63,-2293.48
1.6779,0.2416,1.6904,-0.8550,-53.62,146.51,-2293.48
1.6803,0.2313,1.6856,-0.8564,-57.33,139.44,-2293.48
1.6827,0.2128,1.6738,-0.8511,-61.11,133.56,-2293.48
1.6851,0.1889,1.6587,-0.8286,-65.87,126.91,-2293.48
1.6875,0.1664,1.6475,-0.8091,-71.26,121.73,-2293.48
1.6899,0.1484,1.6255,-0.8072,-77.49,115.99,-2293.48
1.6923,0.1435,1.6050,-0.7993,-83.37,112.00,-2293.48
1.6947,0.1240,1.5914,-0.8150,-90.51,109.41,-2293.48
1.6971,0.1103,1.5660,-0.8228,-97.51,104.93,-2293.48
1.6995,0.1093,1.5372,-0.7950,-103.88,103.74,-2293.48
1.7019,0.0917,1.5167,-0.7793,-111.02,102.48,-2293.48
1.7043,0.0849,1.4957,-0.7847,-118.09,101.01,-2293.48
1.7067,0.0903,1.4767,-0.7910,-124.53,101.01,-2293.48
1.7091,0.0952,1.4679,-0.8023,-131.74,102.20,-2293.48
1.7115,0.0956,1.4581,-0.8101,-139.16,104.16,-2293.48
1.7139,0.0991,1.4357,-0.8052,-145.25,106.54,-2293.48
1.7163,0.1035,1.4220,-0.7852,-150.57,110.60,-2293.48
1.7188,0.1078,1.4074,-0.7764,-156.87,114.31,-2293.48
1.7212,0.1308,1.3830,-0.7823,-160.65,119.07,-2293.48
1.7236,0.1488,1.3854,-0.7867,-163.03,126.49,-2293.48
1.7260,0.1610,1.3962,-0.8067,-167.16,132.23,-2293.48
1.7284,0.1864,1.3903,-0.8208,-169.61,139.23,-2293.48
1.7308,0.2001,1.4015,-0.7950,-170.52,147.49,-2293.48
1.7332,0.2074,1.4245,-0.7462,-172.83,154.63,-2293.48
1.7356,0.2220,1.4298,-0.7222,-174.16,161.63,-2293.48
1.7380,0.2352,1.4342,-0.7300,-173.95,170.38,-2293.48
1.7404,0.2318,1.4567,-0.7296,-173.95,178.15,-2293.48
1.7428,0.2362,1.4703,-0.7418,-174.30,183.47,-2293.48
1.7452,0.2533,1.4738,-0.7618,-171.99,190.26,-2293.48
1.7476,0.2518,1.4830,-0.7618,-170.10,197.19,-2293.48
1.7500,0.2503,1.4806,-0.7740,-167.02,201.60,-2293.48
1.7524,0.2669,1.4821,-0.7876,-162.19,205.73,-2293.48
1.7548,0.2894,1.4943,-0.7901,-156.73,210.21,-2293.48
1.7572,0.3026,1.5026,-0.7989,-151.06,214.55,-2293.48
1.7596,0.3206,1.5104,-0.8076,-144.48,216.02,-2293.48
1.7620,0.3489,1.5235,-0.8086,-137.20,219.45,-2293.48
1.7644,0.3577,1.5411,-0.7989,-129.71,223.02,-2293.48
1.7668,0.3577,1.5587,-0.7784,-121.94,223.86,-2293.48
1.7692,0.3631,1.5782,-0.7481,-113.96,223.93,-2293.48
1.7716,0.3709,1.5923,-0.7266,-106.47,224.98,-2293.48
1.7740,0.3665,1.6075,-0.7403,-98.28,225.47,-2293.48
1.7764,0.3572,1.6250,-0.7520,-91.21,222.95,-2293.48
1.7788,0.3611,1.6392,-0.7403,-84.07,220.43,-2293.48
1.7813,0.3523,1.6494,-0.7266,-77.98,218.19,-2293.48
1.7837,0.3377,1.6597,-0.7266,-71.75,213.71,-2293.48
1.7861,0.3338,1.6709,-0.7535,-66.78,209.58,-2293.48
1.7885,0.3231,1.6753,-0.7725,-62.30,205.10,-2293.48
1.7909,0.3026,1.6787,-0.7725,-58.52,199.08,-2293.48
1.7933,0.2835,1.6768,-0.7544,-55.44,192.15,-2293.48
1.7957,0.2699,1.6685,-0.7310,-52.78,185.71,-2293.48
1.7981,0.2533,1.6587,-0.7159,-50.96,178.92,-2293.48
1.8005,0.2401,1.6504,-0.7300,-49.49,171.36,-2293.48
1.8029,0.2338,1.6431,-0.7735,-49.35,163.87,-2293.48
1.8053,0.2250,1.6328,-0.7984,-49.77,157.43,-2293.48
1.8077,0.2069,1.6265,-0.7974,-50.61,150.22,-2293.48
1.8101,0.1962,1.6206,-0.7803,-52.85,142.24,-2293.48
1.8125,0.1937,1.6026,-0.7623,-55.93,135.94,-2293.48
1.8149,0.1810,1.5860,-0.7632,-58.80,129.85,-2293.48
1.8173,0.1708,1.5767,-0.7788,-63.14,123.27,-2293.48
1.8197,0.1635,1.5601,-0.8008,-68.67,118.65,-2293.48
1.8221,0.1430,1.5343,-0.8150,-73.08,114.31,-2293.48
1.8245,0.1322,1.5148,-0.7754,-79.10,108.85,-2293.48
1.8269,0.1371,1.4908,-0.7227,-86.10,105.56,-2293.48
1.8293,0.1396,1.4689,-0.7159,-91.77,102.97,-2293.48
1.8317,0.1401,1.4616,-0.7476,-98.21,101.92,-2293.48
1.8341,0.1362,1.4528,-0.7847,-105.84,100.73,-2293.48
1.8365,0.1464,1.4391,-0.7920,-113.12,99.12,-2293.48
1.8389,0.1615,1.4279,-0.7598,-119.56,101.15,-2293.48
1.8413,0.1659,1.4235,-0.7203,-126.77,102.48,-2293.48
1.8438,0.1830,1.4132,-0.7081,-133.56,104.51,-2293.48
1.8462,0.2035,1.4064,-0.7335,-139.16,109.06,-2293.48
1.8486,0.2157,1.4118,-0.7793,-145.32,113.89,-2293.48
1.8510,0.2216,1.4157,-0.8037,-151.83,119.07,-2293.48
1.8534,0.2259,1.4108,-0.8096,-156.87,124.53,-2293.48
1.8558,0.2245,1.4132,-0.8140,-161.00,131.39,-2293.48
1.8582,0.2220,1.4220,-0.8052,-166.04,136.99,-2293.48
1.8606,0.2284,1.4245,-0.8125,-169.26,143.36,-2293.48
1.8630,0.2313,1.4357,-0.8418,-171.29,150.08,-2293.48
1.8654,0.2342,1.4523,-0.8872,-173.18,156.87,-2293.48
1.8678,0.2298,1.4630,-0.9204,-175.07,163.10,-2293.48
1.8702,0.2416,1.4689,-0.9106,-175.35,167.79,-2293.48
1.8726,0.2606,1.4796,-0.8847,-175.00,175.35,-2293.48
1.8750,0.2562,1.4904,-0.8516,-174.37,181.37,-2293.48
1.8774,0.2591,1.5006,-0.8447,-172.34,185.92,-2293.48
1.8798,0.2694,1.5138,-0.8613,-169.68,191.80,-2293.48
1.8822,0.2699,1.5265,-0.8901,-166.18,196.77,-2293.48
1.8846,0.2767,1.5352,-0.9013,-162.54,199.50,-2293.48
1.8870,0.2889,1.5455,-0.8760,-157.36,203.56,-2293.48
1.8894,0.2874,1.5562,-0.8364,-151.90,207.06,-2293.48
1.8918,0.2889,1.5655,-0.8067,-145.74,208.53,-2293.48
1.8942,0.2913,1.5792,-0.8135,-139.16,210.42,-2293.48
1.8966,0.2918,1.5977,-0.8433,-132.02,211.61,-2293.48
1.8990,0.2908,1.6138,-0.8667,-125.51,212.73,-2293.48
1.9014,0.2874,1.6260,-0.8735,-118.72,212.17,-2293.48
1.9038,0.2894,1.6280,-0.8706,-112.28,211.89,-2293.48
1.9063,0.2835,1.6372,-0.8613,-104.93,211.12,-2293.48
1.9087,0.2674,1.6416,-0.8574,-99.33,209.37,-2293.48
1.9111,0.2582,1.6343,-0.8613,-92.26,205.80,-2293.48
1.9135,0.2533,1.6353,-0.8652,-85.82,203.00,-2293.48
1.9159,0.2430,1.6280,-0.8725,-80.15,199.15,-2293.48
1.9183,0.2464,1.6167,-0.8877,-74.62,194.11,-2293.48
1.9207,0.2357,1.6138,-0.8867,-68.81,190.68,-2293.48
1.9231,0.2235,1.6216,-0.8965,-64.12,184.31,-2293.48
1.9255,0.2279,1.6163,-0.9082,-60.97,178.64,-2293.48
1.9279,0.2133,1.6084,-0.9116,-56.77,173.81,-2293.48
1.9303,0.1996,1.6104,-0.9331,-54.95,167.44,-2293.48
1.9327,0.1981,1.5967,-0.9448,-53.97,161.35,-2293.48
1.9351,0.1928,1.5821,-0.9531,-52.57,155.89,-2293.48
1.9375,0.1864,1.5699,-0.9418,-52.43,150.15,-2293.48
1.9399,0.1820,1.5538,-0.9282,-53.48,145.04,-2293.48
1.9423,0.1820,1.5450,-0.9472,-55.51,139.72,-2293.48
1.9447,0.1781,1.5313,-0.9584,-58.17,135.17,-2293.48
1.9471,0.1713,1.5157,-0.9501,-61.25,129.71,-2293.48
1.9495,0.1718,1.5040,-0.9462,-65.80,125.51,-2293.48
1.9519,0.1664,1.4840,-0.9267,-70.00,121.87,-2293.48
1.9543,0.1669,1.4733,-0.8877,-74.27,117.81,-2293.48
1.9567,0.1762,1.4620,-0.8642,-81.27,115.64,-2293.48
1.9591,0.1776,1.4372,-0.8745,-86.94,113.54,-2293.48
1.9615,0.1796,1.4274,-0.8896,-92.33,111.58,-2293.48
1.9639,0.1801,1.4259,-0.8911,-99.33,110.88,-2293.48
1.9663,0.1850,1.4064,-0.8950,-106.61,110.18,-2293.48
1.9688,0.1932,1.3888,-0.8847,-111.86,110.74,-2293.48
1.9712,0.1986,1.3918,-0.8574,-118.16,111.09,-2293.48
1.9736,0.2142,1.3874,-0.8716,-124.95,112.07,-2293.48
1.9760,0.2235,1.3849,-0.9062,-129.78,115.29,-2293.48
1.9784,0.2225,1.3952,-0.9277,-134.96,117.74,-2293.48
1.9808,0.2347,1.3967,-0.9389,-141.26,120.40,-2293.48
1.9832,0.2484,1.3923,-0.9379,-145.88,123.97,-2293.48
1.9856,0.2591,1.4010,-0.9194,-149.94,127.96,-2293.48
1.9880,0.2679,1.4142,-0.8960,-153.93,132.65,-2293.48
1.9904,0.2684,1.4230,-0.8999,-157.08,136.92,-2293.48
1.9928,0.2718,1.4347,-0.9130,-159.53,141.68,-2293.48
1.9952,0.2708,1.4513,-0.9145,-161.91,146.93,-2293.48
1.9976,0.2694,1.4606,-0.8979,-163.87,150.99,-2293.48
2.0000,0.2811,1.4660,-0.8706,-164.36,156.10,-2293.48
2.0024,0.2874,1.4811,-0.8525,-164.57,161.35,-2293.48
2.0048,0.2928,1.4913,-0.8516,-164.50,165.97,-2293.48
2.0072,0.2948,1.5011,-0.8579,-162.68,170.59,-2293.48
2.0096,0.2943,1.5216,-0.8657,-160.37,174.79,-2293.48
2.0120,0.2948,1.5362,-0.8511,-158.48,179.97,-2293.48
2.0144,0.2933,1.5426,-0.8335,-154.98,184.24,-2293.48
2.0168,0.2977,1.5553,-0.8101,-150.85,187.95,-2293.48
2.0192,0.2948,1.5723,-0.7910,-146.79,191.45,-2293.48
2.0216,0.2933,1.5860,-0.7925,-142.31,193.97,-2293.48
2.0240,0.2918,1.5992,-0.8013,-136.50,197.61,-2293.48
2.0264,0.2821,1.6138,-0.8184,-131.95,199.92,-2293.48
2.0288,0.2738,1.6192,-0.8233,-126.70,201.32,-2293.48
2.0313,0.2630,1.6231,-0.8164,-121.10,202.23,-2293.48
2.0337,0.2533,1.6265,-0.7891,-115.36,202.51,-2293.48
2.0361,0.2416,1.6260,-0.7710,-109.55,202.72,-2293.48
2.0385,0.2264,1.6289,-0.7906,-103.46,201.53,-2293.48
2.0409,0.2172,1.6333,-0.8262,-97.58,200.13,-2293.48
2.0433,0.2020,1.6304,-0.8584,-92.33,197.96,-2293.48
2.0457,0.1923,1.6211,-0.8838,-87.50,194.04,-2293.48
2.0481,0.1972,1.6104,-0.8916,-82.88,191.52,-2293.48
2.0505,0.1913,1.6016,-0.8745,-78.68,188.65,-2293.48
2.0529,0.1840,1.5904,-0.8633,-74.76,184.03,-2293.48
2.0553,0.1850,1.5733,-0.8784,-71.26,180.32,-2293.48
2.0577,0.1825,1.5587,-0.8945,-67.76,176.82,-2293.48
2.0601,0.1796,1.5528,-0.8994,-64.96,172.27,-2293.48
2.0625,0.1786,1.5470,-0.9013,-63.35,167.16,-2293.48
2.0649,0.1850,1.5343,-0.8950,-62.37,162.33,-2293.48
2.0673,0.1874,1.5191,-0.8750,-61.46,158.76,-2293.48
2.0697,0.1825,1.5050,-0.8530,-61.60,154.07,-2293.48
2.0721,0.1918,1.4913,-0.8355,-62.51,148.68,-2293.48
2.0745,0.2030,1.4782,-0.8389,-64.19,146.23,-2293.48
2.0769,0.1957,1.4694,-0.8472,-66.29,142.38,-2293.48
2.0793,0.1947,1.4577,-0.8433,-69.23,138.11,-2293.48
2.0817,0.2001,1.4440,-0.8306,-72.31,135.24,-2293.48
2.0841,0.2015,1.4367,-0.8223,-75.67,132.23,-2293.48
2.0865,0.2059,1.4308,-0.8276,-79.87,129.43,-2293.48
2.0889,0.2152,1.4235,-0.8389,-84.42,126.49,-2293.48
2.0913,0.2264,1.4103,-0.8540,-89.25,125.02,-2293.48
2.0938,0.2313,1.4059,-0.8481,-94.08,123.41,-2293.48
2.0962,0.2401,1.4035,-0.8472,-99.33,121.80,-2293.48
2.0986,0.2484,1.3937,-0.8550,-104.44,121.80,-2293.48
2.1010,0.2533,1.3957,-0.8555,-109.55,121.66,-2293.48
2.1034,0.2567,1.4025,-0.8603,-114.94,122.15,-2293.48
2.1058,0.2596,1.4098,-0.8633,-120.19,122.78,-2293.48
2.1082,0.2679,1.4167,-0.8662,-125.44,124.25,-2293.48
2.1106,0.2723,1.4245,-0.8711,-130.06,126.00,-2293.48
2.1130,0.2850,1.4323,-0.8779,-135.10,127.05,-2293.48
2.1154,0.2952,1.4367,-0.8891,-139.51,130.90,-2293.48
2.1178,0.2918,1.4464,-0.8989,-143.29,134.12,-2293.48
2.1202,0.2899,1.4611,-0.9013,-146.93,137.20,-2293.48
2.1226,0.2904,1.4694,-0.8847,-150.36,140.63,-2293.48
2.1250,0.2869,1.4777,-0.8642,-152.60,144.62,-2293.48
2.1274,0.2786,1.4933,-0.8428,-154.91,147.63,-2293.48
2.1298,0.2767,1.4986,-0.8320,-156.45,151.41,-2293.48
2.1322,0.2713,1.5045,-0.8379,-157.01,155.47,-2293.48
2.1346,0.2704,1.5157,-0.8438,-157.64,158.48,-2293.48
2.1370,0.2757,1.5245,-0.8428,-157.08,162.54,-2293.48
2.1394,0.2762,1.5338,-0.8364,-155.89,166.46,-2293.48
2.1418,0.2733,1.5450,-0.8364,-154.35,170.10,-2293.48
2.1442,0.2679,1.5533,-0.8369,-151.97,173.39,-2293.48
2.1466,0.2655,1.5611,-0.8384,-148.82,176.75,-2293.48
2.1490,0.2513,1.5748,-0.8457,-145.60,180.46,-2293.48
2.1514,0.2342,1.5840,-0.8511,-141.75,182.56,-2293.48
2.1538,0.2274,1.5870,-0.8486,-137.13,184.45,-2293.48
2.1563,0.2162,1.5899,-0.8481,-132.79,186.55,-2293.48
2.1587,0.2074,1.5860,-0.8569,-128.24,187.39,-2293.48
2.1611,0.2079,1.5865,-0.8711,-122.92,188.44,-2293.48
2.1635,0.2059,1.5923,-0.8852,-117.95,189.56,-2293.48
2.1659,0.1996,1.5919,-0.8930,-113.12,189.70,-2293.48
2.1683,0.1928,1.5880,-0.8969,-108.08,189.56,-2293.48
2.1707,0.1869,1.5845,-0.8965,-102.55,189.21,-2293.48
2.1731,0.1830,1.5792,-0.8945,-97.79,188.51,-2293.48
2.1755,0.1771,1.5684,-0.9018,-93.03,187.88,-2293.48
2.1779,0.1713,1.5582,-0.9204,-88.20,186.55,-2293.48
2.1803,0.1723,1.5514,-0.9365,-83.72,184.66,-2293.48
2.1827,0.1752,1.5470,-0.9394,-80.01,181.65,-2293.48
2.1851,0.1825,1.5338,-0.9335,-76.58,179.34,-2293.48
2.1875,0.1854,1.5255,-0.9218,-73.50,177.59,-2293.48
2.1899,0.1893,1.5138,-0.9091,-71.40,174.44,-2293.48
2.1923,0.2001,1.4986,-0.8984,-68.88,171.71,-2293.48
2.1947,0.2040,1.4918,-0.8999,-67.34,169.33,-2293.48
2.1971,0.1976,1.4855,-0.9267,-66.50,166.32,-2293.48
2.1995,0.2006,1.4786,-0.9389,-66.29,162.26,-2293.48
2.2019,0.2118,1.4699,-0.9218,-66.50,159.53,-2293.48
2.2043,0.2162,1.4606,-0.8999,-67.20,156.03,-2293.48
2.2067,0.2235,1.4518,-0.8862,-68.67,152.53,-2293.48
2.2091,0.2342,1.4474,-0.8779,-70.91,149.52,-2293.48
2.2115,0.2416,1.4401,-0.8896,-73.15,147.35,-2293.48
2.2139,0.2416,1.4386,-0.9008,-75.60,144.69,-2293.48
2.2163,0.2503,1.4372,-0.9018,-79.24,141.12,-2293.48
2.2188,0.2630,1.4274,-0.9072,-83.02,139.44,-2293.48
2.2212,0.2650,1.4230,-0.8999,-86.59,137.06,-2293.48
2.2236,0.2664,1.4264,-0.8960,-91.07,134.61,-2293.48
2.2260,0.2689,1.4284,-0.9087,-95.69,132.72,-2293.48
2.2284,0.2689,1.4294,-0.9316,-99.89,131.88,-2293.48
2.2308,0.2684,1.4352,-0.9433,-105.00,129.99,-2293.48
2.2332,0.2757,1.4411,-0.9423,-109.83,128.45,-2293.48
2.2356,0.2855,1.4416,-0.9287,-114.80,127.96,-2293.48
2.2380,0.2860,1.4469,-0.9267,-118.79,128.10,-2293.48
2.2404,0.2821,1.4562,-0.9457,-123.41,127.54,-2293.48
2.2428,0.2826,1.4616,-0.9726,-127.54,128.24,-2293.48
2.2452,0.2791,1.4689,-0.9980,-131.81,128.66,-2293.48
2.2476,0.2752,1.4738,-1.0024,-135.38,129.50,-2293.48
2.2500,0.2689,1.4782,-0.9892,-138.88,130.97,-2293.48
2.2524,0.2630,1.4855,-0.9628,-142.03,132.37,-2293.48
2.2548,0.2547,1.4933,-0.9404,-144.34,134.47,-2293.48
2.2572,0.2430,1.4991,-0.9389,-146.16,135.73,-2293.48
2.2596,0.2377,1.5045,-0.9496,-147.56,137.97,-2293.48
2.2620,0.2303,1.5143,-0.9609,-148.61,140.07,-2293.48
2.2644,0.2220,1.5187,-0.9589,-149.38,142.03,-2293.48
2.2668,0.2162,1.5167,-0.9389,-149.38,144.76,-2293.48
2.2692,0.2113,1.5177,-0.9199,-149.10,147.07,-2293.48
2.2716,0.2103,1.5162,-0.9150,-147.84,149.38,-2293.48
2.2740,0.2103,1.5172,-0.9326,-145.67,152.53,-2293.48
2.2764,0.2040,1.5201,-0.9570,-143.36,155.68,-2293.48
2.2788,0.1996,1.5221,-0.9609,-140.63,158.76,-2293.48
2.2813,0.1981,1.5265,-0.9506,-137.27,162.19,-2293.48
2.2837,0.1972,1.5265,-0.9453,-133.98,165.48,-2293.48
2.2861,0.2030,1.5235,-0.9540,-130.27,168.28,-2293.48
2.2885,0.2020,1.5240,-0.9794,-126.35,171.99,-2293.48
2.2909,0.1981,1.5240,-0.9950,-122.29,174.65,-2293.48
2.2933,0.1976,1.5206,-0.9960,-118.02,177.73,-2293.48
2.2957,0.1884,1.5211,-0.9936,-113.47,179.97,-2293.48
2.2981,0.1928,1.5172,-0.9843,-110.11,181.44,-2293.48
2.3005,0.1981,1.5089,-0.9833,-105.28,184.31,-2293.48
2.3029,0.1932,1.5128,-1.0033,-100.80,185.22,-2293.48
2.3053,0.1981,1.5123,-1.0311,-96.60,185.71,-2293.48
2.3077,0.2045,1.5099,-1.0429,-92.75,186.20,-2293.48
2.3101,0.2098,1.5050,-1.0287,-89.39,185.99,-2293.48
2.3125,0.2211,1.4986,-0.9945,-85.75,185.85,-2293.48
2.3149,0.2328,1.4952,-0.9804,-82.81,185.50,-2293.48
2.3173,0.2367,1.4918,-0.9980,-79.66,185.22,-2293.48
2.3197,0.2420,1.4967,-1.0189,-76.72,183.82,-2293.48
2.3221,0.2518,1.5006,-1.0277,-75.67,182.98,-2293.48
2.3245,0.2616,1.4938,-1.0131,-74.34,181.58,-2293.48
2.3269,0.2669,1.4908,-0.9784,-72.80,180.11,-2293.48
2.3293,0.2723,1.4933,-0.9462,-72.66,178.29,-2293.48
2.3317,0.2757,1.4913,-0.9487,-72.87,176.75,-2293.48
2.3341,0.2660,1.4952,-0.9667,-72.73,174.51,-2293.48
2.3365,0.2625,1.5021,-0.9828,-73.85,171.36,-2293.48
2.3389,0.2630,1.5001,-0.9867,-75.95,168.63,-2293.48
2.3413,0.2611,1.4947,-0.9594,-77.84,165.13,-2293.48
2.3438,0.2640,1.4908,-0.9179,-80.15,162.05,-2293.48
2.3462,0.2645,1.4879,-0.8979,-82.81,158.90,-2293.48
2.3486,0.2630,1.4830,-0.9106,-85.75,155.75,-2293.48
2.3510,0.2621,1.4811,-0.9379,-88.55,152.39,-2293.48
2.3534,0.2586,1.4845,-0.9584,-92.12,148.75,-2293.48
2.3558,0.2606,1.4830,-0.9457,-95.90,145.39,-2293.48
2.3582,0.2684,1.4791,-0.9121,-99.47,142.52,-2293.48
2.3606,0.2674,1.4767,-0.8828,-103.04,139.93,-2293.48
2.3630,0.2704,1.4772,-0.8833,-106.47,137.55,-2293.48
2.3654,0.2723,1.4806,-0.9116,-110.04,136.15,-2293.48
2.3678,0.2660,1.4825,-0.9389,-113.61,134.33,-2293.48
2.3702,0.2625,1.4825,-0.9379,-117.25,132.93,-2293.48
2.3726,0.2611,1.4821,-0.9052,-120.75,131.81,-2293.48
2.3750,0.2582,1.4845,-0.8682,-123.90,131.25,-2293.48
2.3774,0.2503,1.4879,-0.8560,-126.77,130.83,-2293.48
2.3798,0.2460,1.4889,-0.8760,-129.43,130.90,-2293.48
2.3822,0.2425,1.4889,-0.9062,-131.81,131.46,-2293.48
2.3846,0.2352,1.4923,-0.9121,-133.70,131.81,-2293.48
2.3870,0.2338,1.4928,-0.8901,-135.45,132.23,-2293.48
2.3894,0.2352,1.4904,-0.8491,-136.36,133.63,-2293.48
2.3918,0.2328,1.4913,-0.8213,-136.78,135.31,-2293.48
2.3942,0.2230,1.4918,-0.8276,-137.06,136.85,-2293.48
2.3966,0.2186,1.4894,-0.8525,-136.99,138.95,-2293.48
2.3990,0.2191,1.4894,-0.8760,-136.43,141.82,-2293.48
2.4014,0.2162,1.4918,-0.8760,-135.52,144.62,-2293.48
2.4038,0.2113,1.4913,-0.8579,-134.54,147.35,-2293.48
2.4063,0.2123,1.4899,-0.8330,-133.07,149.66,-2293.48
2.4087,0.2113,1.4904,-0.8286,-130.90,153.86,-2293.48
2.4111,0.2015,1.4923,-0.8535,-128.94,156.31,-2293.48
2.4135,0.2045,1.4943,-0.8711,-126.63,158.41,-2293.48
2.4159,0.2118,1.4928,-0.8686,-124.18,161.98,-2293.48
2.4183,0.2084,1.4904,-0.8491,-121.10,165.20,-2293.48
2.4207,0.2045,1.4889,-0.8330,-118.16,167.65,-2293.48
2.4231,0.2079,1.4913,-0.8306,-114.80,169.96,-2293.48
2.4255,0.2084,1.4957,-0.8481,-111.79,172.97,-2293.48
2.4279,0.2040,1.4952,-0.8760,-108.92,174.65,-2293.48
2.4303,0.2074,1.4928,-0.8857,-105.91,175.98,-2293.48
2.4327,0.2098,1.4894,-0.8721,-102.90,177.94,-2293.48
2.4351,0.2098,1.4889,-0.8545,-99.82,178.99,-2293.48
2.4375,0.2142,1.4855,-0.8403,-97.16,179.83,-2293.48
2.4399,0.2220,1.4777,-0.8374,-94.29,180.88,-2293.48
2.4423,0.2206,1.4762,-0.8555,-91.63,181.72,-2293.48
2.4447,0.2225,1.4772,-0.8696,-89.53,180.67,-2293.48
2.4471,0.2333,1.4713,-0.8613,-87.43,180.88,-2293.48
2.4495,0.2328,1.4689,-0.8442,-85.26,180.95,-2293.48
2.4519,0.2279,1.4703,-0.8257,-83.72,179.20,-2293.48
2.4543,0.2338,1.4674,-0.8203,-82.39,177.80,-2293.48
2.4567,0.2396,1.4674,-0.8213,-81.69,176.68,-2293.48
2.4591,0.2416,1.4645,-0.8174,-81.06,174.86,-2293.48
2.4615,0.2489,1.4606,-0.8135,-80.85,172.62,-2293.48
2.4639,0.2542,1.4567,-0.7969,-80.99,170.80,-2293.48
2.4663,0.2567,1.4518,-0.7852,-81.27,168.63,-2293.48
2.4688,0.2606,1.4528,-0.7769,-82.18,165.69,-2293.48
2.4712,0.2655,1.4533,-0.7696,-83.58,162.75,-2293.48
2.4736,0.2699,1.4533,-0.7686,-84.98,160.16,-2293.48
2.4760,0.2699,1.4572,-0.7710,-86.80,157.15,-2293.48
2.4784,0.2718,1.4611,-0.7671,-89.04,153.86,-2293.48
2.4808,0.2747,1.4616,-0.7564,-91.70,150.99,-2293.48
2.4832,0.2733,1.4630,-0.7457,-94.57,147.98,-2293.48
2.4856,0.2704,1.4655,-0.7501,-97.44,145.18,-2293.48
2.4880,0.2679,1.4645,-0.7666,-100.59,142.31,-2293.48
2.4904,0.2708,1.4669,-0.7881,-103.81,139.65,-2293.48
2.4928,0.2684,1.4655,-0.8086,-107.52,138.18,-2293.48
2.4952,0.2596,1.4645,-0.8164,-110.18,135.87,-2293.48
2.4976,0.2586,1.4694,-0.8115,-113.40,133.91,-2293.48
2.5000,0.2567,1.4718,-0.8023,-116.48,133.35,-2293.48
2.5024,0.2460,1.4713,-0.8086,-119.42,132.16,-2293.48
2.5048,0.2391,1.4689,-0.8145,-121.80,130.41,-2293.48
2.5072,0.2372,1.4718,-0.8203,-124.18,130.13,-2293.48
2.5096,0.2259,1.4718,-0.8325,-126.63,129.92,-2293.48
2.5120,0.2191,1.4713,-0.8316,-128.03,129.29,-2293.48
2.5144,0.2186,1.4747,-0.8247,-129.99,129.43,-2293.48
2.5168,0.2176,1.4713,-0.8233,-131.53,130.20,-2293.48
2.5192,0.2123,1.4699,-0.8325,-131.81,131.67,-2293.48
2.5216,0.2069,1.4713,-0.8418,-132.23,132.51,-2293.48
2.5240,0.2059,1.4733,-0.8506,-132.51,134.40,-2293.48
2.5264,0.2015,1.4723,-0.8594,-132.65,136.50,-2293.48
2.5288,0.1996,1.4708,-0.8511,-132.02,138.39,-2293.48
2.5313,0.1986,1.4742,-0.8462,-131.46,141.05,-2293.48
2.5337,0.1967,1.4699,-0.8486,-130.76,143.71,-2293.48
2.5361,0.1976,1.4650,-0.8496,-129.01,146.58,-2293.48
2.5385,0.1967,1.4669,-0.8589,-127.61,149.38,-2293.48
2.5409,0.1932,1.4669,-0.8647,-126.21,152.67,-2293.48
2.5433,0.1967,1.4630,-0.8647,-124.32,155.26,-2293.48
2.5457,0.1986,1.4601,-0.8545,-121.87,158.20,-2293.48
2.5481,0.1986,1.4616,-0.8516,-119.56,161.49,-2293.48
2.5505,0.2006,1.4586,-0.8589,-117.60,164.64,-2293.48
2.5529,0.2011,1.4547,-0.8599,-114.87,167.09,-2293.48
2.5553,0.2084,1.4581,-0.8657,-112.35,169.75,-2293.48
2.5577,0.2133,1.4591,-0.8804,-110.18,172.62,-2293.48
2.5601,0.2167,1.4586,-0.8950,-107.66,174.44,-2293.48
2.5625,0.2240,1.4591,-0.9033,-105.14,176.68,-2293.48
2.5649,0.2313,1.4620,-0.9057,-102.97,178.57,-2293.48
2.5673,0.2401,1.4664,-0.9072,-101.15,180.11,-2293.48
2.5697,0.2503,1.4699,-0.9091,-99.26,181.72,-2293.48
2.5721,0.2533,1.4723,-0.9126,-97.72,183.12,-2293.48
2.5745,0.2538,1.4796,-0.9165,-96.25,184.03,-2293.48
2.5769,0.2518,1.4894,-0.9248,-95.27,185.15,-2293.48
2.5793,0.2499,1.4913,-0.9252,-94.50,184.73,-2293.48
2.5817,0.2513,1.4894,-0.9194,-93.94,185.01,-2293.48
2.5841,0.2484,1.4874,-0.9179,-93.52,184.38,-2293.48
2.5865,0.2499,1.4879,-0.9218,-93.38,183.33,-2293.48
2.5889,0.2523,1.4855,-0.9340,-93.31,182.63,-2293.48
2.5913,0.2523,1.4835,-0.9340,-93.38,181.16,-2293.48
2.5938,0.2533,1.4825,-0.9252,-93.73,179.55,-2293.48
2.5962,0.2562,1.4796,-0.9184,-93.94,177.52,-2293.48
2.5986,0.2601,1.4786,-0.9160,-94.15,175.49,-2293.48
2.6010,0.2606,1.4801,-0.9130,-94.85,173.74,-2293.48
2.6034,0.2557,1.4816,-0.9033,-95.76,171.01,-2293.48
2.6058,0.2557,1.4811,-0.8921,-96.74,168.00,-2293.48
2.6082,0.2552,1.4806,-0.8901,-97.86,165.69,-2293.48
2.6106,0.2503,1.4806,-0.9043,-99.05,162.47,-2293.48
2.6130,0.2503,1.4830,-0.9248,-100.52,159.32,-2293.48
2.6154,0.2489,1.4782,-0.9384,-102.41,156.73,-2293.48
2.6178,0.2430,1.4757,-0.9394,-103.46,153.09,-2293.48
2.6202,0.2411,1.4767,-0.9365,-105.07,149.73,-2293.48
2.6226,0.2377,1.4777,-0.9399,-106.40,147.28,-2293.48
2.6250,0.2298,1.4796,-0.9477,-108.50,144.48,-2293.48
2.6274,0.2298,1.4747,-0.9658,-109.90,141.61,-2293.48
2.6298,0.2303,1.4733,-0.9862,-111.02,139.23,-2293.48
2.6322,0.2342,1.4733,-0.9858,-112.21,137.06,-2293.48
2.6346,0.2323,1.4723,-0.9697,-113.75,135.45,-2293.48
2.6370,0.2269,1.4703,-0.9579,-114.80,133.14,-2293.48
2.6394,0.2318,1.4694,-0.9589,-115.64,132.16,-2293.48
2.6418,0.2279,1.4738,-0.9638,-116.69,131.81,-2293.48
2.6442,0.2220,1.4733,-0.9701,-117.95,130.90,-2293.48
2.6466,0.2220,1.4669,-0.9618,-118.44,130.62,-2293.48
2.6490,0.2206,1.4674,-0.9506,-118.72,130.90,-2293.48
2.6514,0.2152,1.4664,-0.9448,-119.42,131.53,-2293.48
2.6538,0.2133,1.4645,-0.9414,-119.28,131.60,-2293.48
2.6563,0.2142,1.4664,-0.9467,-119.63,132.72,-2293.48
2.6587,0.2128,1.4664,-0.9531,-119.63,134.26,-2293.48
2.6611,0.2098,1.4660,-0.9516,-119.56,135.87,-2293.48
2.6635,0.2064,1.4669,-0.9335,-119.07,136.85,-2293.48
2.6659,0.2089,1.4703,-0.9199,-118.93,139.09,-2293.48
2.6683,0.2059,1.4703,-0.9170,-118.44,141.82,-2293.48
2.6707,0.2011,1.4679,-0.9252,-117.39,144.20,-2293.48
2.6731,0.2035,1.4699,-0.9296,-116.76,146.51,-2293.48
2.6755,0.2064,1.4694,-0.9301,-116.41,149.52,-2293.48
2.6779,0.2054,1.4660,-0.9282,-115.29,152.60,-2293.48
2.6803,0.2025,1.4640,-0.9155,-113.89,154.77,-2293.48
2.6827,0.2040,1.4640,-0.9013,-113.12,157.64,-2293.48
2.6851,0.2064,1.4645,-0.8994,-112.21,160.58,-2293.48
2.6875,0.2045,1.4606,-0.9111,-110.95,163.17,-2293.48
2.6899,0.2069,1.4586,-0.9126,-109.69,165.48,-2293.48
2.6923,0.2133,1.4577,-0.9082,-109.06,168.28,-2293.48
2.6947,0.2162,1.4538,-0.8940,-107.66,170.59,-2293.48
2.6971,0.2191,1.4567,-0.8740,-106.33,172.83,-2293.48
2.6995,0.2225,1.4567,-0.8599,-105.84,174.72,-2293.48
2.7019,0.2235,1.4503,-0.8647,-104.37,176.68,-2293.48
2.7043,0.2230,1.4518,-0.8808,-103.25,177.59,-2293.48
2.7067,0.2289,1.4542,-0.8945,-102.62,178.57,-2293.48
2.7091,0.2328,1.4498,-0.8950,-102.13,179.48,-2293.48
2.7115,0.2367,1.4484,-0.8721,-100.80,179.62,-2293.48
2.7139,0.2420,1.4538,-0.8491,-100.24,179.97,-2293.48
2.7163,0.2450,1.4538,-0.8398,-99.82,179.97,-2293.48
2.7188,0.2469,1.4547,-0.8428,-99.19,179.55,-2293.48
2.7212,0.2474,1.4591,-0.8442,-98.77,178.57,-2293.48
2.7236,0.2518,1.4620,-0.8472,-98.84,177.17,-2293.48
2.7260,0.2562,1.4581,-0.8418,-99.05,176.33,-2293.48
2.7284,0.2523,1.4581,-0.8257,-98.77,174.65,-2293.48
2.7308,0.2552,1.4635,-0.8120,-99.54,171.99,-2293.48
2.7332,0.2625,1.4606,-0.8037,-100.03,170.45,-2293.48
2.7356,0.2582,1.4572,-0.8174,-99.82,168.77,-2293.48
2.7380,0.2572,1.4620,-0.8301,-100.31,165.48,-2293.48
2.7404,0.2621,1.4630,-0.8364,-101.43,163.17,-2293.48
2.7428,0.2596,1.4572,-0.8374,-102.06,160.93,-2293.48
2.7452,0.2557,1.4606,-0.8228,-102.20,157.57,-2293.48
2.7476,0.2577,1.4640,-0.8208,-103.46,155.05,-2293.48
2.7500,0.2577,1.4630,-0.8350,-104.02,152.74,-2293.48
2.7524,0.2508,1.4694,-0.8506,-104.65,150.29,-2293.48
2.7548,0.2503,1.4757,-0.8564,-105.56,147.14,-2293.48
2.7572,0.2528,1.4723,-0.8525,-106.75,144.90,-2293.48
2.7596,0.2474,1.4669,-0.8398,-107.24,142.87,-2293.48
2.7620,0.2450,1.4664,-0.8291,-108.08,140.35,-2293.48
2.7644,0.2460,1.4679,-0.8237,-108.85,138.67,-2293.48
2.7668,0.2430,1.4674,-0.8223,-109.13,137.34,-2293.48
2.7692,0.2401,1.4674,-0.8335,-109.83,136.01,-2293.48
2.7716,0.2377,1.4689,-0.8486,-110.53,134.54,-2293.48
2.7740,0.2362,1.4689,-0.8564,-111.09,134.05,-2293.48
2.7764,0.2313,1.4689,-0.8477,-111.79,133.77,-2293.48
2.7788,0.2294,1.4699,-0.8301,-112.49,133.00,-2293.48
2.7813,0.2313,1.4660,-0.8194,-112.56,133.98,-2293.48
2.7837,0.2230,1.4650,-0.8140,-112.63,134.89,-2293.48
2.7861,0.2181,1.4664,-0.8145,-113.26,134.89,-2293.48
2.7885,0.2191,1.4596,-0.8130,-113.47,136.43,-2293.48
2.7909,0.2142,1.4586,-0.8042,-113.40,138.39,-2293.48
2.7933,0.2050,1.4616,-0.7891,-113.61,140.00,-2293.48
2.7957,0.2030,1.4591,-0.7808,-114.03,141.33,-2293.48
2.7981,0.2035,1.4547,-0.7818,-113.96,143.78,-2293.48
2.8005,0.1967,1.4523,-0.7818,-113.96,146.23,-2293.48
2.8029,0.1928,1.4528,-0.7842,-114.10,147.98,-2293.48
2.8053,0.1913,1.4479,-0.7823,-114.24,150.36,-2293.48
2.8077,0.1908,1.4430,-0.7764,-113.96,152.74,-2293.48
2.8101,0.1908,1.4411,-0.7691,-114.10,155.05,-2293.48
2.8125,0.1898,1.4372,-0.7676,-113.68,157.01,-2293.48
2.8149,0.1942,1.4357,-0.7647,-113.33,159.25,-2293.48
2.8173,0.1952,1.4333,-0.7681,-112.98,161.84,-2293.48
2.8197,0.1932,1.4298,-0.7769,-112.63,163.38,-2293.48
2.8221,0.2006,1.4269,-0.7764,-112.14,164.99,-2293.48
2.8245,0.2069,1.4254,-0.7701,-111.58,167.44,-2293.48
2.8269,0.2084,1.4240,-0.7627,-111.09,168.98,-2293.48
2.8293,0.2196,1.4235,-0.7579,-110.46,170.03,-2293.48
2.8317,0.2259,1.4284,-0.7466,-109.90,172.13,-2293.48
2.8341,0.2235,1.4308,-0.7462,-110.18,173.18,-2293.48
2.8365,0.2279,1.4303,-0.7564,-109.62,173.53,-2293.48
2.8389,0.2342,1.4333,-0.7623,-108.99,174.79,-2293.48
2.8413,0.2386,1.4362,-0.7647,-108.78,175.49,-2293.48
2.8438,0.2386,1.4376,-0.7627,-108.43,175.49,-2293.48
2.8462,0.2411,1.4396,-0.7549,-108.08,175.00,-2293.48
2.8486,0.2503,1.4406,-0.7476,-107.80,175.00,-2293.48
2.8510,0.2518,1.4450,-0.7540,-107.38,174.79,-2293.48
2.8534,0.2479,1.4533,-0.7642,-107.24,173.39,-2293.48
2.8558,0.2533,1.4562,-0.7676,-107.38,172.06,-2293.48
2.8582,0.2552,1.4567,-0.7662,-107.38,171.01,-2293.48
2.8606,0.2533,1.4577,-0.7657,-107.45,169.12,-2293.48
2.8630,0.2572,1.4586,-0.7691,-107.31,167.23,-2293.48
2.8654,0.2582,1.4606,-0.7740,-107.66,165.76,-2293.48
2.8678,0.2513,1.4611,-0.7837,-107.66,164.08,-2293.48
2.8702,0.2489,1.4645,-0.7920,-107.45,161.84,-2293.48
2.8726,0.2538,1.4713,-0.7969,-107.52,159.60,-2293.48
2.8750,0.2499,1.4733,-0.7974,-108.08,158.13,-2293.48
2.8774,0.2430,1.4699,-0.7896,-107.87,155.82,-2293.48
2.8798,0.2430,1.4689,-0.7813,-107.87,153.44,-2293.48
2.8822,0.2381,1.4655,-0.7832,-107.80,151.62,-2293.48
2.8846,0.2386,1.4674,-0.7979,-107.38,147.21,-2293.48
2.8870,0.2381,1.4655,-0.8037,-107.38,145.95,-2293.48
2.8894,0.2338,1.4606,-0.7979,-106.96,144.06,-2293.48
2.8918,0.2328,1.4552,-0.7847,-106.68,142.45,-2293.48
2.8942,0.2313,1.4542,-0.7803,-106.26,141.82,-2293.48
2.8966,0.2240,1.4518,-0.7852,-105.98,140.63,-2293.48
2.8990,0.2211,1.4528,-0.7886,-105.14,139.02,-2293.48
2.9014,0.2245,1.4557,-0.7945,-105.07,138.60,-2293.48
2.9038,0.2245,1.4508,-0.7896,-105.07,138.46,-2293.48
2.9063,0.2220,1.4489,-0.7852,-104.72,138.32,-2293.48
2.9087,0.2230,1.4498,-0.7852,-104.30,138.18,-2293.48
2.9111,0.2196,1.4459,-0.7837,-104.51,138.88,-2293.48
2.9135,0.2147,1.4420,-0.7808,-103.95,139.51,-2293.48
2.9159,0.2181,1.4416,-0.7745,-103.67,140.35,-2293.48
2.9183,0.2220,1.4376,-0.7706,-103.60,141.68,-2293.48
2.9207,0.2211,1.4347,-0.7696,-103.25,143.22,-2293.48
2.9231,0.2191,1.4337,-0.7657,-102.90,144.41,-2293.48
2.9255,0.2201,1.4333,-0.7657,-102.76,146.16,-2293.48
2.9279,0.2181,1.4323,-0.7686,-102.90,148.05,-2293.48
2.9303,0.2137,1.4323,-0.7706,-102.76,149.31,-2293.48
2.9327,0.2157,1.4342,-0.7715,-103.25,150.64,-2293.48
2.9351,0.2211,1.4323,-0.7696,-103.95,152.67,-2293.48
2.9375,0.2172,1.4284,-0.7642,-104.02,154.77,-2293.48
2.9399,0.2152,1.4279,-0.7554,-104.30,155.89,-2293.48
2.9423,0.2206,1.4250,-0.7540,-105.00,157.50,-2293.48
2.9447,0.2201,1.4215,-0.7603,-105.35,159.67,-2293.48
2.9471,0.2196,1.4206,-0.7642,-105.98,160.72,-2293.48
2.9495,0.2235,1.4196,-0.7588,-106.47,162.05,-2293.48
2.9519,0.2230,1.4211,-0.7520,-107.38,163.73,-2293.48
2.9543,0.2235,1.4201,-0.7471,-107.66,164.57,-2293.48
2.9567,0.2269,1.4225,-0.7481,-108.15,165.27,-2293.48
2.9591,0.2298,1.4215,-0.7588,-108.85,165.83,-2293.48
2.9615,0.2298,1.4201,-0.7647,-109.27,166.39,-2293.48
2.9639,0.2264,1.4259,-0.7564,-109.90,166.67,-2293.48
2.9663,0.2279,1.4289,-0.7447,-110.74,166.39,-2293.48
2.9688,0.2328,1.4284,-0.7359,-111.58,166.74,-2293.48
2.9712,0.2289,1.4303,-0.7257,-111.86,166.53,-2293.48
2.9736,0.2274,1.4337,-0.7183,-112.70,165.55,-2293.48
2.9760,0.2338,1.4357,-0.7227,-113.61,165.20,-2293.48
2.9784,0.2333,1.4372,-0.7300,-114.24,164.99,-2293.48
2.9808,0.2313,1.4376,-0.7296,-114.80,163.45,-2293.48
2.9832,0.2338,1.4347,-0.7232,-115.50,162.12,-2293.48
2.9856,0.2367,1.4352,-0.7174,-115.92,161.07,-2293.48
2.9880,0.2377,1.4386,-0.7139,-116.13,160.02,-2293.48
2.9904,0.2367,1.4401,-0.7218,-116.06,158.55,-2293.48
2.9928,0.2352,1.4425,-0.7354,-116.20,157.64,-2293.48
2.9952,0.2298,1.4450,-0.7422,-116.62,156.17,-2293.48
2.9976,0.2279,1.4474,-0.7427,-116.69,154.28,-2293.48
3.0000,0.2274,1.4479,-0.7359,-116.90,153.16,-2293.48
3.0024,0.2225,1.4459,-0.7291,-116.34,151.48,-2293.48
3.0048,0.2201,1.4450,-0.7354,-115.85,150.29,-2293.48
3.0072,0.2181,1.4430,-0.7471,-115.36,149.38,-2293.48
3.0096,0.2108,1.4411,-0.7618,-114.52,148.05,-2293.48
3.0120,0.2064,1.4406,-0.7730,-113.75,146.79,-2293.48
3.0144,0.2094,1.4372,-0.7749,-113.12,145.81,-2293.48
3.0168,0.2113,1.4294,-0.7769,-112.07,145.25,-2293.48
3.0192,0.2103,1.4250,-0.7730,-110.67,144.06,-2293.48
3.0216,0.2142,1.4220,-0.7740,-109.48,143.50,-2293.48
3.0240,0.2191,1.4230,-0.7876,-107.94,143.36,-2293.48
3.0264,0.2181,1.4254,-0.8062,-106.61,143.01,-2293.48
3.0288,0.2176,1.4279,-0.8198,-105.70,142.45,-2293.48
3.0313,0.2196,1.4274,-0.8237,-105.07,142.17,-2293.48
3.0337,0.2191,1.4259,-0.8228,-104.16,142.38,-2293.48
3.0361,0.2206,1.4230,-0.8130,-103.32,142.80,-2293.48
3.0385,0.2230,1.4186,-0.8008,-102.48,143.22,-2293.48
3.0409,0.2269,1.4162,-0.7964,-101.50,143.85,-2293.48
3.0433,0.2323,1.4123,-0.7920,-100.73,145.11,-2293.48
3.0457,0.2333,1.4123,-0.7920,-99.68,146.58,-2293.48
3.0481,0.2338,1.4137,-0.7945,-98.98,147.70,-2293.48
3.0505,0.2381,1.4176,-0.7930,-98.42,148.75,-2293.48
3.0529,0.2401,1.4181,-0.7989,-98.00,150.99,-2293.48
3.0553,0.2367,1.4157,-0.8062,-97.72,151.90,-2293.48
3.0577,0.2396,1.4181,-0.8081,-97.65,153.30,-2293.48
3.0601,0.2430,1.4186,-0.8091,-98.00,155.05,-2293.48
3.0625,0.2411,1.4220,-0.8101,-98.21,156.24,-2293.48
3.0649,0.2445,1.4269,-0.8076,-98.91,157.43,-2293.48
3.0673,0.2513,1.4264,-0.8037,-99.61,159.39,-2293.48
3.0697,0.2542,1.4269,-0.8032,-99.96,161.00,-2293.48
3.0721,0.2523,1.4308,-0.8091,-100.45,162.33,-2293.48
3.0745,0.2499,1.4362,-0.8174,-101.36,163.59,-2293.48
3.0769,0.2484,1.4376,-0.8247,-102.34,164.92,-2293.48
3.0793,0.2440,1.4391,-0.8281,-103.11,165.27,-2293.48
3.0817,0.2460,1.4430,-0.8213,-104.09,165.83,-2293.48
3.0841,0.2464,1.4459,-0.8194,-105.07,166.95,-2293.48
3.0865,0.2425,1.4494,-0.8242,-105.98,167.09,-2293.48
3.0889,0.2420,1.4562,-0.8257,-107.10,167.23,-2293.48
3.0913,0.2386,1.4611,-0.8184,-108.50,167.51,-2293.48
3.0938,0.2362,1.4601,-0.8067,-109.97,167.16,-2293.48
3.0962,0.2323,1.4591,-0.8052,-111.09,167.16,-2293.48
3.0986,0.2259,1.4620,-0.8125,-112.21,166.46,-2293.48
3.1010,0.2206,1.4674,-0.8208,-113.54,166.18,-2293.48
3.1034,0.2172,1.4679,-0.8218,-115.01,165.06,-2293.48
3.1058,0.2152,1.4664,-0.8150,-115.92,163.94,-2293.48
3.1082,0.2064,1.4679,-0.8154,-116.83,163.24,-2293.48
3.1106,0.2001,1.4660,-0.8291,-117.95,161.84,-2293.48
3.1130,0.1928,1.4581,-0.8418,-118.72,160.72,-2293.48
3.1154,0.1874,1.4533,-0.8477,-118.72,158.41,-2293.48
3.1178,0.1923,1.4513,-0.8442,-119.63,157.08,-2293.48
3.1202,0.1913,1.4469,-0.8423,-119.98,156.10,-2293.48
3.1226,0.1864,1.4440,-0.8496,-119.35,154.21,-2293.48
3.1250,0.1889,1.4440,-0.8550,-119.28,152.53,-2293.48
3.1274,0.1913,1.4391,-0.8652,-119.56,151.48,-2293.48
3.1298,0.1874,1.4323,-0.8730,-118.58,150.36,-2293.48
3.1322,0.1874,1.4318,-0.8701,-117.53,148.82,-2293.48
3.1346,0.1923,1.4269,-0.8594,-117.18,147.70,-2293.48
3.1370,0.1932,1.4181,-0.8579,-115.92,147.14,-2293.48
3.1394,0.1932,1.4147,-0.8584,-114.38,145.95,-2293.48
3.1418,0.1976,1.4152,-0.8525,-113.33,145.32,-2293.48
3.1442,0.2001,1.4103,-0.8447,-112.28,144.97,-2293.48
3.1466,0.2035,1.4040,-0.8379,-110.60,144.27,-2293.48
3.1490,0.2069,1.4015,-0.8345,-108.99,144.20,-2293.48
3.1514,0.2054,1.4025,-0.8379,-107.66,143.92,-2293.48
3.1538,0.2064,1.4015,-0.8457,-106.40,143.85,-2293.48
3.1563,0.2147,1.3981,-0.8447,-104.86,143.92,-2293.48
3.1587,0.2196,1.3962,-0.8316,-103.53,144.41,-2293.48
3.1611,0.2216,1.3952,-0.8154,-102.06,144.62,-2293.48
3.1635,0.2259,1.3942,-0.8062,-100.87,145.18,-2293.48
3.1659,0.2323,1.3947,-0.8076,-99.54,145.88,-2293.48
3.1683,0.2362,1.3967,-0.8135,-98.42,147.00,-2293.48
3.1707,0.2406,1.4001,-0.8135,-97.23,147.63,-2293.48
3.1731,0.2479,1.4030,-0.8042,-96.39,148.68,-2293.48
3.1755,0.2503,1.4040,-0.7940,-95.41,149.94,-2293.48
3.1779,0.2513,1.4079,-0.7930,-94.64,150.99,-2293.48
3.1803,0.2528,1.4142,-0.7984,-94.29,152.04,-2293.48
3.1827,0.2542,1.4176,-0.8052,-94.22,153.23,-2293.48
3.1851,0.2591,1.4206,-0.8072,-94.29,154.35,-2293.48
3.1875,0.2625,1.4250,-0.7979,-94.43,155.47,-2293.48
3.1899,0.2635,1.4303,-0.7901,-94.85,156.87,-2293.48
3.1923,0.2640,1.4337,-0.7896,-95.55,158.34,-2293.48
3.1947,0.2621,1.4381,-0.7935,-96.46,159.60,-2293.48
3.1971,0.2606,1.4445,-0.7993,-97.58,161.00,-2293.48
3.1995,0.2577,1.4469,-0.8047,-98.56,162.40,-2293.48
3.2019,0.2528,1.4533,-0.8076,-99.61,163.52,-2293.48
3.2043,0.2494,1.4645,-0.8062,-101.22,164.08,-2293.48
3.2067,0.2464,1.4674,-0.8062,-103.04,165.06,-2293.48
3.2091,0.2396,1.4674,-0.8076,-104.58,166.04,-2293.48
3.2115,0.2352,1.4708,-0.8106,-106.26,166.32,-2293.48
3.2139,0.2323,1.4723,-0.8198,-107.87,166.74,-2293.48
3.2163,0.2235,1.4738,-0.8311,-109.55,166.95,-2293.48
3.2188,0.2152,1.4718,-0.8311,-111.44,166.46,-2293.48
3.2212,0.2098,1.4694,-0.8272,-113.40,166.11,-2293.48
3.2236,0.2054,1.4674,-0.8213,-114.94,165.69,-2293.48
3.2260,0.2025,1.4635,-0.8174,-116.55,165.06,-2293.48
3.2284,0.1981,1.4591,-0.8233,-118.09,164.50,-2293.48
3.2308,0.1869,1.4538,-0.8311,-119.21,163.24,-2293.48
3.2332,0.1806,1.4498,-0.8316,-120.12,161.49,-2293.48
3.2356,0.1810,1.4450,-0.8272,-121.24,159.74,-2293.48
3.2380,0.1810,1.4372,-0.8267,-122.01,158.27,-2293.48
3.2404,0.1771,1.4328,-0.8340,-122.64,157.01,-2293.48
3.2428,0.1718,1.4308,-0.8486,-123.20,155.26,-2293.48
3.2452,0.1718,1.4245,-0.8672,-123.83,153.23,-2293.48
3.2476,0.1757,1.4167,-0.8769,-123.90,151.83,-2293.48
3.2500,0.1752,1.4128,-0.8750,-123.69,150.43,-2293.48
3.2524,0.1771,1.4045,-0.8701,-123.41,148.54,-2293.48
3.2548,0.1835,1.3981,-0.8691,-122.43,147.21,-2293.48
3.2572,0.1850,1.3971,-0.8760,-121.38,146.09,-2293.48
3.2596,0.1879,1.3918,-0.8906,-120.33,144.76,-2293.48
3.2620,0.1937,1.3869,-0.9013,-119.00,143.64,-2293.48
3.2644,0.2006,1.3854,-0.9023,-117.60,142.94,-2293.48
3.2668,0.2069,1.3864,-0.9004,-116.06,142.24,-2293.48
3.2692,0.2098,1.3845,-0.8960,-114.52,141.75,-2293.48
3.2716,0.2167,1.3810,-0.8935,-112.77,141.47,-2293.48
3.2740,0.2269,1.3801,-0.8945,-110.95,141.68,-2293.48
3.2764,0.2308,1.3806,-0.9043,-108.78,142.10,-2293.48
3.2788,0.2323,1.3815,-0.9067,-106.75,141.96,-2293.48
3.2813,0.2391,1.3854,-0.9008,-104.72,142.38,-2293.48
3.2837,0.2425,1.3923,-0.9028,-103.04,143.36,-2293.48
3.2861,0.2460,1.3962,-0.9082,-101.50,143.50,-2293.48
3.2885,0.2508,1.4006,-0.9170,-99.82,144.06,-2293.48
3.2909,0.2572,1.4045,-0.9189,-98.35,145.39,-2293.48
3.2933,0.2601,1.4069,-0.9096,-96.95,146.79,-2293.48
3.2957,0.2635,1.4137,-0.8857,-95.76,147.77,-2293.48
3.2981,0.2713,1.4206,-0.8642,-94.92,149.73,-2293.48
3.3005,0.2660,1.4254,-0.8701,-93.66,151.90,-2293.48
3.3029,0.2630,1.4298,-0.8906,-92.26,152.81,-2293.48
3.3053,0.2664,1.4352,-0.9072,-91.84,154.49,-2293.48
3.3077,0.2586,1.4396,-0.9194,-91.77,156.17,-2293.48
3.3101,0.2503,1.4406,-0.9228,-91.14,157.01,-2293.48
3.3125,0.2499,1.4474,-0.9077,-91.00,157.85,-2293.48
3.3149,0.2518,1.4513,-0.8847,-92.19,158.97,-2293.48
3.3173,0.2494,1.4489,-0.8740,-92.61,160.44,-2293.48
3.3197,0.2430,1.4552,-0.8657,-92.96,161.35,-2293.48
3.3221,0.2445,1.4596,-0.8589,-94.64,162.05,-2293.48
3.3245,0.2406,1.4542,-0.8599,-96.11,163.31,-2293.48
3.3269,0.2318,1.4523,-0.8579,-96.95,163.73,-2293.48
3.3293,0.2298,1.4538,-0.8525,-98.91,164.57,-2293.48
3.3317,0.2259,1.4479,-0.8486,-100.80,164.92,-2293.48
3.3341,0.2235,1.4440,-0.8525,-101.85,164.92,-2293.48
3.3365,0.2181,1.4489,-0.8574,-103.25,165.20,-2293.48
3.3389,0.2133,1.4503,-0.8599,-105.84,164.71,-2293.48
3.3413,0.2108,1.4464,-0.8599,-107.66,164.50,-2293.48
3.3438,0.2069,1.4445,-0.8564,-109.27,164.01,-2293.48
3.3462,0.2025,1.4430,-0.8506,-111.51,163.38,-2293.48
3.3486,0.2011,1.4362,-0.8525,-113.54,162.75,-2293.48
3.3510,0.1996,1.4289,-0.8599,-114.87,161.84,-2293.48
3.3534,0.1942,1.4279,-0.8633,-116.34,160.37,-2293.48
3.3558,0.1947,1.4245,-0.8701,-118.02,158.90,-2293.48
3.3582,0.1932,1.4181,-0.8725,-119.21,157.64,-2293.48
3.3606,0.1898,1.4172,-0.8652,-120.05,156.45,-2293.48
3.3630,0.1854,1.4157,-0.8623,-121.52,154.84,-2293.48
3.3654,0.1859,1.4064,-0.8730,-122.43,152.74,-2293.48
3.3678,0.1903,1.3976,-0.8813,-122.57,151.13,-2293.48
3.3702,0.1908,1.3971,-0.8852,-122.71,149.52,-2293.48
3.3726,0.1937,1.3942,-0.9048,-122.92,147.98,-2293.48
3.3750,0.1986,1.3869,-0.9218,-122.71,146.58,-2293.48
3.3774,0.2045,1.3864,-0.9228,-122.22,145.46,-2293.48
3.3798,0.2064,1.3835,-0.9150,-121.87,144.27,-2293.48
3.3822,0.2069,1.3801,-0.9140,-120.89,142.80,-2293.48
3.3846,0.2113,1.3801,-0.9213,-119.84,141.75,-2293.48
3.3870,0.2167,1.3810,-0.9292,-118.79,141.26,-2293.48
3.3894,0.2172,1.3786,-0.9384,-117.53,140.63,-2293.48
3.3918,0.2196,1.3776,-0.9365,-115.78,139.65,-2293.48
3.3942,0.2269,1.3791,-0.9272,-114.38,139.51,-2293.48
3.3966,0.2279,1.3786,-0.9135,-112.49,140.00,-2293.48
3.3990,0.2250,1.3825,-0.9165,-110.81,140.21,-2293.48
3.4014,0.2294,1.3874,-0.9292,-109.34,140.07,-2293.48
3.4038,0.2372,1.3888,-0.9374,-108.01,140.98,-2293.48
3.4063,0.2406,1.3879,-0.9428,-106.19,142.10,-2293.48
3.4087,0.2435,1.3903,-0.9306,-104.51,143.15,-2293.48
3.4111,0.2440,1.3976,-0.9082,-103.32,144.13,-2293.48
3.4135,0.2499,1.3976,-0.9018,-102.13,144.90,-2293.48
3.4159,0.2547,1.3991,-0.9150,-100.31,146.79,-2293.48
3.4183,0.2503,1.4093,-0.9306,-99.33,147.49,-2293.48
3.4207,0.2533,1.4142,-0.9389,-98.84,148.47,-2293.48
3.4231,0.2586,1.4123,-0.9340,-98.00,150.43,-2293.48
3.4255,0.2538,1.4157,-0.9111,-96.88,152.18,-2293.48
3.4279,0.2533,1.4259,-0.8804,-96.67,152.67,-2293.48
3.4303,0.2621,1.4294,-0.8667,-96.88,154.63,-2293.48
3.4327,0.2591,1.4303,-0.8706,-96.46,157.29,-2293.48
3.4351,0.2460,1.4342,-0.8833,-96.25,158.34,-2293.48
3.4375,0.2420,1.4367,-0.8901,-96.74,158.69,-2293.48
3.4399,0.2430,1.4372,-0.8843,-96.53,160.51,-2293.48
3.4423,0.2313,1.4411,-0.8667,-96.53,161.70,-2293.48
3.4447,0.2255,1.4430,-0.8447,-97.51,161.49,-2293.48
3.4471,0.2274,1.4401,-0.8316,-98.21,162.40,-2293.48
3.4495,0.2220,1.4411,-0.8252,-98.77,163.10,-2293.48
3.4519,0.2206,1.4455,-0.8194,-99.82,163.17,-2293.48
3.4543,0.2206,1.4484,-0.8145,-101.22,163.73,-2293.48
3.4567,0.2211,1.4484,-0.8081,-102.55,164.15,-2293.48
3.4591,0.2211,1.4450,-0.7993,-103.81,164.64,-2293.48
3.4615,0.2167,1.4420,-0.8003,-105.00,164.57,-2293.48
3.4639,0.2157,1.4416,-0.8076,-106.26,164.43,-2293.48
3.4663,0.2113,1.4420,-0.8091,-107.45,165.06,-2293.48
3.4688,0.2025,1.4420,-0.8057,-108.85,164.50,-2293.48
3.4712,0.2015,1.4386,-0.7979,-110.18,163.80,-2293.48
3.4736,0.1981,1.4352,-0.7896,-111.30,164.01,-2293.48
3.4760,0.1908,1.4318,-0.7886,-112.63,163.59,-2293.48
3.4784,0.1874,1.4274,-0.7935,-113.82,162.82,-2293.48
3.4808,0.1850,1.4245,-0.7954,-114.94,162.19,-2293.48
3.4832,0.1801,1.4201,-0.7950,-116.06,161.21,-2293.48
3.4856,0.1757,1.4113,-0.7906,-117.11,159.74,-2293.48
3.4880,0.1771,1.4045,-0.7832,-117.74,158.13,-2293.48
3.4904,0.1757,1.4015,-0.7798,-118.37,156.94,-2293.48
3.4928,0.1703,1.3967,-0.7847,-119.35,155.82,-2293.48
3.4952,0.1693,1.3918,-0.7974,-119.91,153.93,-2293.48
3.4976,0.1742,1.3874,-0.8057,-120.26,151.97,-2293.48
3.5000,0.1757,1.3815,-0.8086,-120.68,150.57,-2293.48
3.5024,0.1737,1.3757,-0.7993,-120.40,148.82,-2293.48
3.5048,0.1767,1.3727,-0.7857,-119.77,147.35,-2293.48
3.5072,0.1815,1.3723,-0.7813,-119.28,146.16,-2293.48
3.5096,0.1845,1.3698,-0.7915,-118.30,144.76,-2293.48
3.5120,0.1869,1.3664,-0.8052,-117.11,143.85,-2293.48
3.5144,0.1893,1.3664,-0.8057,-115.92,142.73,-2293.48
3.5168,0.1937,1.3644,-0.8018,-115.01,141.40,-2293.48
3.5192,0.2001,1.3586,-0.7998,-113.75,140.91,-2293.48
3.5216,0.2045,1.3571,-0.8042,-112.28,140.56,-2293.48
3.5240,0.2094,1.3586,-0.8154,-111.23,139.58,-2293.48
3.5264,0.2191,1.3571,-0.8218,-109.83,139.30,-2293.48
3.5288,0.2294,1.3552,-0.8213,-108.36,139.86,-2293.48
3.5313,0.2333,1.3576,-0.8120,-106.82,140.07,-2293.48
3.5337,0.2411,1.3596,-0.8013,-105.49,140.21,-2293.48
3.5361,0.2513,1.3601,-0.7998,-103.81,141.61,-2293.48
3.5385,0.2542,1.3630,-0.8047,-101.85,143.08,-2293.48
3.5409,0.2552,1.3688,-0.8150,-100.52,144.06,-2293.48
3.5433,0.2606,1.3742,-0.8247,-99.33,145.25,-2293.48
3.5457,0.2650,1.3796,-0.8306,-97.72,147.14,-2293.48
3.5481,0.2625,1.3849,-0.8311,-96.60,148.54,-2293.48
3.5505,0.2650,1.3913,-0.8281,-95.62,149.52,-2293.48
3.5529,0.2699,1.3957,-0.8276,-94.71,151.20,-2293.48
3.5553,0.2699,1.4030,-0.8320,-94.01,153.23,-2293.48
3.5577,0.2684,1.4084,-0.8374,-93.94,154.56,-2293.48
3.5601,0.2694,1.4103,-0.8345,-93.52,156.03,-2293.48
3.5625,0.2728,1.4157,-0.8286,-93.31,158.13,-2293.48
3.5649,0.2713,1.4206,-0.8247,-93.59,159.81,-2293.48
3.5673,0.2708,1.4264,-0.8237,-93.59,161.00,-2293.48
3.5697,0.2689,1.4313,-0.8257,-94.15,162.75,-2293.48
3.5721,0.2606,1.4342,-0.8311,-95.06,164.15,-2293.48
3.5745,0.2586,1.4357,-0.8394,-95.83,164.92,-2293.48
3.5769,0.2547,1.4376,-0.8389,-96.88,166.04,-2293.48
3.5793,0.2474,1.4440,-0.8350,-98.07,166.81,-2293.48
3.5817,0.2440,1.4484,-0.8311,-99.47,167.09,-2293.48
3.5841,0.2386,1.4513,-0.8316,-100.87,167.86,-2293.48
3.5865,0.2318,1.4562,-0.8384,-102.48,167.79,-2293.48
3.5889,0.2259,1.4586,-0.8462,-103.95,167.72,-2293.48
3.5913,0.2162,1.4616,-0.8491,-105.84,167.51,-2293.48
3.5938,0.2035,1.4596,-0.8501,-107.73,166.95,-2293.48
3.5962,0.1942,1.4552,-0.8511,-109.48,165.76,-2293.48
3.5986,0.1928,1.4513,-0.8540,-111.44,164.57,-2293.48
3.6010,0.1884,1.4440,-0.8618,-113.12,164.01,-2293.48
3.6034,0.1791,1.4396,-0.8662,-114.38,162.33,-2293.48
3.6058,0.1786,1.4352,-0.8764,-115.64,160.37,-2293.48
3.6082,0.1747,1.4284,-0.8813,-116.83,159.11,-2293.48
3.6106,0.1679,1.4235,-0.8808,-117.67,157.08,-2293.48
3.6130,0.1693,1.4181,-0.8813,-118.30,155.05,-2293.48
3.6154,0.1728,1.4152,-0.8745,-118.72,153.09,-2293.48
3.6178,0.1728,1.4108,-0.8721,-119.14,151.20,-2293.48
3.6202,0.1708,1.4064,-0.8755,-119.00,149.17,-2293.48
3.6226,0.1688,1.4045,-0.8779,-118.72,147.56,-2293.48
3.6250,0.1688,1.4001,-0.8755,-118.37,145.60,-2293.48
3.6274,0.1703,1.3957,-0.8686,-117.81,143.64,-2293.48
3.6298,0.1718,1.3932,-0.8647,-117.32,142.38,-2293.48
3.6322,0.1703,1.3893,-0.8740,-116.62,141.61,-2293.48
3.6346,0.1708,1.3854,-0.8833,-115.71,140.00,-2293.48
3.6370,0.1796,1.3820,-0.8843,-114.87,139.44,-2293.48
3.6394,0.1825,1.3781,-0.8808,-113.68,139.58,-2293.48
3.6418,0.1835,1.3762,-0.8652,-112.21,139.02,-2293.48
3.6442,0.1893,1.3747,-0.8525,-111.16,139.02,-2293.48
3.6466,0.1928,1.3713,-0.8477,-109.97,139.72,-2293.48
3.6490,0.1947,1.3659,-0.8525,-108.36,139.65,-2293.48
3.6514,0.2011,1.3644,-0.8599,-106.82,139.86,-2293.48
3.6538,0.2050,1.3644,-0.8589,-105.35,141.05,-2293.48
3.6563,0.2069,1.3654,-0.8520,-104.16,141.96,-2293.48
3.6587,0.2128,1.3654,-0.8394,-102.97,142.87,-2293.48
3.6611,0.2186,1.3659,-0.8340,-101.57,144.41,-2293.48
3.6635,0.2220,1.3693,-0.8340,-100.52,145.81,-2293.48
3.6659,0.2284,1.3713,-0.8345,-99.47,146.93,-2293.48
3.6683,0.2347,1.3718,-0.8359,-98.42,148.96,-2293.48
3.6707,0.2342,1.3786,-0.8306,-97.23,150.64,-2293.48
3.6731,0.2352,1.3879,-0.8272,-96.88,151.69,-2293.48
3.6755,0.2406,1.3893,-0.8286,-96.39,153.37,-2293.48
3.6779,0.2372,1.3942,-0.8325,-95.76,155.40,-2293.48
3.6803,0.2323,1.3991,-0.8291,-95.76,155.96,-2293.48
3.6827,0.2377,1.3991,-0.8218,-95.90,157.15,-2293.48
3.6851,0.2411,1.4020,-0.8150,-95.48,158.83,-2293.48
3.6875,0.2381,1.4084,-0.8018,-95.97,160.02,-2293.48
3.6899,0.2381,1.4089,-0.7925,-96.81,160.58,-2293.48
3.6923,0.2435,1.4098,-0.7774,-96.88,161.63,-2293.48
3.6947,0.2396,1.4157,-0.7735,-97.23,164.08,-2293.48
3.6971,0.2318,1.4167,-0.7920,-98.35,164.15,-2293.48
3.6995,0.2342,1.4157,-0.8101,-98.63,164.57,-2293.48
3.7019,0.2313,1.4206,-0.8072,-99.40,166.11,-2293.48
3.7043,0.2235,1.4225,-0.7891,-100.94,166.11,-2293.48
3.7067,0.2259,1.4181,-0.7701,-101.99,165.90,-2293.48
3.7091,0.2255,1.4176,-0.7637,-102.76,166.32,-2293.48
3.7115,0.2157,1.4220,-0.7725,-104.02,166.04,-2293.48
3.7139,0.2103,1.4206,-0.7828,-105.70,164.99,-2293.48
3.7163,0.2133,1.4162,-0.7862,-106.96,164.36,-2293.48
3.7188,0.2084,1.4157,-0.7798,-108.15,164.15,-2293.48
3.7212,0.1991,1.4137,-0.7735,-109.62,162.54,-2293.48
3.7236,0.2040,1.4074,-0.7759,-110.81,161.07,-2293.48
3.7260,0.2054,1.4054,-0.7852,-111.37,160.86,-2293.48
3.7284,0.1986,1.4045,-0.7954,-112.35,159.32,-2293.48
3.7308,0.2006,1.3976,-0.7910,-113.40,157.29,-2293.48
3.7332,0.2006,1.3947,-0.7710,-113.68,156.38,-2293.48
3.7356,0.1937,1.3918,-0.7549,-114.31,154.63,-2293.48
3.7380,0.1942,1.3913,-0.7520,-114.66,152.67,-2293.48
3.7404,0.1913,1.3903,-0.7740,-114.87,151.62,-2293.48
3.7428,0.1864,1.3874,-0.7998,-114.73,149.10,-2293.48
3.7452,0.1947,1.3869,-0.8111,-114.94,147.14,-2293.48
3.7476,0.2006,1.3791,-0.7998,-115.29,145.95,-2293.48
3.7500,0.2011,1.3703,-0.7730,-114.31,144.76,-2293.48
3.7524,0.2030,1.3698,-0.7657,-113.40,143.36,-2293.48
3.7548,0.2098,1.3727,-0.7920,-112.91,142.10,-2293.48
3.7572,0.2147,1.3708,-0.8350,-111.86,141.89,-2293.48
3.7596,0.2113,1.3727,-0.8506,-110.18,140.98,-2293.48
3.7620,0.2137,1.3752,-0.8252,-110.25,139.72,-2293.48
3.7644,0.2220,1.3659,-0.7954,-109.62,139.44,-2293.48
3.7668,0.2279,1.3640,-0.7886,-107.38,139.58,-2293.48
3.7692,0.2298,1.3713,-0.7959,-106.40,139.65,-2293.48
3.7716,0.2328,1.3703,-0.8198,-106.12,139.72,-2293.48
3.7740,0.2381,1.3630,-0.8452,-104.30,140.42,-2293.48
3.7764,0.2420,1.3674,-0.8520,-102.06,141.75,-2293.48
3.7788,0.2396,1.3762,-0.8511,-101.50,142.66,-2293.48
3.7813,0.2455,1.3727,-0.8506,-100.87,142.87,-2293.48
3.7837,0.2552,1.3718,-0.8599,-98.70,145.18,-2293.48
3.7861,0.2523,1.3830,-0.8804,-97.51,146.93,-2293.48
3.7885,0.2533,1.3908,-0.9018,-96.95,147.35,-2293.48
3.7909,0.2640,1.3918,-0.9067,-96.04,149.52,-2293.48
3.7933,0.2640,1.3991,-0.8950,-94.85,152.60,-2293.48
3.7957,0.2572,1.4113,-0.8843,-94.99,154.07,-2293.48
3.7981,0.2582,1.4152,-0.9043,-94.85,155.61,-2293.48
3.8005,0.2528,1.4201,-0.9506,-94.22,158.55,-2293.48
3.8029,0.2362,1.4303,-0.9941,-94.64,159.95,-2293.48
3.8053,0.2255,1.4132,-1.0097,-95.62,160.58,-2293.48
3.8077,0.2001,1.3693,-1.0258,-97.44,161.49,-2293.48
3.8101,0.1698,1.3708,-1.0399,-98.28,163.45,-2293.48
3.8125,0.1449,1.3971,-1.1663,-103.53,159.88,-2293.48
3.8149,0.1566,1.2873,-1.1912,-109.27,156.59,-2293.48
3.8173,0.0761,1.2000,-1.2898,-108.64,163.80,-2293.48
3.8197,-0.0190,1.1073,-1.6016,-123.48,142.52,-2293.48
3.8221,0.1430,0.9555,-1.9979,-130.41,119.42,-2293.48
3.8245,0.2386,0.8472,-2.4351,-141.89,113.19,-2293.48
3.8269,0.3113,0.6407,-2.4615,-156.52,88.13,-2293.48
3.8293,0.6681,0.2733,-2.2853,-174.51,66.36,-2293.48
3.8317,1.0516,-0.4231,-2.5435,-196.35,41.65,-2293.48
3.8341,1.6338,-1.0272,-3.5722,-200.83,-14.14,-2293.48
3.8365,3.2320,-2.1409,-5.2377,-241.01,-112.42,-2293.48
3.8389,6.0034,-3.5819,-7.6455,-216.37,-220.57,-2293.48
3.8413,8.6069,-4.0519,-10.9424,-147.77,-347.83,-2293.48
3.8438,10.9649,-3.9445,-14.3306,-64.33,-559.37,-2293.48
3.8462,11.0688,-3.5317,-15.9303,98.98,-631.12,-2293.48
3.8486,9.6858,-2.4942,-15.9586,311.57,-736.96,-2292.99
3.8510,9.5633,-1.1531,-12.1429,372.19,-738.57,-2267.51
3.8534,8.2399,-1.3537,-5.9390,419.86,-537.53,-2223.90
3.8558,5.8311,-1.7441,-1.4947,652.19,-482.72,-2175.67
3.8582,5.1011,-0.5495,-0.5007,776.44,-452.69,-2142.63
3.8606,4.7048,-0.0717,-4.6350,661.36,-314.16,-2086.14
3.8630,4.0880,-0.1352,-10.3119,714.91,-295.19,-2038.47
3.8654,3.9016,1.6558,-11.3553,822.57,-212.38,-1980.51
3.8678,3.7635,3.7127,-6.6402,677.88,-229.95,-1925.28
3.8702,4.2695,2.7694,-2.4498,535.43,-121.10,-1882.93
3.8726,3.2984,1.5821,-1.8422,666.40,167.93,-1829.38
3.8750,1.0136,2.6498,-2.9280,658.21,179.34,-1786.68
3.8774,0.8433,2.3922,-4.1773,457.66,40.53,-1760.43
3.8798,1.6465,0.5178,-5.3543,447.79,191.59,-1724.80
3.8822,0.5876,0.2025,-4.2222,505.05,271.32,-1679.44
3.8846,-0.2176,0.5061,-0.9731,395.57,116.06,-1665.65
3.8870,1.0136,-0.9496,0.2552,273.14,60.97,-1653.75
3.8894,1.3049,-2.1462,-0.6373,350.21,214.83,-1623.86
3.8918,-0.0059,-1.4440,-2.0403,338.73,143.92,-1605.03
3.8942,0.5173,-1.3288,-2.9016,206.50,-29.19,-1593.34
3.8966,1.4806,-2.1818,-2.7377,209.51,74.55,-1567.51
3.8990,0.7803,-2.0179,-1.2454,251.79,90.16,-1543.85
3.9014,0.6051,-1.4723,0.7242,194.04,-18.41,-1537.13
3.9038,1.2932,-1.8490,0.9389,157.22,-32.20,-1527.82
3.9063,1.3430,-1.9081,-0.0044,217.91,29.47,-1510.67
3.9087,0.7178,-1.1453,-0.9170,206.71,9.17,-1496.67
3.9111,0.8701,-0.9482,-1.3913,140.77,-83.58,-1487.15
3.9135,1.4577,-1.1893,-1.0228,154.21,-52.92,-1472.73
3.9159,1.1122,-0.8237,0.0034,177.03,-13.86,-1460.83
3.9183,0.6656,-0.4656,0.7549,132.72,-69.86,-1458.52
3.9207,0.8808,-0.6271,0.5466,127.54,-96.04,-1456.21
3.9231,0.9209,-0.4807,0.0073,156.38,-58.03,-1448.44
3.9255,0.4807,-0.0917,-0.4358,130.41,-64.68,-1443.05
3.9279,0.4612,-0.1396,-0.5988,96.46,-120.89,-1440.46
3.9303,0.7559,-0.2142,-0.1532,116.20,-105.07,-1435.14
3.9327,0.5422,0.0381,0.4763,109.90,-79.31,-1430.59
3.9351,0.3196,0.0756,0.5890,77.63,-115.99,-1431.78
3.9375,0.4802,-0.0395,0.1566,82.81,-125.58,-1431.43
3.9399,0.4211,0.1347,-0.2621,84.28,-103.46,-1427.23
3.9423,0.1732,0.2869,-0.4128,53.90,-119.77,-1425.48
3.9447,0.1771,0.1991,-0.3401,39.20,-143.99,-1424.22
3.9471,0.2991,0.1801,0.0298,39.06,-140.14,-1421.98
3.9495,0.2216,0.2547,0.3318,22.40,-126.77,-1420.86
3.9519,0.0981,0.2216,0.2323,4.55,-143.92,-1421.77
3.9543,0.1781,0.1962,-0.0517,1.82,-152.95,-1421.77
3.9567,0.1664,0.2840,-0.2045,-10.15,-139.16,-1419.74
3.9591,0.0371,0.2933,-0.2206,-32.34,-148.12,-1419.11
3.9615,0.0712,0.2318,-0.1015,-42.07,-160.51,-1418.76
3.9639,0.1440,0.2518,0.1318,-49.91,-151.06,-1417.78
3.9663,0.0698,0.2777,0.1986,-66.85,-142.38,-1417.36
3.9688,0.0102,0.2469,0.0420,-79.73,-152.25,-1418.06
3.9712,0.0683,0.2533,-0.0947,-87.15,-152.18,-1417.71
3.9736,0.0566,0.2908,-0.0981,-102.48,-140.84,-1416.52
3.9760,-0.0020,0.2674,-0.0395,-118.16,-144.20,-1416.24
3.9784,0.0405,0.2396,0.0547,-126.63,-145.53,-1416.03
3.9808,0.0712,0.2655,0.1200,-137.06,-133.28,-1415.33
3.9832,0.0132,0.2752,0.0586,-151.48,-126.14,-1414.91
3.9856,-0.0054,0.2611,-0.0425,-161.07,-128.10,-1414.77
3.9880,0.0342,0.2723,-0.0464,-170.52,-121.66,-1414.07
3.9904,0.0220,0.2801,0.0200,-183.40,-111.16,-1413.09
3.9928,-0.0054,0.2630,0.0678,-193.62,-107.80,-1412.74
3.9952,0.0200,0.2635,0.0825,-200.97,-101.92,-1412.32
3.9976,0.0278,0.2830,0.0483,-210.91,-88.83,-1411.55
4.0000,-0.0112,0.2845,-0.0278,-220.99,-80.64,-1411.20
4.0024,-0.0137,0.2796,-0.0454,-228.41,-76.51,-1410.50
4.0048,0.0117,0.2865,0.0312,-236.18,-66.29,-1409.73
4.0072,0.0005,0.2855,0.1074,-244.58,-54.53,-1408.96
4.0096,-0.0142,0.2821,0.1069,-250.39,-46.55,-1408.61
4.0120,-0.0010,0.2948,0.0503,-255.78,-36.33,-1408.12
4.0144,-0.0044,0.3050,-0.0259,-262.43,-23.31,-1407.35
4.0168,-0.0254,0.2991,-0.0600,-267.96,-13.72,-1406.65
4.0192,-0.0205,0.2967,-0.0024,-271.81,-5.04,-1405.95
4.0216,-0.0068,0.3011,0.0991,-275.94,7.21,-1405.11
4.0240,-0.0151,0.3001,0.1357,-279.30,19.60,-1404.69
4.0264,-0.0224,0.3055,0.0766,-280.70,30.24,-1404.06
4.0288,-0.0151,0.3211,-0.0185,-282.73,42.14,-1403.22
4.0313,-0.0210,0.3250,-0.0825,-284.83,54.81,-1402.52
4.0337,-0.0312,0.3177,-0.0600,-285.60,65.17,-1401.68
4.0361,-0.0224,0.3157,0.0390,-285.46,75.60,-1401.12
4.0385,-0.0142,0.3167,0.1176,-284.90,88.27,-1400.56
4.0409,-0.0200,0.3187,0.0961,-283.01,100.66,-1400.07
4.0433,-0.0249,0.3314,-0.0029,-280.63,111.93,-1399.65
4.0457,-0.0234,0.3426,-0.0991,-278.60,123.48,-1398.88
4.0481,-0.0264,0.3387,-0.1220,-275.94,134.82,-1398.04
4.0505,-0.0283,0.3304,-0.0508,-272.09,144.90,-1397.34
4.0529,-0.0205,0.3284,0.0537,-267.75,155.33,-1396.85
4.0553,-0.0127,0.3289,0.0893,-262.57,166.95,-1396.64
4.0577,-0.0146,0.3353,0.0215,-256.34,177.87,-1396.29
4.0601,-0.0185,0.3465,-0.0947,-250.18,187.95,-1395.87
4.0625,-0.0181,0.3509,-0.1649,-244.09,197.40,-1395.31
4.0649,-0.0156,0.3470,-0.1342,-237.37,206.57,-1394.68
4.0673,-0.0107,0.3421,-0.0327,-229.53,214.97,-1394.47
4.0697,-0.0029,0.3406,0.0473,-221.13,223.86,-1394.19
4.0721,0.0024,0.3426,0.0337,-212.10,232.89,-1393.91
4.0745,0.0024,0.3514,-0.0620,-202.72,241.15,-1393.70
4.0769,0.0020,0.3606,-0.1630,-193.48,248.50,-1393.42
4.0793,0.0029,0.3621,-0.1903,-184.17,255.22,-1392.93
4.0817,0.0034,0.3572,-0.1235,-174.16,261.59,-1392.51
4.0841,0.0098,0.3533,-0.0239,-163.59,267.40,-1392.30
4.0865,0.0205,0.3543,0.0205,-152.39,273.14,-1392.37
4.0889,0.0249,0.3611,-0.0288,-140.91,278.95,-1392.23
4.0913,0.0200,0.3689,-0.1332,-129.57,283.43,-1392.09
4.0938,0.0171,0.3728,-0.2050,-118.58,286.79,-1392.02
4.0962,0.0205,0.3728,-0.1869,-107.45,289.80,-1391.81
4.0986,0.0220,0.3684,-0.0986,-95.76,292.25,-1391.74
4.1010,0.0254,0.3640,-0.0146,-83.65,294.00,-1391.74
4.1034,0.0332,0.3636,-0.0093,-71.33,295.61,-1391.88
4.1058,0.0351,0.3694,-0.0888,-59.08,297.01,-1392.09
4.1082,0.0293,0.3792,-0.1796,-47.11,297.22,-1392.16
4.1106,0.0327,0.3806,-0.2186,-35.77,296.03,-1392.16
4.1130,0.0332,0.3762,-0.1674,-24.36,295.82,-1391.88
4.1154,0.0366,0.3748,-0.0791,-12.39,292.95,-1392.23
4.1178,0.0498,0.3723,-0.0366,-0.91,292.25,-1392.44
4.1202,0.0444,0.3767,-0.0620,11.20,290.36,-1392.58
4.1226,0.0473,0.3845,-0.1537,22.26,286.23,-1392.72
4.1250,0.0537,0.3870,-0.2250,32.83,283.92,-1392.72
4.1274,0.0459,0.3870,-0.2298,43.26,280.21,-1392.79
4.1298,0.0454,0.3841,-0.1571,53.55,274.05,-1392.86
4.1322,0.0571,0.3831,-0.0747,63.77,268.94,-1393.21
4.1346,0.0644,0.3782,-0.0595,73.64,264.81,-1393.35
4.1370,0.0634,0.3738,-0.1186,83.93,258.58,-1393.77
4.1394,0.0786,0.3948,-0.2045,92.96,251.51,-1393.84
4.1418,0.0878,0.3963,-0.2806,98.28,246.05,-1393.42
4.1442,0.0659,0.3709,-0.2577,107.17,238.49,-1393.28
4.1466,0.0678,0.3743,-0.1606,115.50,228.76,-1393.70
4.1490,0.0825,0.3645,-0.0996,120.19,221.97,-1393.56
4.1514,0.0722,0.3221,-0.1318,126.70,214.41,-1393.84
4.1538,0.0659,0.3172,-0.2518,133.00,205.03,-1393.70
4.1563,0.0830,0.2860,-0.4041,132.79,194.32,-1393.70
4.1587,0.0708,0.1889,-0.5270,131.11,186.76,-1391.81
4.1611,0.0156,0.0605,-0.6222,127.89,174.79,-1390.06
4.1635,0.0307,-0.1742,-0.8008,112.49,156.45,-1386.00
4.1659,0.0673,-0.6852,-1.2942,86.03,139.72,-1378.30
4.1683,0.2621,-1.3840,-1.8656,67.83,98.63,-1366.47
4.1707,0.5846,-2.2263,-2.5591,18.69,69.09,-1345.82
4.1731,0.7398,-3.4731,-3.5639,-38.50,24.43,-1314.46
4.1755,1.1995,-4.7102,-4.7297,-108.71,-67.55,-1269.80
4.1779,1.6704,-4.6140,-6.8579,-217.35,-148.40,-1217.86
4.1803,2.4078,-3.7151,-9.2374,-381.08,-287.28,-1169.84
4.1827,3.5507,-3.3233,-7.9271,-429.24,-316.68,-1117.76
4.1851,3.9962,-2.5317,-2.5771,-408.03,-310.59,-1081.78
4.1875,3.6815,-1.6265,2.5913,-477.47,-343.42,-1061.55
4.1899,3.5448,-1.4845,3.6419,-478.80,-356.09,-1053.50
4.1923,3.0642,-0.8843,0.2928,-402.99,-261.24,-1034.67
4.1947,1.8246,0.2191,-4.2505,-438.20,-291.83,-1019.83
4.1971,1.9174,0.2679,-6.2728,-522.27,-397.39,-1002.68
4.1995,2.3385,-0.2084,-4.3578,-510.65,-329.21,-979.86
4.2019,1.7910,0.0264,0.1259,-505.26,-326.20,-965.44
4.2043,1.5099,0.2240,3.6332,-535.50,-356.93,-963.69
4.2067,1.5348,0.1952,2.8851,-507.15,-317.66,-960.47
4.2091,1.2659,0.7974,-0.8540,-464.03,-272.93,-948.50
4.2115,1.0687,1.4142,-4.7238,-443.80,-246.54,-929.53
4.2139,0.7774,1.3230,-6.0185,-557.76,-344.54,-892.43
4.2163,1.1122,1.4318,-4.5194,-380.59,-513.45,-866.39
4.2188,1.3039,3.3613,1.6338,-424.97,-262.92,-864.36
4.2212,1.3723,3.8254,2.8006,-586.67,-218.05,-868.28
4.2236,1.3693,3.9616,-1.0004,-390.04,-133.70,-831.95
4.2260,1.5836,5.6647,-6.3333,-168.98,-118.86,-808.01
4.2284,1.1912,7.7734,-10.6086,-34.37,-40.32,-717.01
4.2308,0.6110,8.3834,-9.4462,-132.16,-73.57,-689.78
4.2332,0.4582,6.7505,-6.3694,-128.24,-114.31,-616.00
4.2356,0.5636,4.8439,0.1083,16.59,-63.49,-618.80
4.2380,0.2616,3.8537,4.2368,116.48,135.80,-586.81
4.2404,-1.0819,3.2955,3.4955,6.23,4.41,-577.92
4.2428,-0.2572,1.9198,-0.9165,39.83,-41.65,-582.75
4.2452,-0.2347,1.8051,-4.0299,79.31,86.31,-548.94
4.2476,-0.9101,1.8925,-3.9479,49.77,16.10,-548.38
4.2500,-0.0390,1.3166,-0.8423,1.12,-10.29,-531.09
4.2524,0.2850,0.4163,2.7021,30.38,121.17,-530.81
4.2548,-0.4817,0.4543,3.4180,99.96,105.77,-528.01
4.2572,-0.5822,0.7203,1.5753,61.95,-0.91,-539.77
4.2596,0.0390,0.4982,-1.8886,66.71,7.49,-533.12
4.2620,0.0517,0.5119,-3.3848,70.07,67.06,-521.64
4.2644,-0.4616,0.5261,-2.2463,64.82,52.36,-515.83
4.2668,-0.3123,0.3587,0.6383,32.97,-37.24,-517.37
4.2692,0.4207,-0.0771,2.8655,58.24,8.96,-520.87
4.2716,0.0600,0.0434,2.5108,91.14,88.20,-519.96
4.2740,-0.4241,0.3177,0.0854,69.51,12.46,-526.75
4.2764,0.0234,0.2377,-2.2033,59.36,-1.61,-522.27
4.2788,0.0224,0.2401,-2.5532,68.18,49.42,-514.43
4.2813,-0.2747,0.2777,-0.9472,53.20,15.89,-511.77
4.2837,-0.0537,0.0698,1.3571,45.08,-13.09,-514.50
4.2861,0.2147,-0.1210,2.3117,65.38,14.91,-516.81
4.2885,0.0317,0.0039,1.2839,81.55,46.27,-518.21
4.2909,-0.2216,0.1752,-0.7788,67.69,16.38,-519.26
4.2933,-0.0434,0.1513,-2.0535,59.36,-2.87,-516.46
4.2957,0.0273,0.1288,-1.6250,62.37,23.31,-511.56
4.2981,-0.1342,0.1078,0.0161,53.97,9.24,-510.65
4.3005,-0.0161,-0.0288,1.5294,52.92,-9.94,-514.01
4.3029,0.1264,-0.0971,1.6314,67.48,11.76,-515.97
4.3053,-0.0342,0.0234,0.3489,73.71,26.81,-516.25
4.3077,-0.1752,0.1332,-1.1732,62.86,6.37,-515.34
4.3101,-0.0659,0.1147,-1.6787,56.42,-4.83,-512.54
4.3125,-0.0063,0.0693,-0.8638,55.09,6.79,-509.32
4.3149,-0.0693,0.0166,0.5422,52.50,0.49,-509.60
4.3173,0.0000,-0.0600,1.3488,54.67,-8.61,-512.68
4.3197,0.0732,-0.0625,0.9345,62.79,5.74,-514.08
4.3221,-0.0425,0.0356,-0.2616,63.35,12.60,-513.52
4.3245,-0.1103,0.1005,-1.2088,55.09,-3.78,-512.33
4.3269,-0.0278,0.0791,-1.1585,50.05,-9.17,-510.02
4.3293,0.0044,0.0288,-0.2338,48.93,-4.27,-508.41
4.3317,-0.0254,-0.0234,0.7686,49.35,-6.86,-509.32
4.3341,0.0015,-0.0547,0.9975,52.01,-9.24,-511.49
4.3365,0.0200,-0.0278,0.3157,55.02,-2.17,-511.84
4.3389,-0.0547,0.0429,-0.6486,52.78,-0.21,-510.72
4.3413,-0.0927,0.0805,-1.1043,45.99,-9.52,-509.11
4.3438,-0.0610,0.0181,-0.7286,38.78,-12.74,-507.22
4.3462,-0.0332,-0.0449,0.1767,41.51,-14.98,-506.10
4.3486,-0.0117,-0.0444,0.7383,41.09,-10.01,-507.29
4.3510,-0.0527,-0.0444,0.4953,37.73,-6.65,-507.50
4.3534,-0.0752,-0.0327,-0.2518,39.06,-11.48,-507.43
4.3558,-0.0678,0.0415,-0.9252,34.16,-8.54,-504.98
4.3582,-0.1113,0.0176,-0.8564,24.22,-11.69,-502.46
4.3606,-0.0839,-0.0532,-0.2747,23.59,-20.51,-501.62
4.3630,-0.0381,-0.0820,0.3889,20.44,-17.29,-499.94
4.3654,-0.0468,-0.0815,0.4948,25.69,-7.35,-501.69
4.3678,-0.1776,-0.0864,-0.1235,10.99,-4.34,-498.54
4.3702,-0.1820,-0.1440,-0.7608,15.19,-19.74,-498.19
4.3726,-0.1537,-0.1035,-1.0902,9.73,-1.61,-492.66
4.3750,-0.3338,-0.1371,-0.7388,-10.29,-12.11,-489.58
4.3774,-0.2962,-0.2967,-0.2552,-16.80,-23.73,-487.06
4.3798,-0.3411,-0.3880,0.0234,-22.33,-5.11,-480.90
4.3822,-0.4372,-0.4270,-0.4250,-30.87,-6.51,-477.82
4.3846,-0.5822,-0.5553,-1.1907,-49.35,7.07,-467.60
4.3870,-0.6695,-0.6520,-1.5962,-56.28,-12.53,-461.79
4.3894,-0.6076,-0.6988,-1.6919,-83.09,9.73,-447.79
4.3918,-0.7920,-0.8511,-1.4523,-98.70,19.53,-438.06
4.3942,-0.8999,-1.0370,-1.4337,-127.47,24.50,-423.78
4.3966,-0.8447,-1.1546,-1.6704,-138.04,35.42,-410.83
4.3990,-0.9008,-1.1629,-2.0989,-156.38,66.22,-394.03
4.4014,-1.0014,-1.2249,-2.5532,-182.56,73.57,-376.39
4.4038,-0.9994,-1.3030,-2.6323,-198.38,84.14,-358.33
4.4063,-1.0058,-1.4718,-2.2350,-221.06,91.84,-340.90
4.4087,-0.8721,-1.7256,-1.9627,-218.61,106.96,-323.75
4.4111,-0.7832,-1.7495,-1.8607,-219.59,124.53,-303.45
4.4135,-0.6564,-1.6870,-1.8237,-229.95,109.41,-290.08
4.4159,-0.3338,-1.6338,-2.0808,-248.29,114.94,-267.33
4.4183,-0.1557,-1.5021,-2.2033,-223.93,134.05,-253.19
4.4207,-0.1825,-1.3117,-1.8344,-224.07,135.73,-241.64
4.4231,0.0542,-1.2917,-1.4855,-224.56,108.36,-231.49
4.4255,0.5480,-1.3557,-1.7783,-191.10,143.15,-218.54
4.4279,0.4246,-1.0463,-2.1008,-165.83,179.97,-202.23
4.4303,0.3665,-0.9262,-2.2389,-177.66,133.63,-193.20
4.4327,0.7706,-1.1190,-2.2658,-147.98,139.65,-178.22
4.4351,0.8067,-1.0350,-1.9154,-110.39,163.10,-163.87
4.4375,0.7047,-0.9404,-1.9208,-96.95,143.64,-151.97
4.4399,0.8125,-1.0248,-2.1970,-79.80,116.90,-138.60
4.4423,0.9311,-1.0316,-2.3004,-45.36,115.64,-124.11
4.4447,0.7340,-0.9257,-2.2346,-29.54,114.17,-108.92
4.4471,0.5817,-0.9052,-1.9808,-17.64,73.22,-97.23
4.4495,0.6627,-0.9087,-1.7446,5.32,58.59,-85.82
4.4519,0.5470,-0.7496,-1.4913,24.64,53.48,-74.34
4.4543,0.3914,-0.5939,-1.2732,24.78,29.68,-66.29
4.4567,0.3841,-0.5758,-1.0975,31.22,9.59,-58.87
4.4591,0.3972,-0.4821,-0.8642,45.15,4.62,-52.15
4.4615,0.3094,-0.3245,-0.6515,44.66,5.81,-45.85
4.4639,0.2094,-0.2738,-0.5588,39.48,-10.08,-42.35
4.4663,0.2518,-0.2557,-0.6051,47.18,-18.62,-38.78
4.4688,0.2333,-0.1342,-0.5968,49.98,-12.04,-34.86
4.4712,0.1225,-0.0503,-0.5549,39.69,-21.84,-32.48
4.4736,0.1547,-0.0776,-0.4997,39.62,-34.93,-31.01
4.4760,0.1981,-0.0268,-0.3997,46.13,-28.21,-28.84
4.4784,0.1137,0.0532,-0.3577,37.87,-29.61,-27.58
4.4808,0.0932,0.0356,-0.4348,33.67,-41.37,-27.02
4.4832,0.1464,0.0459,-0.5036,37.52,-41.09,-25.55
4.4856,0.1015,0.1191,-0.4909,34.16,-37.52,-24.57
4.4880,0.0508,0.1371,-0.4465,26.11,-46.20,-24.29
4.4904,0.0737,0.1210,-0.4075,27.09,-49.84,-23.87
4.4928,0.0947,0.1576,-0.3967,27.44,-47.32,-23.31
4.4952,0.0551,0.1996,-0.4475,22.47,-44.52,-22.40
4.4976,0.0288,0.2045,-0.5407,19.74,-51.66,-22.96
4.5000,0.0732,0.2162,-0.5773,19.11,-52.64,-22.40
4.5024,0.0659,0.2484,-0.5583,15.61,-47.32,-21.84
4.5048,0.0337,0.2430,-0.6041,11.76,-50.54,-21.91
4.5072,0.0600,0.2367,-0.6510,12.32,-53.62,-20.86
4.5096,0.0620,0.2957,-0.6739,11.62,-46.90,-20.30
4.5120,0.0376,0.3426,-0.8076,8.33,-42.84,-19.81
4.5144,0.0039,0.3406,-1.0189,7.49,-36.33,-18.90
4.5168,-0.0454,0.4016,-1.1956,9.94,-36.75,-17.43
4.5192,-0.1030,0.4563,-1.1702,3.57,-34.72,-16.10
4.5216,-0.0527,0.4353,-1.2459,-3.22,-37.52,-15.68
4.5240,0.0005,0.4329,-1.5172,-1.47,-9.94,-12.95
4.5264,-0.2050,0.4939,-1.6006,-5.32,-1.96,-10.99
4.5288,-0.1591,0.5100,-1.6382,-13.93,-23.73,-11.20
4.5313,0.0078,0.4348,-1.5938,-15.33,8.12,-6.93
4.5337,-0.1810,0.4407,-1.4928,-9.94,20.44,-4.97
4.5361,-0.2089,0.4397,-1.4035,-16.45,0.63,-3.78
4.5385,-0.0517,0.3221,-1.3352,-15.47,13.79,-1.89
4.5409,-0.0956,0.2625,-1.2947,-10.64,26.67,0.91
4.5433,-0.1518,0.2381,-1.1727,-12.39,14.63,1.40
4.5457,-0.0561,0.1718,-1.0663,-12.18,8.96,2.45
4.5481,0.0098,0.1020,-0.9697,-8.47,17.01,3.78
4.5505,-0.0303,0.0825,-0.9389,-2.73,17.15,4.41
4.5529,-0.0181,0.0732,-0.9331,-3.08,5.60,4.69
4.5553,0.0693,0.0264,-0.9101,0.28,5.95,5.04
4.5577,0.0678,0.0063,-0.8774,4.41,10.64,5.95
4.5601,0.0473,0.0063,-0.8179,5.95,2.52,5.53
4.5625,0.0947,-0.0122,-0.7749,5.67,-0.84,5.32
4.5649,0.1205,-0.0346,-0.7764,8.19,0.98,4.97
4.5673,0.0961,-0.0351,-0.8213,9.17,0.00,4.62
4.5697,0.1005,-0.0381,-0.8862,7.49,-5.95,3.57
4.5721,0.1332,-0.0566,-0.9379,6.58,-5.39,3.01
4.5745,0.1166,-0.0664,-0.9545,6.16,-4.27,2.31
4.5769,0.0854,-0.0615,-0.9643,4.48,-6.79,1.40
4.5793,0.0742,-0.0610,-0.9819,3.01,-7.14,0.56
4.5817,0.0498,-0.0488,-1.0268,2.38,-4.69,-0.14
4.5841,0.0054,-0.0390,-1.0834,-0.14,-4.41,-0.77
4.5865,-0.0200,-0.0386,-1.1258,0.14,-4.69,-1.33
4.5889,-0.0420,-0.0268,-1.1161,-0.35,-2.66,-1.47
4.5913,-0.0654,-0.0098,-1.0653,-0.98,-2.24,-1.68
4.5938,-0.0737,0.0029,-1.0106,-1.26,-1.68,-1.82
4.5962,-0.0688,0.0190,-0.9745,-0.49,-1.47,-1.89
4.5986,-0.0556,0.0395,-0.9667,-1.05,-0.84,-1.68
4.6010,-0.0351,0.0503,-0.9706,-1.12,-0.98,-1.47
4.6034,-0.0122,0.0586,-0.9614,-0.91,-0.77,-1.12
4.6058,0.0117,0.0659,-0.9296,-0.70,-1.12,-0.84
4.6082,0.0381,0.0678,-0.9096,-0.56,-1.12,-0.56
4.6106,0.0517,0.0664,-0.9194,0.35,-1.12,-0.35
4.6130,0.0556,0.0688,-0.9589,0.91,-1.26,-0.28
4.6154,0.0547,0.0683,-1.0067,0.98,-1.33,-0.21
4.6178,0.0478,0.0595,-1.0375,1.05,-1.54,-0.14
4.6202,0.0361,0.0517,-1.0404,1.33,-2.10,-0.28
4.6226,0.0249,0.0434,-1.0287,1.33,-2.59,-0.35
4.6250,0.0117,0.0288,-1.0189,1.19,-2.59,-0.56
4.6274,0.0000,0.0181,-1.0136,1.19,-3.08,-0.70
4.6298,-0.0059,0.0127,-1.0077,0.98,-3.29,-0.77
4.6322,-0.0093,0.0098,-0.9984,0.63,-2.94,-0.70
4.6346,-0.0083,0.0093,-0.9853,0.63,-2.73,-0.70
4.6370,-0.0020,0.0122,-0.9667,0.49,-2.31,-0.70
4.6394,0.0005,0.0190,-0.9540,0.21,-1.75,-0.49
4.6418,0.0054,0.0278,-0.9570,0.14,-1.68,-0.56
4.6442,0.0122,0.0376,-0.9677,0.14,-1.33,-0.49
4.6466,0.0137,0.0449,-0.9858,0.28,-1.33,-0.63
4.6490,0.0171,0.0488,-1.0024,0.21,-1.33,-0.56
4.6514,0.0205,0.0483,-1.0077,0.35,-1.40,-0.63
4.6538,0.0234,0.0468,-1.0067,0.42,-1.75,-0.70
4.6563,0.0244,0.0444,-1.0019,0.63,-1.96,-0.77
4.6587,0.0210,0.0395,-0.9955,0.70,-2.24,-0.77
